{"type":"FeatureCollection","features":[{"type":"Feature","properties":{"adm1_name":"Banteay Meanchey","adm1_name1":null,"adm1_name2":null,"adm1_name3":null,"adm1_pcode":"KH01","adm0_name":"Cambodia","adm0_name1":null,"adm0_name2":null,"adm0_name3":null,"adm0_pcode":"KH","valid_on":"2018-10-04","valid_to":null,"area_sqkm":6145.93419218,"version":"v01","lang":"en","lang1":null,"lang2":null,"lang3":null,"adm1_ref_name":"Banteay Meanchey","center_lat":13.80471802,"center_lon":103.08048536},"geometry":{"type":"MultiPolygon","coordinates":[[[[103.41949462900004,13.736877441000104],[103.42248535200014,13.733703613000046],[103.4216918950001,13.729492187000119],[103.42492675800014,13.727478027000132],[103.42767334000001,13.724914551000097],[103.42431640600012,13.722900391000053],[103.42089843700018,13.722900391000053],[103.42211914100011,13.718688965000126],[103.42309570300012,13.715881348000096],[103.42132568400012,13.712707520000038],[103.4216918950001,13.708679199000073],[103.42449951200018,13.706481934000067],[103.42852783200004,13.70507812500017],[103.43011474600007,13.700500488000046],[103.43231201200012,13.696472168000184],[103.43450927700013,13.694519043000128],[103.43792724600007,13.693481445000089],[103.43927002000015,13.69030761700003],[103.43768310500019,13.68688964800009],[103.43511962900004,13.684875488000046],[103.4329223630001,13.681884766000053],[103.4281005860002,13.679870605000133],[103.42327880900012,13.677917480000076],[103.42132568400012,13.67468261700003],[103.41772460900012,13.672729491999974],[103.41351318400012,13.672119141000053],[103.41351318400012,13.668090820000032],[103.4093017580002,13.665527344000054],[103.40649414100011,13.663696288999972],[103.40612793000014,13.659301758000083],[103.40332031200018,13.657287598000039],[103.40087890600012,13.655090332000157],[103.40167236300016,13.651489258000083],[103.39929199200009,13.64929199200003],[103.39648437500006,13.646118164000143],[103.39831543000014,13.642272949000017],[103.40228271500018,13.641723633000083],[103.40472412100007,13.639709473000039],[103.40509033200004,13.635681152000075],[103.40771484400017,13.633483887000068],[103.405273437,13.631713866999974],[103.40051269500009,13.633300781],[103.39727783200004,13.63311767600004],[103.39550781200018,13.63031005900018],[103.3963012700001,13.625671387000068],[103.39392089800015,13.623107910000158],[103.39031982400007,13.622314453000115],[103.39172363300014,13.619689941000047],[103.3948974610002,13.618103027000018],[103.39788818400012,13.615295410000158],[103.39807128900009,13.6121215820001],[103.39532470700004,13.60931396500007],[103.39910888700012,13.607910156000173],[103.40167236300016,13.6121215820001],[103.40710449200009,13.611694336000085],[103.40850830100015,13.608703612999989],[103.40710449200009,13.604492187000062],[103.410888672,13.603088379000098],[103.41412353500004,13.601074219000054],[103.41491699200009,13.597290039000143],[103.41290283200004,13.594299316000047],[103.40850830100015,13.593872070000032],[103.40429687500006,13.591491699000187],[103.40472412100007,13.588073730000076],[103.40771484400017,13.587524414000086],[103.4105224610002,13.585693359],[103.41229248000019,13.58331298800016],[103.40808105500014,13.582519531000173],[103.40808105500014,13.578674316000047],[103.4119262700001,13.57647705100004],[103.41632080100015,13.579101562000062],[103.41528320300012,13.574279785000158],[103.41308593700018,13.5711059570001],[103.40911865200013,13.570678711000085],[103.40588378900009,13.570678711000085],[103.40307617200006,13.569274902000018],[103.40570068400012,13.567077637000011],[103.40850830100015,13.566528320000145],[103.40667724600007,13.563476562000062],[103.4093017580002,13.561523437],[103.41369628900009,13.561889648000033],[103.41430664100011,13.559082031000173],[103.4119262700001,13.55609130900018],[103.41027832000015,13.551513672000056],[103.41412353500004,13.548889160000158],[103.41650390600012,13.545898437000062],[103.41790771500018,13.543090819999975],[103.41528320300012,13.540527344000168],[103.41650390600012,13.536682129000042],[103.41510009800015,13.533691406000173],[103.41772460900012,13.530517578000115],[103.41369628900009,13.528930664000086],[103.41369628900009,13.524902344000168],[103.41290283200004,13.52069091800007],[103.41027832000015,13.51812744100016],[103.40710449200009,13.517089844],[103.40551757800006,13.513671875000114],[103.40692138700012,13.510925293000014],[103.4093017580002,13.509277344],[103.41070556600016,13.506713867000087],[103.40972900400016,13.503295897999976],[103.41210937500006,13.500671387000182],[103.40789794900013,13.499084473000153],[103.40710449200009,13.494873047000056],[103.4039306640002,13.497924805000139],[103.40252685500013,13.493530273000147],[103.40350341800001,13.489318848000096],[103.40130615200013,13.486694336000028],[103.40228271500018,13.483703613000102],[103.40252685500013,13.479309082000043],[103.40032959000013,13.47570800799997],[103.40307617200006,13.471496582000043],[103.40692138700012,13.470275879000042],[103.41107177700019,13.46789550799997],[103.4138793950001,13.465698242000087],[103.41290283200004,13.461914062000176],[103.40911865200013,13.45867919900013],[103.40649414100011,13.456726074000073],[103.4039306640002,13.453491211000028],[103.4027099610002,13.449707031000116],[103.40209960900012,13.445678711000028],[103.4014892580002,13.440917969000111],[103.40069580100015,13.435729980000133],[103.39788818400012,13.431518555000082],[103.39587402299998,13.427673340000183],[103.39410400399998,13.423889160000044],[103.39392089800015,13.41870117200017],[103.39447021500018,13.413696289000029],[103.39727783200004,13.411071777000132],[103.40051269500009,13.408508301000097],[103.4027099610002,13.405090332000043],[103.40307617200006,13.401123047000112],[103.40692138700012,13.397888184000067],[103.40911865200013,13.393493652000075],[103.41009521500018,13.390686035000044],[103.41168212900004,13.388122559000067],[103.41229248000019,13.38391113300014],[103.4119262700001,13.379272461000028],[103.4138793950001,13.375915527000075],[103.41491699200009,13.371520996000186],[103.4160766600001,13.36828613300014],[103.41412353500004,13.364685059000067],[103.4093017580002,13.363708496000186],[103.40551757800006,13.363098145000038],[103.40228271500018,13.362487793000184],[103.39892578100006,13.361694336000141],[103.39550781200018,13.358520508000083],[103.39208984400017,13.36047363300014],[103.38787841800007,13.363525391000053],[103.38549804700017,13.36608886700003],[103.38250732400007,13.36853027300009],[103.37847900400004,13.370910645000038],[103.37451171900011,13.373107910000044],[103.37030029300018,13.374511719000111],[103.36669921900011,13.37670898400006],[103.36248779300018,13.37829589800009],[103.3577270510001,13.379882812000119],[103.35272216800018,13.381286621000015],[103.34771728500004,13.380310059000067],[103.34289550800014,13.380310059000067],[103.33911132800006,13.380126953000172],[103.33447265600012,13.380493164000029],[103.33032226600005,13.380493164000029],[103.32629394500009,13.380676270000095],[103.3233032230001,13.380920410000044],[103.32031250000017,13.381286621000015],[103.3167114260001,13.38330078100006],[103.3142700200001,13.38171386700003],[103.3098754880001,13.381530762000068],[103.30651855500008,13.38171386700003],[103.30267334000013,13.381896973000096],[103.29907226600011,13.382324219000111],[103.29449462900016,13.383117676000097],[103.29071044900002,13.384277344000111],[103.28692627000004,13.38549804700017],[103.28332519500003,13.386474609000118],[103.27868652300009,13.386901855000133],[103.27368164100005,13.386474609000118],[103.26751709000007,13.385681152000132],[103.26251220700016,13.383728027000075],[103.25750732400019,13.384094238000102],[103.25347900400016,13.385681152000132],[103.24871826200007,13.38452148400006],[103.24328613300008,13.384887695000089],[103.23870849600013,13.38549804700017],[103.23492431600005,13.385681152000132],[103.23028564500004,13.386291504000155],[103.22711181600005,13.38671875000017],[103.22271728500016,13.387084960999971],[103.21691894500003,13.387329102000024],[103.21392822299998,13.389709473000096],[103.21069335900006,13.391723633000083],[103.20709228500016,13.392517090000126],[103.20312500000011,13.393310547000112],[103.198730469,13.39392089800009],[103.19531250000011,13.395690918000184],[103.193115234,13.397521973000096],[103.19049072300004,13.39868164100011],[103.18688964800003,13.400695801000154],[103.185302734,13.405517578],[103.18212890600017,13.408325195000089],[103.17871093700006,13.410095215000126],[103.17407226600005,13.411071777000132],[103.168518066,13.411071777000132],[103.16528320300017,13.410278320000089],[103.16247558600008,13.407470703000058],[103.15972900400004,13.405700684000067],[103.15649414100017,13.403503418000184],[103.15350341800007,13.405700684000067],[103.15148925800003,13.407897949000073],[103.14971923800016,13.411315918000184],[103.14672851600017,13.411926270000038],[103.14251709000001,13.411926270000038],[103.13952636700009,13.411926270000038],[103.13592529300007,13.411682128999985],[103.13208007800012,13.411499023000147],[103.12768554700006,13.411499023000147],[103.1243286130001,13.411682128999985],[103.11950683600003,13.410095215000126],[103.11608886700014,13.409729004000155],[103.11291503900009,13.410705566000104],[103.11151123000019,13.406677246000072],[103.10827636700014,13.405700684000067],[103.10528564500015,13.404724121000186],[103.1019287110002,13.404113770000038],[103.09808349600013,13.406311035000044],[103.09588623000019,13.401672363000102],[103.09350585900017,13.399475098000096],[103.09051513700012,13.398498535000044],[103.08673095700004,13.398315430000082],[103.0833129880001,13.397888184000067],[103.07971191400009,13.39892578100006],[103.07629394500015,13.397277832000043],[103.07092285200008,13.395874023000147],[103.06591796900017,13.394470215000183],[103.06048584000018,13.393127441000104],[103.0557250980001,13.392272949000073],[103.05151367200017,13.392272949000073],[103.04809570300006,13.391906738000046],[103.04412841800018,13.391906738000046],[103.0410766600001,13.394287109000118],[103.03851318400007,13.396118164000029],[103.0355224610002,13.397521973000096],[103.03228759800015,13.396911621000186],[103.0291137700001,13.395507812000119],[103.02410888700012,13.394104004000155],[103.02008056600016,13.393493652000075],[103.01751709000013,13.392089844000111],[103.01550293000014,13.388916016000053],[103.0133056640002,13.385070801000154],[103.00970459000013,13.382507324000073],[103.00469970700004,13.381286621000015],[103.00390625000017,13.378112793000128],[103.00109863300014,13.375671387000125],[102.99749755900007,13.377319336000141],[102.99609375,13.379882812000119],[102.99151611300005,13.381103516000053],[102.98809814500004,13.37890625000017],[102.98687744100016,13.37609863300014],[102.98431396500013,13.361083984000118],[102.9246826170002,13.36547851600011],[102.92150878900014,13.36547851600011],[102.92028808600014,13.368103027000075],[102.86010742200006,13.387878418000184],[102.84930419900019,13.382690430000082],[102.8162841800002,13.391723633000083],[102.77069091800007,13.404296875],[102.74572753900003,13.411682128999985],[102.7415161130001,13.41088867200017],[102.73828125000006,13.408874512000125],[102.73571777300015,13.407470703000058],[102.73229980500014,13.406311035000044],[102.72827148400017,13.405517578],[102.72448730500014,13.403930663999972],[102.71948242200006,13.40148925800014],[102.71569824200009,13.399719238000046],[102.71307373000019,13.398071289000029],[102.71032714800015,13.396118164000029],[102.70727539100017,13.394287109000118],[102.70471191400003,13.392700195000089],[102.70111084000018,13.390502930000082],[102.69647216800007,13.387512206999986],[102.69171142600015,13.383483887000125],[102.68811035200008,13.380920410000044],[102.6875,13.401672363000102],[102.6875,13.412475586000028],[102.6873168950001,13.430725098000096],[102.6873168950001,13.446899414000029],[102.6873168950001,13.461120605000133],[102.68707275400004,13.467102051000154],[102.68688964800015,13.479492187000176],[102.59472656200012,13.478515625000057],[102.51672363300003,13.477722168000184],[102.49652099600013,13.477478027000132],[102.4636840820001,13.47711181600016],[102.42028808600008,13.478515625000057],[102.39050293000014,13.476501465000183],[102.35729980500014,13.47570800799997],[102.35729980500014,13.479492187000176],[102.35968017599998,13.483093262000182],[102.36108398400017,13.48748779300007],[102.36187744100016,13.49188232400013],[102.3616943360002,13.496093750000057],[102.36151123000013,13.49969482400013],[102.36071777300015,13.502685547000056],[102.36291503900003,13.505676270000151],[102.3604736330002,13.507690429999968],[102.3587036130001,13.510498047000056],[102.35729980500014,13.513671875000114],[102.35467529300007,13.516113281000116],[102.3519287110002,13.519287109000174],[102.34948730500014,13.523498535000101],[102.34710693400012,13.527099609000174],[102.34472656200012,13.530700684000124],[102.34051513700012,13.532714844000168],[102.33691406200018,13.534912109000174],[102.33489990200013,13.5379028320001],[102.33489990200013,13.541503906000116],[102.33673095699999,13.545471191000047],[102.33728027300015,13.549499512000182],[102.33831787100002,13.55267334000007],[102.33868408200004,13.555908203000115],[102.34130859400011,13.559326172000056],[102.34429931600016,13.56072998000019],[102.34729003900009,13.56170654300007],[102.35107421900017,13.562500000000114],[102.35449218700018,13.563720703000115],[102.35809326200012,13.565673828000172],[102.35913085900012,13.569702148000033],[102.36187744100016,13.572875977000024],[102.36450195300006,13.57611084000007],[102.36853027300015,13.577514648000033],[102.37249755900012,13.575927734000174],[102.37591552700013,13.577514648000033],[102.37927246100008,13.57550048800016],[102.38311767600015,13.572692871000129],[102.38690185500019,13.571899414000086],[102.38952636700009,13.57049560500002],[102.39129638700018,13.567871094000054],[102.39447021500007,13.567504883000026],[102.39868164100017,13.567077637000011],[102.40228271500001,13.567687987999989],[102.40551757800006,13.56829834000007],[102.4093017580002,13.567504883000026],[102.41210937500006,13.568725586000028],[102.41528320300012,13.570129395000095],[102.41931152299998,13.570922852000137],[102.42431640600012,13.56951904300007],[102.42730712900004,13.567077637000011],[102.42968750000011,13.564880371000129],[102.43249511700014,13.562072754000098],[102.43591308600003,13.561279297000056],[102.43872070300012,13.560302734000174],[102.4412841800002,13.56170654300007],[102.4448852540001,13.562316895000151],[102.45050048800016,13.561523437],[102.45349121100008,13.562500000000114],[102.45648193400018,13.562683105000076],[102.45971679700006,13.562683105000076],[102.46350097700014,13.565307617000144],[102.46710205100004,13.565917969],[102.47113037100007,13.56610107400013],[102.47491455100004,13.567687987999989],[102.47692871100008,13.570129395000095],[102.47991943400018,13.571716309000124],[102.48370361300016,13.5711059570001],[102.48767089800009,13.571472168000128],[102.49127197300004,13.571716309000124],[102.49487304700011,13.570312500000057],[102.49932861300016,13.57049560500002],[102.50372314500015,13.570129395000095],[102.50732421900005,13.568725586000028],[102.51031494100005,13.568481445000032],[102.51391601600017,13.568725586000028],[102.51849365200002,13.567871094000054],[102.52172851600017,13.566894531000173],[102.52532959000007,13.565307617000144],[102.52947998000008,13.566284180000025],[102.53527832000003,13.567077637000011],[102.53967285200002,13.569091797000056],[102.54211425800008,13.571472168000128],[102.5444946290001,13.573303222999982],[102.54632568400018,13.57550048800016],[102.54949951200007,13.576721191],[102.5532836910001,13.575683594000054],[102.55609130900007,13.578125],[102.55950927700007,13.5789184570001],[102.56250000000017,13.579284668000128],[102.56488037100019,13.582702637000011],[102.56829834000013,13.584472656],[102.57012939499998,13.5867309570001],[102.56970214800009,13.590270996000129],[102.57049560500008,13.594726562000062],[102.57330322300004,13.597290039000143],[102.57330322300004,13.600524902000188],[102.57489013700007,13.603698730000076],[102.57769775400016,13.604675293000128],[102.58087158199999,13.606079102000024],[102.58367919900007,13.606689453000172],[102.58789062500017,13.607482910000158],[102.59191894500003,13.607299805000025],[102.59472656200012,13.60827636700003],[102.5985107420002,13.60772705100004],[102.60290527300009,13.60711669900013],[102.60729980500008,13.606506348000039],[102.61132812500017,13.605712891000167],[102.61431884800004,13.608093262000068],[102.61853027300009,13.607910156000173],[102.62170410200008,13.60827636700003],[102.62609863300014,13.607299805000025],[102.62347412100007,13.610717773000033],[102.62152099600019,13.612915039000143],[102.61712646500013,13.613708496000129],[102.61370849600019,13.615112305000025],[102.61090087900016,13.616271973000039],[102.60668945300006,13.61712646500007],[102.60308837900016,13.619689941000047],[102.60052490200007,13.62249755900018],[102.5963134770002,13.623107910000158],[102.5933227540001,13.625915527000188],[102.59008789100005,13.625488281],[102.58752441400014,13.628723145000151],[102.58410644500003,13.629699707000157],[102.58148193400007,13.628479004000098],[102.57751464800009,13.629699707000157],[102.57373046900005,13.632324219000054],[102.57208252000004,13.635498047000112],[102.5709228520002,13.638916016],[102.57067871100014,13.641906738000046],[102.56811523400006,13.644714355000076],[102.56488037100019,13.64587402300009],[102.56152343700006,13.648315430000025],[102.55810546900005,13.64929199200003],[102.5562744140002,13.652282715000126],[102.55212402300003,13.656127930000025],[102.54888915999999,13.659729004000098],[102.55072021500007,13.66351318400001],[102.5532836910001,13.66790771500007],[102.55609130900007,13.67132568400018],[102.55871582000003,13.675903320000032],[102.56072998000008,13.679504395000038],[102.5631103520002,13.683898926000097],[102.5667114260001,13.687072754000155],[102.56848144500009,13.69030761700003],[102.57110595700016,13.69189453100006],[102.57470703100006,13.692504883000083],[102.57751464800009,13.694885254000155],[102.5786743160001,13.698486328],[102.58148193400007,13.700683594000111],[102.58532714800009,13.702880859000118],[102.58929443400007,13.704895020000038],[102.59167480500008,13.707092285000044],[102.59490966800013,13.707702637000068],[102.59912109400005,13.70727539100011],[102.63470459000013,13.726501465000126],[102.65570068400007,13.737487793000184],[102.65930175800014,13.739501953000058],[102.66430664100011,13.742126465000126],[102.67492675800014,13.747680664000029],[102.6793212890002,13.749877930000139],[102.68450927700013,13.75109863300014],[102.68872070300006,13.752075195000089],[102.69250488300014,13.754882812000176],[102.69512939500004,13.756896973000096],[102.69787597700014,13.75891113300014],[102.70251464800015,13.762329102000024],[102.70550537100007,13.764709473000096],[102.71087646500018,13.769714355000133],[102.71350097700008,13.77209472700008],[102.71649169900013,13.774108887000125],[102.72149658200004,13.774108887000125],[102.7257080080002,13.77368164100011],[102.73211669900007,13.775695801000154],[102.73291015600012,13.78149414100011],[102.73132324200009,13.78588867200017],[102.72747802700019,13.787475586000028],[102.72387695300012,13.790527344000111],[102.72332763700012,13.793273925999983],[102.72747802700019,13.80047607400013],[102.73309326200018,13.80969238299997],[102.73468017600004,13.812072754000042],[102.74169921900017,13.823486328000115],[102.74627685500019,13.831115723000096],[102.7498779300002,13.835876465000013],[102.75610351600017,13.846679687],[102.76629638700018,13.856506348000153],[102.78289794900013,13.93292236300016],[102.79309081999997,13.937683105000076],[102.79827880900018,13.942321777000188],[102.80389404300007,13.944091797000056],[102.80767822300004,13.948303223000039],[102.80950927700019,13.95111084000007],[102.811523437,13.9539184570001],[102.81347656200006,13.958312987999989],[102.81567382800017,13.965515137000011],[102.84967040999999,13.986877441000104],[102.86529541000016,14.002685547000112],[102.86932373000008,14.004516602000024],[102.87310791000016,14.003479004000155],[102.8765258790001,14.00329589800009],[102.88012695300012,14.004272461000141],[102.88189697300004,14.007324219000054],[102.88427734400011,14.009887695000032],[102.88751220700016,14.010070801000097],[102.89050293000003,14.008911133000083],[102.8941040040001,14.007873535000044],[102.89648437500017,14.010070801000097],[102.89910888700007,14.012695312000119],[102.90167236300005,14.015686035000044],[102.9061279300002,14.016723633000083],[102.91070556600005,14.017089844000111],[102.90948486300005,14.021301270000038],[102.90832519500003,14.02532959000007],[102.90728759800004,14.028930664000143],[102.90472412100013,14.031311034999987],[102.9028930660001,14.03491210900006],[102.90368652300009,14.040100098000039],[102.90087890600006,14.043884277000075],[102.8994750980001,14.048889160000044],[102.89770507800017,14.053894043000184],[102.89910888700007,14.056884766000053],[102.8992919920002,14.060729980000076],[102.90032959000007,14.064086914000029],[102.90167236300005,14.066711426000097],[102.90167236300005,14.069885254000155],[102.90148925800008,14.073730469000054],[102.90130615200007,14.078918457000157],[102.90148925800008,14.083312988000046],[102.90429687500017,14.087890625],[102.90570068400001,14.091308594000111],[102.90832519500003,14.095275878999985],[102.91168212900016,14.096130371000186],[102.91412353500016,14.09790039100011],[102.91711425800008,14.100280762000125],[102.91992187500011,14.103698730000133],[102.92327880900007,14.107116699000073],[102.924316406,14.11132812500017],[102.92407226600005,14.11547851600011],[102.92407226600005,14.120910645000038],[102.924316406,14.124084473000096],[102.92388916000004,14.127319335999971],[102.92492675800008,14.13110351600011],[102.9273071290001,14.135070800999983],[102.93072509800004,14.137878418000014],[102.93371582000003,14.140502930000139],[102.93670654300013,14.143127441000104],[102.93927002000004,14.146301270000095],[102.94067382800006,14.149719238000102],[102.94091796900005,14.15289306600016],[102.93988037100019,14.155883789000086],[102.93890380900007,14.158691406000116],[102.93731689500004,14.16229248000019],[102.93652343700012,14.166870117000144],[102.93469238300014,14.170898437000176],[102.93292236300005,14.173706055000139],[102.93048095699999,14.176696777000132],[102.93328857400007,14.17987060500019],[102.93750000000017,14.182922363000102],[102.94067382800006,14.186279297000056],[102.9404907230001,14.190307617000087],[102.9390869140002,14.194702147999976],[102.94207763700012,14.197326660000101],[102.94549560500013,14.198486328000115],[102.94873046900005,14.196899414000086],[102.95312500000017,14.196289062],[102.95672607400019,14.197692871000072],[102.95568847700008,14.201110840000183],[102.95349121100014,14.203491211000028],[102.95190429700011,14.206115723000153],[102.95489502000004,14.20867919900013],[102.95947265600006,14.210327148000147],[102.96209716800018,14.211914062000176],[102.96508789100011,14.21209716800007],[102.96789550800014,14.21087646500007],[102.97113037100019,14.210510254000042],[102.97430419900007,14.211486816],[102.9788818360002,14.21307373000002],[102.9837036130001,14.214294434000124],[102.98767089800015,14.214477539000086],[102.99047851600011,14.213317871000072],[102.99328613300014,14.214111328000115],[102.99627685500013,14.213928223000153],[103.00012207000009,14.215087891000167],[103.0042724610002,14.220520020000095],[103.00708007800006,14.222290039000086],[103.01049804700017,14.225280762000182],[103.0120849610002,14.228271484],[103.01428222700008,14.231323242000087],[103.01831054700017,14.230895996000129],[103.02270507800006,14.2293090820001],[103.02508544900007,14.232482910000158],[103.02868652300015,14.235473633000026],[103.03247070300012,14.238708496000072],[103.03228759800015,14.243896484000174],[103.03167724600007,14.247070312000062],[103.03192138700012,14.25030517600004],[103.07611084000018,14.163513184000124],[103.076904297,14.159729004000155],[103.07952880900012,14.155273437],[103.08050537100007,14.149719238000102],[103.08148193400012,14.14508056600016],[103.08270263700018,14.14111328100006],[103.08569335900017,14.138671875000057],[103.08947753900009,14.13549804700017],[103.09332275400004,14.132080078000058],[103.09729003900009,14.130310059000067],[103.09991455100015,14.126892090000183],[103.1019287110002,14.124511719000111],[103.10528564500015,14.122070312000176],[103.10931396500018,14.11968994100016],[103.11132812500006,14.116271973000153],[103.11492919900013,14.11572265600006],[103.1182861330002,14.114501953000058],[103.12072753900009,14.112304687000119],[103.1243286130001,14.11010742200017],[103.12731933600003,14.11047363299997],[103.13049316400009,14.11187744100016],[103.13427734400005,14.11132812500017],[103.13891601600017,14.109497070000089],[103.14312744100016,14.108703613000102],[103.14550781200006,14.11071777300009],[103.14892578100012,14.11132812500017],[103.15191650400004,14.11187744100016],[103.15447998000008,14.109924316000104],[103.1580810550002,14.108703613000102],[103.16107177700002,14.111511230000133],[103.16430664100017,14.112121581999986],[103.16809082000003,14.111083984000118],[103.17187500000011,14.10913085900006],[103.17529296900005,14.106872559000124],[103.17907714800009,14.106506348000096],[103.18310546900005,14.106689453000058],[103.18609619100005,14.106872559000124],[103.19030761700014,14.107116699000073],[103.19409179700011,14.10852050800014],[103.1978759770002,14.108703613000102],[103.20349121100008,14.107727051000097],[103.20709228500016,14.10913085900006],[103.21032714800003,14.109313965000126],[103.21008300800008,14.105712891000053],[103.20892334000007,14.102111816000104],[103.20770263700007,14.09790039100011],[103.20629882800017,14.093505859000118],[103.20507812500011,14.09069824200003],[103.20330810500008,14.087524413999972],[103.20031738300003,14.083679199000073],[103.20129394500003,14.079711914000029],[103.2014770510001,14.076293945000089],[103.20050048799999,14.07287597700008],[103.20031738300003,14.068725586000141],[103.19769287100013,14.064086914000029],[103.19427490200007,14.060913086000141],[103.19207763700007,14.058898926000097],[103.18951416000016,14.05749511700003],[103.18688964800003,14.054504395000038],[103.18688964800003,14.050476074000073],[103.18927002000004,14.04748535200008],[103.19189453100017,14.045104980000076],[103.19451904300007,14.04187011700003],[103.19567871100014,14.039123534999987],[103.19567871100014,14.036071777000075],[103.19470214800003,14.031921387000068],[103.19390869100005,14.02709960900006],[103.19287109400005,14.023315430000025],[103.19128418000003,14.020324707000157],[103.18951416000016,14.017272949000073],[103.18792724600013,14.014526366999974],[103.18688964800003,14.011291504000098],[103.18371581999997,14.008300781],[103.18011474600013,14.00531005900001],[103.17547607400019,14.002502441000047],[103.17150878900009,14.000915527000018],[103.17047119100005,13.996887207000157],[103.17108154300013,13.993713379000098],[103.18109130900018,13.977294922000112],[103.19189453100017,13.96069335900006],[103.19812011700014,13.949890137000068],[103.20172119100005,13.942321777000188],[103.20410156200006,13.93927001999998],[103.20727539100005,13.944885254000098],[103.21270752000015,13.948120117000144],[103.21887207000003,13.95007324200003],[103.23809814500004,13.950927734000174],[103.24407959000013,13.951477051000097],[103.24707031200012,13.951293945000032],[103.25048828100006,13.951477051000097],[103.25372314499998,13.952087402000018],[103.25750732400019,13.952697754000098],[103.26092529300013,13.953491211000085],[103.2645263670002,13.955078125000114],[103.26708984400011,13.956909180000025],[103.27111816400014,13.960510254000098],[103.2744750980001,13.963073730000076],[103.27770996100014,13.966308594000054],[103.28027343700012,13.969116211000085],[103.28692627000004,13.97650146500007],[103.29431152300009,13.984680176000097],[103.30072021500013,13.991699219000054],[103.3098754880001,14.002502441000047],[103.31268310500013,14.006530762000011],[103.31451416000004,14.009277344000111],[103.31610107400007,14.011718750000114],[103.31848144500009,14.014709473000039],[103.32171630900007,14.018310547000112],[103.32507324200009,14.022521973000039],[103.3284912110002,14.025695801000097],[103.33129882800006,14.022277831999986],[103.33190918000008,14.01892089800009],[103.33288574200009,14.015075684000067],[103.34149169900007,14.002319336000085],[103.34368896500018,14.000305176000097],[103.34509277300015,13.997680663999972],[103.34710693400007,13.994323730000076],[103.34912109400011,13.990905762000068],[103.35290527300015,13.984130859],[103.35491943400007,13.980712891],[103.35687255900012,13.977294922000112],[103.3587036130001,13.973876953000172],[103.36187744100016,13.96868896500007],[103.36407470700004,13.965087891000053],[103.3665161130001,13.961914062000062],[103.36932373000013,13.958312987999989],[103.37231445300006,13.954284668000128],[103.37567138700018,13.94952392600004],[103.37890625,13.945129395000151],[103.38092041000004,13.942321777000188],[103.38391113300014,13.938720703000115],[103.38690185500013,13.935119629000042],[103.39007568400012,13.932678223000039],[103.3931274410001,13.931701660000158],[103.39727783200004,13.930908203000115],[103.40209960900012,13.929321289000086],[103.40728759800015,13.928710937000062],[103.41131591800018,13.9285278320001],[103.41510009800015,13.926513672000056],[103.41809082000015,13.924316406000173],[103.42071533200004,13.922912597999982],[103.42352294900007,13.921508789000086],[103.42633056600016,13.919921875000057],[103.42907714800003,13.919311523000033],[103.43487548800016,13.918884277000188],[103.43768310500019,13.917480469000054],[103.44067382800012,13.91632080100004],[103.44030761700009,13.911682129000098],[103.43688964800003,13.910278320000032],[103.43908691400009,13.906494141000167],[103.43688964800003,13.904113770000151],[103.43988037100013,13.901672362999989],[103.44232177700013,13.898925781000116],[103.43908691400009,13.895324707000043],[103.43811035200014,13.891113281000116],[103.43530273400017,13.891723633000026],[103.4346923830002,13.888488770000151],[103.4346923830002,13.883483887000182],[103.43310546900017,13.879516602000137],[103.42889404300007,13.880126953000058],[103.42590332000015,13.877319336000028],[103.4281005860002,13.874877930000025],[103.43011474600007,13.870727539000086],[103.4307250980001,13.86688232400013],[103.42767334000001,13.865295410000101],[103.4268798830002,13.86151123000019],[103.42749023400017,13.858276367000144],[103.42370605500014,13.859313965000183],[103.4216918950001,13.856323242000087],[103.4238891600001,13.853088379000042],[103.42370605500014,13.848083496000072],[103.42407226600017,13.844116211000028],[103.4251098630001,13.840270996000129],[103.42572021500018,13.83648681600016],[103.42327880900012,13.834472656000116],[103.42572021500018,13.829895020000095],[103.42767334000001,13.825073242000144],[103.43188476600017,13.824523926000154],[103.42987060500019,13.82049560500019],[103.43212890600012,13.817077637000182],[103.43670654300007,13.817077637000182],[103.44091796900017,13.818298340000183],[103.44012451200012,13.815307617000087],[103.43768310500019,13.811889647999976],[103.43432617200017,13.809509277000132],[103.43090820300006,13.807312012000125],[103.43090820300006,13.802124023000147],[103.42730712900004,13.80047607400013],[103.42468261700014,13.79931640600006],[103.42211914100011,13.796875],[103.42492675800014,13.795104980000133],[103.42749023400017,13.79711914100011],[103.42791748000019,13.793090820000145],[103.42590332000015,13.790527344000111],[103.42291259800015,13.789123535000044],[103.42449951200018,13.786499023000147],[103.42572021500018,13.783081055000139],[103.42449951200018,13.779113770000038],[103.42010498000019,13.778076172],[103.41589355500014,13.778076172],[103.41412353500004,13.774902344000111],[103.41210937500006,13.778320312000119],[103.41009521500018,13.77612304700017],[103.41168212900004,13.771911621000015],[103.41528320300012,13.769714355000133],[103.41827392600004,13.770690918000184],[103.42108154300007,13.76867675799997],[103.4238891600001,13.765686035000044],[103.42468261700014,13.760925293000184],[103.4238891600001,13.757690430000139],[103.42431640600012,13.754699707000043],[103.43011474600007,13.753479003999985],[103.42871093700018,13.749877930000139],[103.42529296900017,13.749694824000073],[103.4216918950001,13.746520996000186],[103.42071533200004,13.743103027000075],[103.42370605500014,13.743713379000155],[103.42291259800015,13.739501953000058],[103.41949462900004,13.736877441000104]]],[[[103.42248535200014,13.733703613000046],[103.4251098630001,13.73632812500017],[103.42871093700018,13.73632812500017],[103.42572021500018,13.733093262000125],[103.42248535200014,13.733703613000046]]]]}},{"type":"Feature","properties":{"adm1_name":"Battambang","adm1_name1":null,"adm1_name2":null,"adm1_name3":null,"adm1_pcode":"KH02","adm0_name":"Cambodia","adm0_name1":null,"adm0_name2":null,"adm0_name3":null,"adm0_pcode":"KH","valid_on":"2018-10-04","valid_to":null,"area_sqkm":11869.03898236,"version":"v01","lang":"en","lang1":null,"lang2":null,"lang3":null,"adm1_ref_name":"Battambang","center_lat":12.92480469,"center_lon":103.2317315},"geometry":{"type":"Polygon","coordinates":[[[102.68688964800015,13.479492187000176],[102.68707275400004,13.467102051000154],[102.6873168950001,13.461120605000133],[102.6873168950001,13.446899414000029],[102.6873168950001,13.430725098000096],[102.6875,13.412475586000028],[102.6875,13.401672363000102],[102.68811035200008,13.380920410000044],[102.69171142600015,13.383483887000125],[102.69647216800007,13.387512206999986],[102.70111084000018,13.390502930000082],[102.70471191400003,13.392700195000089],[102.70727539100017,13.394287109000118],[102.71032714800015,13.396118164000029],[102.71307373000019,13.398071289000029],[102.71569824200009,13.399719238000046],[102.71948242200006,13.40148925800014],[102.72448730500014,13.403930663999972],[102.72827148400017,13.405517578],[102.73229980500014,13.406311035000044],[102.73571777300015,13.407470703000058],[102.73828125000006,13.408874512000125],[102.7415161130001,13.41088867200017],[102.74572753900003,13.411682128999985],[102.77069091800007,13.404296875],[102.8162841800002,13.391723633000083],[102.84930419900019,13.382690430000082],[102.86010742200006,13.387878418000184],[102.92028808600014,13.368103027000075],[102.92150878900014,13.36547851600011],[102.9246826170002,13.36547851600011],[102.98431396500013,13.361083984000118],[102.98687744100016,13.37609863300014],[102.98809814500004,13.37890625000017],[102.99151611300005,13.381103516000053],[102.99609375,13.379882812000119],[102.99749755900007,13.377319336000141],[103.00109863300014,13.375671387000125],[103.00390625000017,13.378112793000128],[103.00469970700004,13.381286621000015],[103.00970459000013,13.382507324000073],[103.0133056640002,13.385070801000154],[103.01550293000014,13.388916016000053],[103.01751709000013,13.392089844000111],[103.02008056600016,13.393493652000075],[103.02410888700012,13.394104004000155],[103.0291137700001,13.395507812000119],[103.03228759800015,13.396911621000186],[103.0355224610002,13.397521973000096],[103.03851318400007,13.396118164000029],[103.0410766600001,13.394287109000118],[103.04412841800018,13.391906738000046],[103.04809570300006,13.391906738000046],[103.05151367200017,13.392272949000073],[103.0557250980001,13.392272949000073],[103.06048584000018,13.393127441000104],[103.06591796900017,13.394470215000183],[103.07092285200008,13.395874023000147],[103.07629394500015,13.397277832000043],[103.07971191400009,13.39892578100006],[103.0833129880001,13.397888184000067],[103.08673095700004,13.398315430000082],[103.09051513700012,13.398498535000044],[103.09350585900017,13.399475098000096],[103.09588623000019,13.401672363000102],[103.09808349600013,13.406311035000044],[103.1019287110002,13.404113770000038],[103.10528564500015,13.404724121000186],[103.10827636700014,13.405700684000067],[103.11151123000019,13.406677246000072],[103.11291503900009,13.410705566000104],[103.11608886700014,13.409729004000155],[103.11950683600003,13.410095215000126],[103.1243286130001,13.411682128999985],[103.12768554700006,13.411499023000147],[103.13208007800012,13.411499023000147],[103.13592529300007,13.411682128999985],[103.13952636700009,13.411926270000038],[103.14251709000001,13.411926270000038],[103.14672851600017,13.411926270000038],[103.14971923800016,13.411315918000184],[103.15148925800003,13.407897949000073],[103.15350341800007,13.405700684000067],[103.15649414100017,13.403503418000184],[103.15972900400004,13.405700684000067],[103.16247558600008,13.407470703000058],[103.16528320300017,13.410278320000089],[103.168518066,13.411071777000132],[103.17407226600005,13.411071777000132],[103.17871093700006,13.410095215000126],[103.18212890600017,13.408325195000089],[103.185302734,13.405517578],[103.18688964800003,13.400695801000154],[103.19049072300004,13.39868164100011],[103.193115234,13.397521973000096],[103.19531250000011,13.395690918000184],[103.198730469,13.39392089800009],[103.20312500000011,13.393310547000112],[103.20709228500016,13.392517090000126],[103.21069335900006,13.391723633000083],[103.21392822299998,13.389709473000096],[103.21691894500003,13.387329102000024],[103.22271728500016,13.387084960999971],[103.22711181600005,13.38671875000017],[103.23028564500004,13.386291504000155],[103.23492431600005,13.385681152000132],[103.23870849600013,13.38549804700017],[103.24328613300008,13.384887695000089],[103.24871826200007,13.38452148400006],[103.25347900400016,13.385681152000132],[103.25750732400019,13.384094238000102],[103.26251220700016,13.383728027000075],[103.26751709000007,13.385681152000132],[103.27368164100005,13.386474609000118],[103.27868652300009,13.386901855000133],[103.28332519500003,13.386474609000118],[103.28692627000004,13.38549804700017],[103.29071044900002,13.384277344000111],[103.29449462900016,13.383117676000097],[103.29907226600011,13.382324219000111],[103.30267334000013,13.381896973000096],[103.30651855500008,13.38171386700003],[103.3098754880001,13.381530762000068],[103.3142700200001,13.38171386700003],[103.3167114260001,13.38330078100006],[103.32031250000017,13.381286621000015],[103.3233032230001,13.380920410000044],[103.32629394500009,13.380676270000095],[103.33032226600005,13.380493164000029],[103.33447265600012,13.380493164000029],[103.33911132800006,13.380126953000172],[103.34289550800014,13.380310059000067],[103.34771728500004,13.380310059000067],[103.35272216800018,13.381286621000015],[103.3577270510001,13.379882812000119],[103.36248779300018,13.37829589800009],[103.36669921900011,13.37670898400006],[103.37030029300018,13.374511719000111],[103.37451171900011,13.373107910000044],[103.37847900400004,13.370910645000038],[103.38250732400007,13.36853027300009],[103.38549804700017,13.36608886700003],[103.38787841800007,13.363525391000053],[103.39208984400017,13.36047363300014],[103.39550781200018,13.358520508000083],[103.39892578100006,13.361694336000141],[103.40228271500018,13.362487793000184],[103.40551757800006,13.363098145000038],[103.4093017580002,13.363708496000186],[103.41412353500004,13.364685059000067],[103.4160766600001,13.36828613300014],[103.41949462900004,13.36828613300014],[103.42272949200009,13.367492676000097],[103.42492675800014,13.364929199000187],[103.42669677700013,13.362670898000147],[103.4307250980001,13.362304687000119],[103.43487548800016,13.361083984000118],[103.4373168950001,13.358520508000083],[103.44049072300015,13.360107422000112],[103.44311523400017,13.357727051000097],[103.44549560500019,13.355895996000186],[103.44891357400013,13.35607910200008],[103.45129394500015,13.35351562500017],[103.4558715820001,13.353271484000118],[103.45928955100004,13.348693848000096],[103.46307373000002,13.346496582000157],[103.46710205100004,13.346313477000024],[103.4705200200001,13.34851074200003],[103.47369384800015,13.351074219000111],[103.47711181600016,13.353698730000133],[103.48132324200009,13.35131835900006],[103.48468017600004,13.348327637000068],[103.48870849600013,13.346130371000129],[103.49371337900004,13.344482422000112],[103.4981079100001,13.348327637000068],[103.50207519500003,13.351074219000111],[103.50610351600017,13.352722168000128],[103.50952148400017,13.352478027000075],[103.51330566400009,13.351684570000089],[103.51831054700006,13.350891113000046],[103.52307128900014,13.350280762000125],[103.52691650400004,13.348083496000186],[103.52770996100008,13.344482422000112],[103.52850341800007,13.340881348000096],[103.53210449200014,13.339294434000067],[103.53729248000008,13.338317871000186],[103.54290771500007,13.33728027300009],[103.5487060550002,13.33447265600006],[103.55310058600008,13.331909180000082],[103.5535278320001,13.32727050800014],[103.5565185550002,13.323486328],[103.5565185550002,13.319885254000155],[103.55670166000016,13.316528320000032],[103.55828857400019,13.313476562000119],[103.56072998000002,13.311523437000062],[103.56329345700016,13.31030273400006],[103.56652832000003,13.310485840000126],[103.56872558600008,13.312927246000129],[103.57171630900018,13.313293457000157],[103.57470703100017,13.312927246000129],[103.58007812500017,13.31390380900001],[103.58227539100005,13.310119629000098],[103.58410644500003,13.307312012000068],[103.58587646500013,13.30407714800009],[103.58691406200006,13.300476074000017],[103.5897216800002,13.29687500000017],[103.59289550800008,13.29412841800007],[103.5963134770002,13.293884277000075],[103.5999145510001,13.293884277000075],[103.60327148400012,13.295471191000104],[103.60650634800004,13.293884277000075],[103.61047363300014,13.292297363000046],[103.61370849600019,13.295288086000141],[103.61669921900011,13.2957153320001],[103.62048339800009,13.29632568400018],[103.6240844730001,13.297912598000039],[103.62768554700011,13.297912598000039],[103.63208007800006,13.2957153320001],[103.63568115200007,13.293273926000097],[103.6395263670002,13.29290771500007],[103.64312744100005,13.29412841800007],[103.64611816400014,13.293273926000097],[103.64929199200003,13.290893555000025],[103.65307617200017,13.289123535000158],[103.65490722700002,13.286315918000128],[103.65747070300006,13.28491210900006],[103.66168212900016,13.283325195000032],[103.66430664100005,13.278930664000086],[103.66711425800014,13.276306152000018],[103.66949462900016,13.274719237999989],[103.67211914100005,13.276306152000018],[103.67510986300005,13.278503418000128],[103.6782836910001,13.281311035000158],[103.67791748000013,13.284729004000098],[103.68328857400007,13.286071777000075],[103.68707275399998,13.28350830100004],[103.6904907230001,13.281494141000053],[103.69427490200013,13.27868652300009],[103.69848632800006,13.276123047000056],[103.70147705100015,13.273498535000158],[103.70410156200018,13.27130126999998],[103.70648193400012,13.26751709000007],[103.70770263700012,13.264282227000024],[103.70672607400007,13.260498047000056],[103.70568847700008,13.257507324000187],[103.70312500000017,13.255493164000143],[103.69909668000014,13.25311279300007],[103.69488525399998,13.249877930000025],[103.69329834000013,13.247070312000062],[103.69232177700007,13.243530273000033],[103.69152832000009,13.240295410000158],[103.68890380900007,13.236328125000057],[103.68750000000017,13.23187255900018],[103.68847656200018,13.227905273000033],[103.68792724600019,13.22430419900013],[103.68652343700012,13.220520020000151],[103.68511962900016,13.21649169900013],[103.68768310500013,13.214111328000115],[103.69128418000014,13.211730957000043],[103.69287109400017,13.206298828000115],[103.69488525399998,13.202270508000083],[103.69610595700004,13.199279785000158],[103.6970825200001,13.195922852000137],[103.6983032230001,13.192504883000026],[103.69891357400007,13.189086914000086],[103.69970703100006,13.186096191],[103.7005004880001,13.183105469000168],[103.70147705100015,13.179687500000057],[103.70269775400016,13.17633056600016],[103.70367431600016,13.171325684000124],[103.70269775400016,13.167114258000026],[103.7017211910001,13.163330078000058],[103.70190429700017,13.160278319999975],[103.70251464800015,13.156677246000129],[103.7022705080002,13.152526855000133],[103.70251464800015,13.148925781000116],[103.70269775400016,13.145080566],[103.70330810500013,13.140319824000073],[103.70428466800018,13.134887695000145],[103.70550537100002,13.131713867000087],[103.7048950200001,13.127685547],[103.70532226600005,13.122924805000139],[103.7061157230001,13.118713378999985],[103.70550537100002,13.114929199000073],[103.70751953100006,13.111328125],[103.70770263700012,13.107482910000101],[103.70452880900007,13.108093262000125],[103.70532226600005,13.105285645000095],[103.70568847700008,13.101074219000168],[103.70672607400007,13.095520020000038],[103.70709228500004,13.09252929700017],[103.70751953100006,13.089477539000086],[103.70892334000013,13.085510254000155],[103.71148681600016,13.08068847700008],[103.7139282230001,13.07690429700017],[103.71588134800015,13.073913574000073],[103.71887207000015,13.070678711000028],[103.72131347700008,13.067687988000102],[103.72290039100011,13.065124512000068],[103.72448730500014,13.062683105000133],[103.72631835900012,13.059875488000102],[103.72930908200004,13.058898926000154],[103.73168945300006,13.056701660000044],[103.7366943360002,13.054077148000147],[103.73950195300006,13.051330566000104],[103.73632812500017,13.050109863000046],[103.73950195300006,13.048278809000067],[103.7415161130001,13.04492187500017],[103.74291992200017,13.041687012000125],[103.74670410200008,13.040100098000096],[103.7510986330002,13.040100098000096],[103.75488281200018,13.039306641000053],[103.75891113300014,13.037902831999986],[103.76147460900017,13.036682129000155],[103.76409912100007,13.03369140600006],[103.76629638700018,13.031311035000044],[103.77209472700014,13.026306152000075],[103.77172851600011,13.022888184000067],[103.77069091800007,13.019714355000076],[103.76928710900017,13.016296387000068],[103.76507568400012,13.014709473000039],[103.76147460900017,13.013488770000038],[103.75848388700018,13.012878418000184],[103.7556762700001,13.011291504000155],[103.75250244100016,13.010498047000112],[103.7481079100001,13.011474609000118],[103.74432373000013,13.009704590000126],[103.74090576200012,13.007324219000054],[103.74011230500014,13.00329589800009],[103.73889160200008,12.999511719000054],[103.7354736330002,12.997314453000172],[103.73211669900007,12.995117187000119],[103.73132324200009,12.992309570000032],[103.73107910200014,12.987487793000128],[103.73052978500004,12.98431396500007],[103.72747802700013,12.982116699000187],[103.72552490200007,12.978881836000141],[103.72229003900003,12.97631835900006],[103.71887207000015,12.974121094000054],[103.71832275400016,12.970886230000076],[103.71887207000015,12.967712402000018],[103.7180786130001,12.96270751999998],[103.71887207000015,12.957702637000068],[103.72052002000004,12.95288085900006],[103.72229003900003,12.950683594000054],[103.72491455100015,12.94952392600004],[103.72930908200004,12.948120116999974],[103.73089599600007,12.943908691000047],[103.73211669900007,12.940124512000011],[103.73291015600012,12.936096191000047],[103.73211669900007,12.932678223000039],[103.72930908200004,12.92907714800009],[103.72448730500014,12.92950439499998],[103.72167968700018,12.927917480000076],[103.71728515600012,12.92749023400006],[103.71228027300015,12.926330566000047],[103.71087646500018,12.92327880900001],[103.70867919900007,12.920898437000062],[103.70550537100002,12.919311523000033],[103.70330810500013,12.91687011700003],[103.70111084000013,12.914916992000144],[103.70208740200013,12.911926270000151],[103.70068359400017,12.90850830100004],[103.70111084000013,12.904724121000129],[103.70092773400012,12.901672363000046],[103.69750976600011,12.899291991999974],[103.69592285200008,12.895690918000128],[103.69769287100007,12.891296387000011],[103.69647216800001,12.887329102000137],[103.69610595700004,12.883911133000026],[103.69732666000004,12.879089355000076],[103.69647216800001,12.87469482400013],[103.69451904300018,12.869506836000085],[103.69152832000009,12.865722656000116],[103.68890380900007,12.863281250000114],[103.68591308600014,12.864318848000153],[103.68310546900011,12.86248779300007],[103.6796875,12.862304687000062],[103.67431640600006,12.863281250000114],[103.6685180660001,12.863525391000167],[103.66430664100005,12.86248779300007],[103.66009521500013,12.860900879000042],[103.65551757800017,12.859130859000174],[103.65270996100014,12.856689453000115],[103.64831543000008,12.855895996000129],[103.64349365200007,12.854492187000062],[103.639892578,12.852111816],[103.63690185500013,12.848693847999982],[103.63330078100006,12.845092773000033],[103.63330078100006,12.840698242000144],[103.63110351600005,12.83587646500007],[103.62988281200012,12.832519531000116],[103.6317138670002,12.828918457000043],[103.63153076200007,12.825927734000118],[103.63232421900005,12.823120117000087],[103.63549804700011,12.822875977000137],[103.6383056640002,12.821899414000086],[103.64251709000013,12.82049560500019],[103.64447021500013,12.816284179999968],[103.64392089800009,12.81268310500019],[103.64147949200003,12.809082031000116],[103.63909912100019,12.8054809570001],[103.63647460900012,12.803283691],[103.63507080100015,12.799316406000116],[103.6353149410001,12.794921875000057],[103.63372802700007,12.790527344000111],[103.6331176760001,12.786071777000188],[103.6295166020002,12.784118652000132],[103.62567138700012,12.780273437],[103.62310790999999,12.777709961000028],[103.62371826200007,12.774108887000125],[103.62231445300017,12.77008056600016],[103.61987304700017,12.766296387000125],[103.6226806640002,12.76391601600011],[103.62011718700012,12.762695312000176],[103.62127685500013,12.760070800999983],[103.62292480500003,12.755493164000029],[103.62109375000017,12.751708984000118],[103.61987304700017,12.748107910000044],[103.62109375000017,12.745300293000184],[103.62109375000017,12.741516113000102],[103.62329101600005,12.737487793000014],[103.62347412100019,12.734497070000089],[103.62432861300005,12.729919434000067],[103.62347412100019,12.724487305000139],[103.62371826200007,12.721130371000186],[103.6265258790001,12.717712402000075],[103.63067627000004,12.714904785000044],[103.63128662100019,12.71008300800014],[103.63452148400006,12.707885742000087],[103.63507080100015,12.703918456999986],[103.63549804700011,12.699890137000125],[103.61932373000008,12.67712402300009],[103.6395263670002,12.664489746000186],[103.64208984400011,12.66650390600006],[103.6450805660001,12.663330078000172],[103.64447021500013,12.659301758000083],[103.64532470700016,12.655273437000119],[103.64569091800018,12.651123047000112],[103.64611816400014,12.647888184000067],[103.64831543000008,12.64392089800009],[103.64849853500004,12.639526366999974],[103.64532470700016,12.637329102000024],[103.64129638700007,12.635070801000097],[103.63867187500017,12.633117676000097],[103.639892578,12.630493163999972],[103.63690185500013,12.629516602000024],[103.63647460900012,12.625915527000018],[103.63629150400016,12.62249755900001],[103.63549804700011,12.619506836000141],[103.63549804700011,12.616271973000096],[103.63568115200007,12.613098145000038],[103.63812255900001,12.610900879000098],[103.64050293000008,12.608093262000068],[103.639892578,12.604675293000128],[103.63647460900012,12.60290527300009],[103.63452148400006,12.599304199000187],[103.63269043000008,12.595886230000076],[103.63427734400011,12.591918945000032],[103.63787841800018,12.590270996000186],[103.63867187500017,12.587097168000128],[103.64111328100006,12.582702637000068],[103.64251709000013,12.578125000000114],[103.6409301760001,12.575317383000026],[103.6373291020002,12.574096680000025],[103.63391113300008,12.570312500000114],[103.63427734400011,12.56671142600004],[103.6304931640002,12.563476562000062],[103.62628173800005,12.562500000000114],[103.6226806640002,12.560119629000042],[103.62329101600005,12.555908203000115],[103.62249755900007,12.55291748000002],[103.62109375000017,12.549316406000173],[103.6196899410001,12.54510498000002],[103.61853027300009,12.541687012000011],[103.61547851600005,12.540100097999982],[103.61450195300017,12.536682129000098],[103.61492919900019,12.53350830100004],[103.61267089800009,12.53070068400018],[103.61132812500011,12.52728271500007],[103.60870361300005,12.52471923800016],[103.60247802700007,12.52288818400018],[103.59771728500016,12.522705078000115],[103.59289550800008,12.523071289000143],[103.58752441400014,12.523071289000143],[103.58190918000003,12.5222778320001],[103.575927734,12.521911621000129],[103.56268310500008,12.521118164000086],[103.5457153320001,12.514892578000115],[103.53930664100017,12.513671875000114],[103.52471923800016,12.505310059000124],[103.51971435500002,12.504516602000137],[103.51391601600017,12.504272461000085],[103.50952148400017,12.504882812000062],[103.50671386700014,12.505676270000151],[103.50311279300007,12.507324219000168],[103.50030517600004,12.508728027000132],[103.49707031200006,12.510498047000056],[103.49212646500018,12.512084961000085],[103.48950195300012,12.513671875000114],[103.48632812500006,12.514709473000153],[103.48327636700014,12.51812744100016],[103.47747802700019,12.521728516000167],[103.47210693400012,12.524902344],[103.46850585900017,12.526306152000188],[103.46551513700018,12.52850341800007],[103.46307373000002,12.531127929999968],[103.46130371100003,12.533691406000173],[103.45867919900013,12.535522461000085],[103.45489502000015,12.536926270000151],[103.44989013700018,12.5379028320001],[103.44671630900012,12.538330078000115],[103.44390869100016,12.539489746000129],[103.44091796900017,12.539306641000167],[103.43609619100016,12.541870116999974],[103.43151855500014,12.543884277000018],[103.42712402300015,12.5457153320001],[103.42248535200014,12.547119141000167],[103.41748046900017,12.549682616999974],[103.41448974600007,12.550903320000032],[103.41131591800018,12.552124023000033],[103.40789794900013,12.554321289000086],[103.40429687500006,12.556518555000025],[103.3997192380001,12.558105469000054],[103.39648437500006,12.55889892600004],[103.3931274410001,12.559692383000083],[103.38891601600011,12.55792236300016],[103.38568115200013,12.55792236300016],[103.38171386700009,12.557128906000173],[103.37750244100016,12.553894043000128],[103.37329101600011,12.550903320000032],[103.36968994100016,12.550476074000187],[103.36529541000004,12.551330566],[103.36187744100016,12.552307129000098],[103.36090087900016,12.557128906000173],[103.36010742200017,12.560302734],[103.35632324200003,12.561096191000047],[103.3521118160001,12.561889648000033],[103.34649658200004,12.5632934570001],[103.34191894500009,12.564514160000158],[103.3375244140002,12.565673828000172],[103.33447265600012,12.566284180000025],[103.33148193400007,12.566894531000173],[103.32788085900012,12.567687988000046],[103.32470703100006,12.56671142600004],[103.32592773400006,12.562683105000076],[103.32769775400016,12.56048584000007],[103.32269287100002,12.559326172000056],[103.3189086910001,12.560119629000042],[103.31451416000004,12.558715819999975],[103.31127929700017,12.56072998000002],[103.30731201200007,12.560302734],[103.30352783200016,12.558471680000025],[103.30291748000008,12.554504395000151],[103.30371093700012,12.550292969000054],[103.30187988300014,12.546081543000128],[103.29748535200008,12.547302246000129],[103.29388427700007,12.548889160000158],[103.28948974600019,12.549926758000026],[103.28588867200011,12.549682616999974],[103.2835083010001,12.547485352000024],[103.28131103499999,12.54290771500007],[103.27807617200017,12.54327392600004],[103.2744750980001,12.54290771500007],[103.27148437500017,12.540893555000025],[103.26989746100014,12.537719727000137],[103.26831054700011,12.534118652000188],[103.2645263670002,12.531677246000129],[103.26171875000011,12.530883789000143],[103.25872802700002,12.5300903320001],[103.25549316400014,12.52850341800007],[103.25329589800009,12.525329590000013],[103.25128173800005,12.521728516000167],[103.24810791000016,12.51971435500019],[103.2437133790001,12.520507812000062],[103.24047851600005,12.522094726999967],[103.23809814500004,12.524291992000144],[103.23449707000003,12.52569580100004],[103.23089599600019,12.526489258000026],[103.22711181600005,12.526489258000026],[103.22308349600019,12.524902344],[103.21990966800013,12.522521973000153],[103.217285156,12.520507812000062],[103.2147216800002,12.51812744100016],[103.2117309570001,12.51507568400018],[103.20947265600006,12.51287841800007],[103.20709228500016,12.511291504000042],[103.20410156200006,12.510498047000056],[103.20031738300003,12.509887694999975],[103.19628906200006,12.50909423800016],[103.19207763700007,12.508300781000173],[103.18670654300007,12.506713867000144],[103.18292236300016,12.504882812000062],[103.17968750000011,12.502319336000028],[103.17590332000003,12.497924805000139],[103.1724853520002,12.49530029300007],[103.16931152300003,12.492919922],[103.16668701200001,12.48968505900018],[103.16491699200014,12.486877441000047],[103.16271972700014,12.483886719],[103.15972900400004,12.481323242000087],[103.15570068400018,12.481323242000087],[103.15252685500019,12.482727051000154],[103.14971923800016,12.484497070000145],[103.14691162100013,12.486328125000057],[103.14447021500007,12.488098145000151],[103.14068603500016,12.489501953000115],[103.13671875000006,12.488708496000072],[103.13592529300007,12.48492431600016],[103.1326904300002,12.483276367000144],[103.12829589800003,12.482727051000154],[103.11431884800015,12.473510742000087],[103.10528564500015,12.46807861300016],[103.10327148400017,12.4636840820001],[103.09912109400017,12.4636840820001],[103.09472656200018,12.462707520000095],[103.09088134800015,12.464111328000058],[103.08728027300003,12.464721680000139],[103.08312988300014,12.464477539000086],[103.07971191400009,12.462524414000029],[103.07647705100004,12.460327148000147],[103.07232666000004,12.459716797],[103.07067871100003,12.456298828000115],[103.07128906200018,12.45147705100004],[103.07171630900012,12.444702147999976],[103.07110595700004,12.440124512000125],[103.06671142600015,12.4375],[103.06188964799998,12.438476562],[103.0579223630001,12.438476562],[103.05352783200004,12.439086914000086],[103.0488891600001,12.440673828000115],[103.04632568400007,12.442077637000182],[103.04272460900012,12.442871094],[103.0374755860002,12.443481445000145],[103.03332519500009,12.443725586000028],[103.03051757800006,12.445312500000057],[103.02728271500018,12.447082520000095],[103.0225219730001,12.44750976600011],[103.02069091800018,12.45031738299997],[103.0198974610002,12.45428466800007],[103.01770019500009,12.458496094000168],[103.01452636700003,12.462524414000029],[103.01092529300018,12.467102050999983],[103.00891113300014,12.471130371000072],[103.00848388700012,12.474670410000158],[103.00628662100007,12.477722168000014],[103.0025024410001,12.479492187],[103.00067138700012,12.48211669900013],[102.99890136700009,12.48468017600004],[102.9957275390002,12.48468017600004],[102.99249267600015,12.481506348000153],[102.98889160200008,12.479492187],[102.98687744100016,12.477294922000056],[102.98547363300014,12.474670410000158],[102.98229980500008,12.472290039000086],[102.98071289100005,12.468872069999975],[102.9788818360002,12.466125488000102],[102.97607421900011,12.461486816],[102.9736938480001,12.457702637000182],[102.97387695300006,12.454101562000176],[102.97467041000004,12.450927734000118],[102.97192382800017,12.449523926000154],[102.96887207000009,12.448120117000087],[102.96551513700007,12.446899414000086],[102.96228027300015,12.44592285200008],[102.95947265600006,12.444091797],[102.95489502000004,12.442871094],[102.95129394500009,12.440673828000115],[102.95068359400011,12.436889647999976],[102.94708252000004,12.43328857400013],[102.94268798800005,12.431518555000139],[102.93872070300017,12.431274414000086],[102.93530273400006,12.432678223000153],[102.93170166000004,12.432312012000125],[102.92810058600014,12.432922363000102],[102.92407226600005,12.434509277000132],[102.92108154300018,12.432312012000125],[102.91870117200011,12.430725098000096],[102.91571044900019,12.430908203000058],[102.91247558600014,12.428894043000014],[102.90948486300005,12.431091309000124],[102.90667724600019,12.43328857400013],[102.90307617200011,12.43212890600006],[102.90112304700011,12.428527832000043],[102.89727783200016,12.424072266000167],[102.89447021500013,12.420715332000043],[102.89172363300008,12.419311523000147],[102.88989257800017,12.416870117000087],[102.88751220700016,12.413879395000095],[102.88311767600004,12.41229248000019],[102.88153076200001,12.407897949000073],[102.87707519500003,12.407104492000087],[102.875488281,12.403930664000029],[102.87371826200001,12.401672363000102],[102.87347412100019,12.398315430000082],[102.87048339800009,12.397521973000096],[102.86669921900005,12.399291992000087],[102.86407470700016,12.400695801000154],[102.86047363300008,12.401916504000155],[102.85687255900001,12.403320312000119],[102.8530883790001,12.403686523000147],[102.851318359,12.407104492000087],[102.84747314500004,12.409118652000132],[102.84387207000003,12.409118652000132],[102.84051513700018,12.411499023000147],[102.83612060500002,12.411682129000042],[102.834472656,12.408081055000139],[102.83209228500016,12.405517578000058],[102.82971191400009,12.403503418000184],[102.82690429700006,12.400695801000154],[102.82629394500003,12.397521973000096],[102.82391357400013,12.395690918000014],[102.82049560500008,12.392700195000089],[102.81890869100005,12.388488770000095],[102.81750488300003,12.385681152000132],[102.81951904300007,12.381286621000072],[102.81890869100005,12.376892090000183],[102.81530761700014,12.37609863300014],[102.81231689500015,12.372924805000082],[102.80950927700019,12.371520996000186],[102.80792236300016,12.374328613000046],[102.80468750000011,12.375671387000125],[102.80108642600004,12.378112793000184],[102.79772949200009,12.38110351600011],[102.79589843700006,12.384277344000168],[102.79449462900004,12.387878418000014],[102.79132080099998,12.39227294900013],[102.78808593700006,12.396728516000053],[102.78491210900017,12.400329590000126],[102.78491210900017,12.404296875000057],[102.78631591800007,12.409118652000132],[102.78710937500006,12.414489746000072],[102.78607177700019,12.419128418000184],[102.78509521500007,12.423278809000124],[102.78387451200001,12.427124023000147],[102.78192138700018,12.42987060500019],[102.78112793000014,12.433715820000089],[102.77832031200018,12.435729980000133],[102.77429199200014,12.435119628999985],[102.77191162100007,12.438476562],[102.77032470700004,12.441284179999968],[102.76947021500007,12.444885254000042],[102.76910400400004,12.448120117000087],[102.76751709000018,12.451110840000183],[102.76611328100012,12.45532226600011],[102.76287841800007,12.456481934000124],[102.75811767600015,12.457092285000101],[102.75347900400004,12.457702637000182],[102.75030517599998,12.461486816],[102.74627685500019,12.45867919900013],[102.74389648400017,12.461303711000028],[102.74291992200017,12.464477539000086],[102.74011230500014,12.466308594000168],[102.736877441,12.467285156000116],[102.73730468700018,12.4714965820001],[102.73748779300007,12.47589111300016],[102.73950195300012,12.481323242000087],[102.73669433600003,12.485290527000188],[102.73413085900012,12.48852539100011],[102.73089599600007,12.490295410000101],[102.7269287110002,12.48852539100011],[102.7246704100001,12.486328125000057],[102.72131347700008,12.48651123000019],[102.72027587900004,12.490905762000182],[102.72332763700012,12.493896484000174],[102.72552490200013,12.496704102000137],[102.72387695300012,12.499877930000025],[102.72528076200018,12.50408935500002],[102.72711181600016,12.506896972999982],[102.72912597700008,12.509521484000174],[102.72790527300015,12.5125122070001],[102.72491455100015,12.51287841800007],[102.72210693400012,12.51190185500002],[102.71887207000015,12.508728027000132],[102.71527099600007,12.507080078000115],[102.7113037110002,12.50909423800016],[102.70727539100017,12.511718750000057],[102.70507812500006,12.514892578000115],[102.70550537100007,12.518493652000188],[102.70147705099998,12.520080566000047],[102.69647216800007,12.519897461000085],[102.69549560500019,12.523498535000158],[102.69671630900007,12.526916504000042],[102.6937255860002,12.529724121000072],[102.69091796900011,12.533325195000145],[102.68707275400004,12.535888672000056],[102.68310546900011,12.537475586000085],[102.6795043950001,12.537475586000085],[102.67791748000013,12.54132080100004],[102.6807250980001,12.545288086000085],[102.68408203100012,12.548889160000158],[102.68127441400009,12.553100586000085],[102.67871093700018,12.555908203000115],[102.67590332000009,12.559082031],[102.6716918950001,12.561279297000112],[102.66827392600015,12.563110351999967],[102.66809082000009,12.566894531000173],[102.66711425800014,12.570129395000151],[102.6672973630001,12.573303223000039],[102.66552734400011,12.577087402000018],[102.6624755860002,12.58148193400001],[102.65869140600012,12.581909180000025],[102.65509033200004,12.582702637000068],[102.65087890600012,12.582702637000068],[102.64587402300015,12.584899902000018],[102.64508056600016,12.590515137000011],[102.64508056600016,12.59509277300009],[102.64788818400007,12.598083496000186],[102.64727783200004,12.603088379000098],[102.64672851600005,12.607116699000187],[102.64447021500018,12.611328125000114],[102.63909912100002,12.610900879000098],[102.63427734400011,12.609924316000047],[102.62969970699999,12.610473633000083],[102.62811279300018,12.614074707000157],[102.62390136700003,12.615478516000053],[102.61987304700017,12.615295409999987],[102.61547851600011,12.61712646500007],[102.61267089800015,12.620727539000143],[102.6099243160001,12.622680663999972],[102.60748291000004,12.624694824000017],[102.60589599600019,12.627685547000112],[102.60290527300009,12.629089355000076],[102.59887695300006,12.630676270000038],[102.59649658200016,12.63330078100006],[102.5930786130001,12.63610839800009],[102.5894775390002,12.639709473000039],[102.58673095700016,12.641906738000046],[102.58489990200007,12.644104004000098],[102.58190918000008,12.64648437500017],[102.58129882800017,12.650695801000097],[102.57910156200012,12.653503418000128],[102.57568359400011,12.65368652300009],[102.57250976600005,12.653503418000128],[102.56970214800009,12.654724121000186],[102.56652832000003,12.657470703000058],[102.56152343700006,12.655700684000067],[102.55670165999999,12.653320312000119],[102.5523071290001,12.65307617200017],[102.54949951200007,12.655700684000067],[102.54492187500011,12.656127930000025],[102.5418701170002,12.65429687500017],[102.53912353500016,12.65209960900006],[102.53631591800013,12.652709961000141],[102.53289794900019,12.653320312000119],[102.52972412100013,12.654907227000024],[102.52587890600006,12.657897949000017],[102.52288818400001,12.660705566000104],[102.51947021500013,12.662902832000157],[102.5640869140002,12.671875],[102.62109375000017,12.68188476600011],[102.66668701200012,12.689880371000015],[102.6859130860002,12.702880859000118],[102.73150634800015,12.733703613000102],[102.7432861330002,12.741516113000102],[102.74627685500019,12.743713379000155],[102.75329589800003,12.749511719000111],[102.75329589800003,12.79327392600004],[102.7523193360002,12.865112304999968],[102.75207519499997,12.892272949000187],[102.75189209000001,12.923095703000172],[102.75170898400017,12.965087891000053],[102.75152587900004,13.001892090000126],[102.75128173800016,13.026672363000102],[102.7468872070001,13.032470703000058],[102.7354736330002,13.044494629000155],[102.69451904300018,13.10229492200017],[102.68969726600011,13.103698730000133],[102.68707275400004,13.101074219000168],[102.68548584000018,13.103881836000028],[102.68432617200017,13.107299805000139],[102.68048095700004,13.11010742200017],[102.67651367200017,13.110717773000147],[102.67272949200003,13.111328125],[102.66912841800018,13.113098145000095],[102.66589355500014,13.11547851600011],[102.66308593700018,13.11352539100011],[102.65850830100015,13.114501953000058],[102.65490722700008,13.11389160200008],[102.65148925800014,13.115905762000125],[102.64831543000008,13.114685059000124],[102.64508056600016,13.112487793000014],[102.64331054700017,13.114685059000124],[102.63891601600005,13.114074707000043],[102.63592529300013,13.114685059000124],[102.6331176760001,13.113708496000072],[102.63507080100015,13.109924316000104],[102.63372802700007,13.105285645000095],[102.62872314500004,13.104492187000176],[102.62487793000014,13.104309082000043],[102.62188720700004,13.101684570000145],[102.61767578100006,13.101684570000145],[102.61431884800004,13.10229492200017],[102.61389160200008,13.099304199000073],[102.6099243160001,13.097473145000095],[102.6063232420002,13.100524902000075],[102.60272216800013,13.099304199000073],[102.6021118160001,13.095275879000042],[102.59808349600019,13.093872070000145],[102.60107421900011,13.089904785000044],[102.59912109400005,13.08648681600016],[102.59552002000004,13.087280273000147],[102.59228515600006,13.087524414000029],[102.58752441400014,13.08648681600016],[102.58728027300009,13.082092285000044],[102.59191894500003,13.083496094000111],[102.59252929700011,13.08068847700008],[102.59008789100005,13.07812500000017],[102.58807373000013,13.075927734000118],[102.58447265600006,13.074279785000101],[102.57971191400014,13.073913574000073],[102.57788085900012,13.069274902000132],[102.57727050800014,13.065490723000096],[102.573486328,13.062316895000038],[102.57489013700007,13.058288574000073],[102.57727050800014,13.060485840000183],[102.57910156200012,13.05712890600006],[102.57971191400014,13.053527832000157],[102.58111572300004,13.049926758000083],[102.58367919900007,13.048522949000017],[102.5828857420002,13.045104980000133],[102.58227539100005,13.04150390600006],[102.58367919900007,13.038513184000067],[102.58410644500003,13.035278320000089],[102.58111572300004,13.033325195000032],[102.58087158199999,13.030273437000176],[102.58532714800009,13.028930663999972],[102.58227539100005,13.024902344000111],[102.58587646500013,13.023315430000082],[102.58331298800005,13.019470215000126],[102.58447265600006,13.015319824000017],[102.58007812500017,13.014099121000186],[102.57928466800018,13.00830078100006],[102.57672119100005,13.005920409999987],[102.57550048800005,13.002075195000089],[102.57269287100019,12.999694824000017],[102.56250000000017,12.980712891000053],[102.48730468700006,12.982482910000044],[102.4901123050002,12.98431396500007],[102.49328613300008,12.985290527000075],[102.49749755900018,12.986694336000141],[102.50067138700007,12.988525391000053],[102.50152587900004,12.991699219000111],[102.50408935500008,12.992919922000112],[102.50671386700014,12.994079590000126],[102.50927734400005,12.995910645000038],[102.51269531200006,12.994506836000141],[102.51507568400001,12.992492676000097],[102.51690673799999,12.99609375000017],[102.52172851600017,12.997924805000025],[102.52612304700006,13.001098633000083],[102.52893066400014,13.002502441000104],[102.52612304700006,13.005126953000172],[102.5233154300002,13.005676270000038],[102.5203247070001,13.005676270000038],[102.51690673799999,13.005676270000038],[102.51391601600017,13.005676270000038],[102.51049804700011,13.005676270000038],[102.50592041000016,13.005920409999987],[102.50152587900004,13.008728027000075],[102.498291016,13.01110839800009],[102.49511718700006,13.013305663999972],[102.492675781,13.016906738000046],[102.48187255900018,13.037902831999986],[102.48089599600013,13.043090820000089],[102.47430419900013,13.053100585999971],[102.45910644499997,13.08251953100006],[102.4558715820001,13.08312988300014],[102.4503173830002,13.083679199000073],[102.44592285200014,13.086303711000028],[102.44171142600004,13.08532714800009],[102.4370727540001,13.087707520000095],[102.4346923830002,13.09008789100011],[102.43328857400013,13.09289550799997],[102.43310546900017,13.097290039000029],[102.43267822299998,13.102111816000104],[102.4304809570001,13.105285645000095],[102.42669677700019,13.108093262000125],[102.42407226600017,13.112304687000176],[102.42272949200009,13.116088867000087],[102.42108154300007,13.118713378999985],[102.41772460900017,13.121887207000043],[102.4171142580002,13.12609863299997],[102.417480469,13.131713867000087],[102.41809082000015,13.135681152000132],[102.41687011700014,13.138671875000057],[102.41333007800006,13.14227294900013],[102.40972900400004,13.14471435500019],[102.4063110350001,13.145080566],[102.40490722700014,13.148315430000139],[102.40209960900017,13.151306152000132],[102.39990234400017,13.156127930000139],[102.39910888700018,13.159912109000174],[102.39910888700018,13.163085937],[102.39831543000014,13.166076660000101],[102.39831543000014,13.169921875000057],[102.39770507800012,13.173095703000115],[102.39611816400009,13.175720215000183],[102.39349365200013,13.178100586000028],[102.39270019500015,13.181884766000167],[102.3919067380001,13.185302734000174],[102.3936767580002,13.187927246000072],[102.39410400400004,13.192321777000132],[102.393310547,13.197509766000167],[102.39050293000014,13.20172119100016],[102.38909912100007,13.205505371000129],[102.38891601600011,13.20928955100004],[102.38708496100003,13.2136840820001],[102.38592529300018,13.217895508000026],[102.3828735350001,13.219726562],[102.38067627000015,13.2214965820001],[102.37927246100008,13.224121094],[102.37792968700018,13.227905273000033],[102.37567138700018,13.230895996000129],[102.372070312,13.235290527000188],[102.37030029300001,13.239501953000115],[102.3695068360002,13.244689941000047],[102.36791992200017,13.249694824000187],[102.36749267600015,13.25311279300007],[102.3665161130001,13.257324219],[102.36712646500018,13.261718750000114],[102.36511230500014,13.26531982400013],[102.36230468700018,13.268493652000018],[102.35949707000015,13.270080566000047],[102.35552978500004,13.271728516000167],[102.35150146500018,13.273315430000025],[102.34991455100015,13.27752685500002],[102.34991455100015,13.282104491999974],[102.34948730500014,13.286926270000151],[102.35009765600012,13.290710449000187],[102.35131835900012,13.294494629000098],[102.35327148400017,13.298278809000067],[102.35571289100011,13.303100586000141],[102.3574829100001,13.306518555000025],[102.35913085900012,13.310729980000076],[102.35931396500018,13.31530761700003],[102.35809326200012,13.319885254000155],[102.35711669900007,13.32452392600004],[102.3552856450001,13.327697754000098],[102.353515625,13.33007812500017],[102.35211181600016,13.333496094000111],[102.3508911130001,13.336914062000119],[102.3519287110002,13.340270996000015],[102.34869384800015,13.34350585900006],[102.34527587900004,13.346313477000024],[102.34588623000019,13.349304199000017],[102.34667968700018,13.353271484000118],[102.34692382800006,13.356872559000067],[102.34869384800015,13.359924316000047],[102.34912109400011,13.36328125000017],[102.35009765600012,13.366699219000111],[102.3508911130001,13.371276855000133],[102.35327148400017,13.375671387000125],[102.35571289100011,13.379516602000024],[102.35571289100011,13.383483887000125],[102.35491943400007,13.38671875000017],[102.35571289100011,13.390075684000067],[102.35668945300006,13.39367675800014],[102.35827636700009,13.398315430000082],[102.36010742200017,13.401916504000155],[102.3604736330002,13.405090332000043],[102.35968017599998,13.409729004000155],[102.36029052700013,13.415527344000111],[102.3604736330002,13.419677734000118],[102.3616943360002,13.423522949000073],[102.36108398400017,13.427673340000183],[102.3599243160001,13.431091309000124],[102.35852050800014,13.435302734000118],[102.3587036130001,13.438720703000058],[102.36010742200017,13.442687988000102],[102.3587036130001,13.44592285200008],[102.35607910200014,13.448913574000073],[102.35607910200014,13.454101562000176],[102.3565063480001,13.45751953100006],[102.35607910200014,13.46148681600016],[102.35668945300006,13.467102051000154],[102.3574829100001,13.471496582000043],[102.35729980500014,13.47570800799997],[102.39050293000014,13.476501465000183],[102.42028808600008,13.478515625000057],[102.4636840820001,13.47711181600016],[102.49652099600013,13.477478027000132],[102.51672363300003,13.477722168000184],[102.59472656200012,13.478515625000057],[102.68688964800015,13.479492187000176]]]}},{"type":"Feature","properties":{"adm1_name":"Kampong Cham","adm1_name1":null,"adm1_name2":null,"adm1_name3":null,"adm1_pcode":"KH03","adm0_name":"Cambodia","adm0_name1":null,"adm0_name2":null,"adm0_name3":null,"adm0_pcode":"KH","valid_on":"2018-10-04","valid_to":null,"area_sqkm":4552.80230523,"version":"v01","lang":"en","lang1":null,"lang2":null,"lang3":null,"adm1_ref_name":"Kampong Cham","center_lat":12.11727905,"center_lon":105.2072877},"geometry":{"type":"Polygon","coordinates":[[[105.72290039100005,12.501525879000042],[105.72607421900011,12.501098633000026],[105.72967529300018,12.501098633000026],[105.73352050800008,12.50128173800016],[105.73431396500013,12.497314453000115],[105.73413085900006,12.492675781000173],[105.7349243160001,12.489501953000115],[105.73608398400012,12.485900879000042],[105.73748779300018,12.481689453000115],[105.73870849600019,12.477905272999976],[105.73992919900019,12.474670410000158],[105.74230957000009,12.471313477000137],[105.7446899410001,12.468872069999975],[105.747314453,12.465698242000087],[105.74847412100007,12.462707520000095],[105.74987793000014,12.459472656000173],[105.7512817380001,12.455505371000072],[105.7525024410001,12.45147705100004],[105.75390625000017,12.448120117000087],[105.75531005900007,12.443725586000028],[105.7567138670002,12.439086914000086],[105.7581176760001,12.434692383000026],[105.75970459000013,12.429687500000057],[105.76092529300013,12.42651367200017],[105.76190185500013,12.423706055000139],[105.76269531200012,12.418884277000132],[105.76489257800006,12.413330078000058],[105.7659301760001,12.409912109000118],[105.76727294900007,12.405517578000058],[105.76831054700017,12.40148925799997],[105.76928710900012,12.396728516000053],[105.77032470700016,12.391479492000087],[105.7711181640002,12.386291503999985],[105.77191162100019,12.381530762000068],[105.77270507800006,12.376708984000118],[105.77331543000008,12.37329101600011],[105.77368164100011,12.369506835999971],[105.77429199200009,12.36547851600011],[105.77471923800005,12.361511230000133],[105.77490234400011,12.358276367000087],[105.77508544900007,12.354919434000067],[105.77551269500009,12.35131835900006],[105.77569580100015,12.345886230000133],[105.77587890600012,12.342712402000075],[105.77587890600012,12.339294434000067],[105.77587890600012,12.336303711000141],[105.77490234400011,12.331115723000039],[105.77429199200009,12.327697754000155],[105.77331543000008,12.323730469000054],[105.77209472700008,12.320129395000038],[105.77050781200012,12.315673828000058],[105.76708984400011,12.313476562000119],[105.76367187500006,12.311523437000119],[105.75927734400011,12.312683105000133],[105.75592041000004,12.309875488000102],[105.75311279300018,12.305908203000172],[105.74969482400007,12.30468750000017],[105.74652099600019,12.303710937000119],[105.7424926760001,12.301330566000047],[105.74188232400007,12.298522949000187],[105.74450683600014,12.294677734000118],[105.74511718700012,12.29150390600006],[105.74530029300018,12.288085937000119],[105.74011230500008,12.286682129000155],[105.73651123000013,12.285278320000089],[105.73327636700009,12.282287598000039],[105.72827148400012,12.279907227000024],[105.72552490200007,12.27911376999998],[105.72113037100019,12.277526855000076],[105.70410156200012,12.279907227000024],[105.698486328,12.281921387000068],[105.68530273400006,12.285278320000089],[105.6812744140002,12.28649902300009],[105.64910888700007,12.286315918000128],[105.64172363300003,12.288696288999972],[105.63732910200014,12.292114258000083],[105.63470459000007,12.293273926000097],[105.62109375000011,12.298706055000082],[105.61071777300003,12.300476074000073],[105.58752441400009,12.298889160000044],[105.58367919900019,12.297302246000186],[105.58007812500011,12.295471191000104],[105.57647705100004,12.292480469000111],[105.57067871100008,12.28991699200003],[105.56567382800012,12.286071777000075],[105.5620727540001,12.282470703],[105.55908203100017,12.279907227000024],[105.55688476600017,12.27709960900006],[105.55468750000011,12.27429199200003],[105.55169677700019,12.269714355000076],[105.54931640600012,12.26593017600004],[105.54772949200009,12.262878418000128],[105.54632568400012,12.259887695000032],[105.54492187500006,12.256896973000039],[105.54388427700019,12.253479004000098],[105.54272460900017,12.249511719000054],[105.54168701200018,12.246093750000114],[105.54071044900013,12.241516112999989],[105.53967285200014,12.237915039000143],[105.53887939500015,12.23431396500007],[105.53771972700014,12.229125976999967],[105.5369262700001,12.223693848000039],[105.5369262700001,12.218872070000032],[105.53649902300003,12.214721680000025],[105.5355224610002,12.211303711000085],[105.53527832000015,12.206115722999982],[105.53588867200006,12.201721191],[105.5369262700001,12.19708251999998],[105.53808593700006,12.192321777000188],[105.53851318400012,12.18890380900018],[105.53887939500015,12.18548584000007],[105.53948974600013,12.181701660000158],[105.54107666000016,12.178283691000047],[105.53967285200014,12.174316406000116],[105.53887939500015,12.16912841800007],[105.5369262700001,12.164123535000101],[105.53649902300003,12.159912109000174],[105.53607177700019,12.156127930000139],[105.53570556600016,12.15252685500019],[105.53527832000015,12.1472778320001],[105.53472900400004,12.14288330100004],[105.5343017580002,12.139099121000072],[105.53411865200013,12.134704590000013],[105.53411865200013,12.131286621000129],[105.53332519500015,12.12750244100016],[105.53228759800015,12.122314453000058],[105.53167724600013,12.118286133000026],[105.52990722700014,12.115295410000101],[105.53051757800006,12.110473633000026],[105.5300903320001,12.105895996000072],[105.53051757800006,12.101928711000028],[105.53228759800015,12.097473145000151],[105.53387451200018,12.093322753999985],[105.5343017580002,12.089111328000058],[105.53509521500001,12.086120605000133],[105.53649902300003,12.082092285000101],[105.53747558600008,12.07928466800007],[105.5391235350001,12.076721191000104],[105.54052734400017,12.073486328000058],[105.5421142580002,12.070129395000038],[105.54449462900004,12.066711426000154],[105.54650878900009,12.06268310500019],[105.54791259800015,12.05969238299997],[105.54827880900018,12.056274414000086],[105.54772949200009,12.053100586000028],[105.54687500000011,12.050109863000102],[105.54449462900004,12.043884277000132],[105.54168701200018,12.03991699200003],[105.5369262700001,12.033874512000125],[105.52947998000019,12.031311035000044],[105.52630615200013,12.030883789000029],[105.52270507800012,12.030700684000067],[105.51849365200013,12.031677246000072],[105.5037231450001,12.031921387000125],[105.50067138700018,12.030883789000029],[105.49072265600012,12.024719238000046],[105.48712158200004,12.034912109000118],[105.48571777300015,12.038696289000029],[105.48309326200012,12.034912109000118],[105.48107910200014,12.032287598000096],[105.47967529300007,12.029724121000186],[105.478515625,12.027099609000118],[105.47631835900012,12.02368164100011],[105.4746704100001,12.020874023000147],[105.47290039100011,12.017883301000154],[105.47229003900009,12.013305664000029],[105.47149658200004,12.007690430000082],[105.47308349600007,12.003479003999985],[105.47149658200004,12.00109863300014],[105.47131347700008,11.997314453],[105.47113037100002,11.99328613300014],[105.47088623000019,11.989074707000043],[105.47113037100002,11.984313965000126],[105.4705200200001,11.978881835999971],[105.4705200200001,11.971496581999986],[105.47027587900004,11.964294434000067],[105.47027587900004,11.95788574200003],[105.47027587900004,11.952087402000075],[105.46929931600016,11.946472168000184],[105.46832275400016,11.941284180000082],[105.46667480500014,11.935485840000126],[105.46368408200004,11.926879883000083],[105.45947265600012,11.918884277000075],[105.4548950200001,11.913696289000143],[105.4570922850001,11.91149902300009],[105.4600830080002,11.907897949000187],[105.46368408200004,11.904296875000114],[105.46691894500009,11.90087890600006],[105.46368408200004,11.898071288999972],[105.45910644500009,11.893920898000033],[105.45587158200004,11.891906737999989],[105.4534912110002,11.890319824000187],[105.45367431600016,11.88592529300007],[105.45367431600016,11.881530762000182],[105.4534912110002,11.876281738000046],[105.45190429700017,11.872680664000143],[105.45111084000013,11.869506836000085],[105.44989013700012,11.865295410000158],[105.45007324200009,11.86151123000002],[105.44909668000014,11.853088379000098],[105.4483032230001,11.847717285000101],[105.44769287100007,11.843322754000042],[105.4470825200001,11.839477539000143],[105.4468994140002,11.836303711000085],[105.44427490200013,11.833496094000054],[105.44152832000009,11.832702637000182],[105.43811035200008,11.832092285000158],[105.43310546900011,11.831115723000153],[105.4281005860002,11.830078125000114],[105.42492675800014,11.82928466800007],[105.42211914100005,11.828674316000047],[105.41870117200017,11.827697754000042],[105.41589355500008,11.828491211000085],[105.41528320300006,11.831298828000115],[105.41168212900016,11.83331298800016],[105.40991210900012,11.835693359],[105.40930175800014,11.840087891],[105.40490722700008,11.841674805000025],[105.40509033200004,11.84490966800007],[105.40130615200007,11.8464965820001],[105.39868164100011,11.84368896500007],[105.39648437500017,11.841918944999975],[105.39428710900012,11.840087891],[105.39129638700012,11.8386840820001],[105.38928222700008,11.841308594],[105.3853149410001,11.842712402000188],[105.38110351600005,11.844726562],[105.37707519500009,11.844726562],[105.37371826200007,11.844299316000047],[105.37292480500008,11.849121094],[105.36987304700017,11.850891112999989],[105.36712646500007,11.852111816000047],[105.36529541000004,11.855102539000143],[105.36212158200016,11.856506347999982],[105.35827636700003,11.85491943400018],[105.35449218700012,11.852905273000033],[105.35028076200007,11.852111816000047],[105.3472900390002,11.8543090820001],[105.34350585900006,11.853881836000085],[105.33929443400007,11.855895996000129],[105.33752441400014,11.85931396500007],[105.33508300800008,11.862915039000086],[105.33148193400007,11.86468505900018],[105.32971191400014,11.867919922000056],[105.3264770510001,11.870117187000062],[105.32427978500004,11.86651611300016],[105.32208252000004,11.864074707000157],[105.31872558600008,11.86468505900018],[105.31469726600005,11.864318847999982],[105.31091308600008,11.861694336000085],[105.3065185550002,11.860717773000033],[105.30291748000008,11.859924316],[105.29949951200007,11.858703612999989],[105.2954711910001,11.859130859000174],[105.29211425800008,11.856689453000172],[105.28851318400018,11.855895996000129],[105.28430175800008,11.85711669900013],[105.28552246100008,11.853515625000114],[105.28851318400018,11.850891112999989],[105.28710937500011,11.846130371000072],[105.28350830100004,11.846313477000137],[105.27929687500011,11.84747314499998],[105.27728271500007,11.843872070000032],[105.27569580100004,11.84112548800016],[105.27148437500011,11.840881348000039],[105.268127441,11.842529297000056],[105.26727294900019,11.839721679999968],[105.26611328100017,11.83612060500019],[105.26287841800013,11.832702637000182],[105.26171875000011,11.828674316000047],[105.2600708010001,11.824707031000173],[105.25811767600004,11.822326660000101],[105.25653076200018,11.819091797000056],[105.2546997070001,11.815673828000115],[105.25372314500015,11.81268310500002],[105.25091552700019,11.812072754000098],[105.24731445300012,11.813903809000124],[105.24487304700011,11.810119629000042],[105.24407959000007,11.806884766000167],[105.24188232400019,11.804870605000076],[105.2390747070001,11.80267334000007],[105.23571777300003,11.80133056600016],[105.23309326200018,11.799682617000144],[105.22888183600008,11.797912598000153],[105.22351074200014,11.79852294900013],[105.22009277300003,11.795471191000047],[105.21710205100004,11.791076660000158],[105.21228027300003,11.790527344000168],[105.20910644500015,11.786682129000042],[105.20428466800007,11.78448486300016],[105.20050048800016,11.783874512000182],[105.19671630900012,11.783081055000025],[105.19329834000001,11.780273437000062],[105.19152832000015,11.777282715000013],[105.18908691400009,11.773925781000116],[105.1859130860002,11.770874023000033],[105.18212890600012,11.768310547],[105.17791748000019,11.768310547],[105.17407226600017,11.76812744100016],[105.17108154300007,11.764709473000153],[105.16790771500018,11.762512207000043],[105.16467285200014,11.76190185500019],[105.16070556600016,11.762512207000043],[105.15710449200009,11.759704590000183],[105.15911865200013,11.755493164000086],[105.16247558600008,11.751892090000183],[105.16448974600007,11.74670410200008],[105.16387939500015,11.742492675999983],[105.16088867200006,11.739318848000096],[105.1593017580002,11.735473633000026],[105.15588378900009,11.734924316000104],[105.15191650399998,11.734497070000145],[105.14709472700014,11.734497070000145],[105.1431274410001,11.734924316000104],[105.13867187500006,11.736511230000133],[105.13488769500015,11.738098145000095],[105.13092041000004,11.739685059000124],[105.12652587900016,11.741271973000153],[105.12109375000006,11.74188232400013],[105.11767578100012,11.741516113000102],[105.11492919900007,11.740478516000167],[105.11187744100016,11.738891602000137],[105.1087036130001,11.736083984000174],[105.10607910200008,11.734680175999983],[105.10131835900012,11.734680175999983],[105.09667968700018,11.736694336000028],[105.09448242200017,11.739685059000124],[105.0930786130001,11.742309570000145],[105.09112548800005,11.74627685500019],[105.08807373000019,11.750122070000089],[105.08349609400011,11.750915527000132],[105.07830810500013,11.751098633000026],[105.0745239260001,11.751098633000026],[105.07110595699999,11.751098633000026],[105.06652832000009,11.751098633000026],[105.06127929700017,11.751098633000026],[105.05749511700003,11.751098633000026],[105.05249023400012,11.75128173800016],[105.04809570300006,11.752075195000145],[105.04888916000004,11.755676270000151],[105.04870605500008,11.759277344],[105.04852294900002,11.76287841800007],[105.04888916000004,11.767517090000183],[105.0477294920002,11.772094727000137],[105.04711914100005,11.776123047],[105.04852294900002,11.779113770000095],[105.04931640600006,11.784729004000042],[105.05047607400007,11.789123535000101],[105.05072021500013,11.793090819999975],[105.05212402300009,11.79711914100011],[105.05291748000013,11.80108642600004],[105.055908203,11.80291748000019],[105.05950927700007,11.802307129000042],[105.06268310500013,11.805908203000115],[105.06707763700012,11.808715820000145],[105.06689453100006,11.812316895000095],[105.0654907230001,11.815917969000168],[105.06347656200018,11.818725586000028],[105.05969238300014,11.821472168000128],[105.05731201200007,11.824279785000158],[105.05487060500013,11.82647705100004],[105.05267334000018,11.82830810500002],[105.04852294900002,11.832519531000116],[105.04571533200016,11.836486816000047],[105.04290771500013,11.84112548800016],[105.04107666000004,11.844116211000085],[105.03967285200008,11.84747314499998],[105.03833007800017,11.850280762000068],[105.03289794900007,11.850891112999989],[105.02911377000004,11.851684570000032],[105.02252197300004,11.852294922000056],[105.01849365200007,11.852294922000056],[105.01391601600005,11.85272216800007],[105.00927734400011,11.853515625000114],[105.0054931640002,11.854492187000062],[105.00408935500013,11.858886719000054],[105.00189209000013,11.861694336000085],[105.0003051760001,11.864074707000157],[104.9989013670002,11.86712646500007],[104.99829101600005,11.870727539000086],[104.99609375000017,11.874084473000039],[104.9937133790001,11.877502441000047],[104.99072265600017,11.879882812000062],[104.98712158200016,11.881896973000039],[104.98529052700007,11.877929687000062],[104.98309326200007,11.874877930000025],[104.98071289100005,11.871887207000157],[104.9780883790001,11.868530273000033],[104.97570800800008,11.865478516000053],[104.97192382800017,11.861877441000047],[104.9671020510001,11.85968017600004],[104.96411132800017,11.85687255900001],[104.95971679700006,11.861877441000047],[104.95867919900019,11.86468505900018],[104.9578857420002,11.868286133000083],[104.95751953100017,11.871520996000129],[104.9556884770002,11.874694824000187],[104.9536743160001,11.870117187000062],[104.9539184570001,11.86492919900013],[104.95208740200007,11.862487793000128],[104.94909668000003,11.859924316],[104.94671630900018,11.855895996000129],[104.9448852540001,11.852294922000056],[104.94549560500008,11.848083496000129],[104.94427490200007,11.845092773000033],[104.94189453100017,11.841918944999975],[104.94091796900005,11.837707520000151],[104.93951416000016,11.83428955100004],[104.93572998000002,11.832702637000182],[104.93231201200001,11.831115723000153],[104.93048095700016,11.826904297000056],[104.92791748000002,11.823486328000115],[104.9246826170002,11.821289062000062],[104.92169189500015,11.818725586000028],[104.92089843700006,11.815490722999982],[104.92028808600008,11.811279297000056],[104.9180908200002,11.809326172],[104.9146728520002,11.808715820000145],[104.91088867200006,11.80792236300016],[104.90728759800004,11.80792236300016],[104.90350341800007,11.809082031000173],[104.90167236300005,11.812927246000072],[104.89947509800004,11.815917969000168],[104.89587402300003,11.818115234000174],[104.89331054700006,11.819885254000098],[104.89068603500016,11.822326660000101],[104.8875122070001,11.822509766000167],[104.88409423800016,11.823730469000168],[104.88189697299998,11.820129395000095],[104.87792968700018,11.818908691],[104.87371826200018,11.820678711000085],[104.86932373000019,11.823303222999982],[104.86627197300004,11.827514648000033],[104.86169433600008,11.828125],[104.85827636700014,11.83148193400018],[104.85369873000019,11.833129883000026],[104.85211181600016,11.830505371000129],[104.8519287110002,11.826904297000056],[104.84631347700014,11.824707031000173],[104.8399047850001,11.823730469000168],[104.83428955100004,11.824279785000158],[104.8308715820001,11.826721191],[104.83251953100012,11.829711914000086],[104.83251953100012,11.833496094000054],[104.83349609400017,11.837280273000033],[104.83148193400012,11.840087891],[104.83148193400012,11.843078612999989],[104.83190918000014,11.846130371000072],[104.83349609400017,11.84991455100004],[104.83392334000018,11.853088379000098],[104.8350830080002,11.858093262000011],[104.83587646500007,11.8621215820001],[104.836486816,11.865478516000053],[104.83691406200018,11.868530273000033],[104.83447265600017,11.871887207000157],[104.83190918000014,11.874084473000039],[104.8298950200001,11.877929687000062],[104.82769775400004,11.880676270000038],[104.82507324200014,11.882873534999987],[104.82287597700014,11.885070801000097],[104.82110595700004,11.88812255900018],[104.821289062,11.89251709000007],[104.81988525400004,11.896911621000129],[104.82110595700004,11.900695801000097],[104.82312011700009,11.903076172000112],[104.82629394500015,11.90850830100004],[104.82788085900017,11.913696289000143],[104.82830810500019,11.91687011700003],[104.82830810500019,11.921081543000128],[104.82830810500019,11.924499512000068],[104.82830810500019,11.929321289000143],[104.828674316,11.933288574000017],[104.82928466800007,11.93731689499998],[104.83129882800012,11.942871094000111],[104.83312988300014,11.945678711000141],[104.83691406200018,11.946472168000184],[104.8411254880001,11.947509766000053],[104.84527587900004,11.951110840000126],[104.84790039100017,11.956298828],[104.84912109400017,11.960510254000098],[104.85009765600012,11.963317871000186],[104.85107421900005,11.966125488000046],[104.85168457000015,11.97009277300009],[104.85272216800007,11.973327637000068],[104.85491943400012,11.975708008000083],[104.85791015600012,11.978271484000118],[104.85992431600016,11.982482910000044],[104.86328125000011,11.983886719000111],[104.86767578100017,11.985290527000075],[104.86968994100005,11.987670898000147],[104.87292480500014,11.98889160200008],[104.87548828100017,11.990112305000082],[104.8784790040001,11.990112305000082],[104.87792968700018,11.987304687000119],[104.88110351600017,11.988708496000186],[104.88427734400005,11.987670898000147],[104.88592529300007,11.990905762000068],[104.88848877000015,11.994323730000076],[104.88891601600017,11.998718262000068],[104.88867187500011,12.00268554700017],[104.88909912100013,12.006103516000053],[104.88867187500011,12.010681152000132],[104.89251709000001,12.012695312000119],[104.89392089800003,12.015319824000073],[104.894287109,12.01867675799997],[104.89227294900019,12.022277832000043],[104.89068603500016,12.025512695000089],[104.8892822270002,12.028686523000147],[104.88769531200006,12.032287598000096],[104.88909912100013,12.03588867200017],[104.8927001950002,12.040527344000111],[104.89190673800016,12.04492187500017],[104.88989257800012,12.048889160000101],[104.89031982400013,12.053710937000176],[104.88909912100013,12.05688476600011],[104.88812255900012,12.060485840000183],[104.88452148400017,12.065673828000115],[104.88189697299998,12.071289062000176],[104.87768554700006,12.074096680000139],[104.87268066400014,12.072875977000137],[104.86853027299998,12.073303223000096],[104.87768554700006,12.097290039000086],[104.88232421900017,12.110473633000026],[104.88287353500016,12.116271972999982],[104.88610839800003,12.121520996000072],[104.88568115200019,12.130676270000151],[104.88610839800003,12.134704590000013],[104.88787841800013,12.138671875000114],[104.88989257800012,12.14312744100016],[104.89190673800016,12.146301270000151],[104.894287109,12.149475097999982],[104.89709472700014,12.152893066],[104.89990234400005,12.155517578000115],[104.90191650400004,12.159118652000132],[104.90167236300005,12.163330078000115],[104.90148925800008,12.166687012000011],[104.90167236300005,12.171508789000086],[104.90191650400004,12.17608642600004],[104.90191650400004,12.180725098000153],[104.90148925800008,12.184326172000056],[104.90130615200019,12.18927001999998],[104.90069580100004,12.193481445000032],[104.90032959000001,12.19671630900018],[104.90032959000001,12.200683594000054],[104.89971923800016,12.204711914000086],[104.89752197300015,12.20831298800016],[104.89367675800008,12.208679199000187],[104.8905029300002,12.207519531000173],[104.8862915040001,12.206298828000115],[104.8826904300002,12.20928955100004],[104.8839111330002,12.214111328000115],[104.885314941,12.218505859],[104.88830566400009,12.220275879000098],[104.88732910200014,12.223876953000172],[104.8839111330002,12.225280762000068],[104.8809204100001,12.226318359],[104.87731933600003,12.228515625000114],[104.87451171900017,12.232482909999987],[104.87268066400014,12.23809814499998],[104.87652587900004,12.23809814499998],[104.88067627000015,12.237304687000062],[104.88348388700001,12.23809814499998],[104.88610839800003,12.239318848000039],[104.88909912100013,12.240478516000053],[104.89312744100016,12.24267578100006],[104.89752197300015,12.244506836000085],[104.90167236300005,12.246520996000129],[104.902099609,12.25170898400006],[104.90411377000015,12.254516602000024],[104.90588378900014,12.256896973000039],[104.90887451200007,12.257080078000172],[104.91210937500011,12.258483887000068],[104.91632080100004,12.258300781],[104.91851806600005,12.262329101999967],[104.92272949200014,12.262084961000141],[104.92791748000002,12.26110839800009],[104.93090820300012,12.258728027000188],[104.93432617200006,12.259094238000046],[104.93792724600013,12.260498047000112],[104.94207763700007,12.260498047000112],[104.9461059570001,12.259277344000111],[104.94812011700014,12.261718750000114],[104.9514770510001,12.260681152000075],[104.95587158200016,12.25952148400006],[104.9592895510001,12.257873535000044],[104.96289062500011,12.25811767600004],[104.96209716800013,12.262329101999967],[104.9635009770002,12.265319824000187],[104.96771240200002,12.266723633000083],[104.97192382800017,12.263916016],[104.97528076200007,12.260314941000047],[104.97827148400006,12.258300781],[104.98187255900007,12.255493164000143],[104.98413085900006,12.250488281],[104.98608398400006,12.247070312000119],[104.98712158200016,12.243286133000083],[104.99047851600005,12.240295410000158],[104.99353027300003,12.239318848000039],[104.99627685500013,12.236694336000085],[104.99932861300005,12.232482909999987],[105.00231933600014,12.230712891],[105.00469970700016,12.228088379000098],[105.00750732400019,12.225097656000173],[105.00909423800005,12.222473145000038],[105.01208496100014,12.220520020000151],[105.01550293000008,12.222717285000158],[105.01831054700011,12.220520020000151],[105.02209472700002,12.218505859],[105.02630615200007,12.220520020000151],[105.03051757800017,12.221923828000115],[105.03509521500013,12.222473145000038],[105.03930664100005,12.222717285000158],[105.04248046900011,12.223693848000039],[105.04669189500004,12.224304199000187],[105.04968261700009,12.225280762000068],[105.05352783200016,12.225891113000046],[105.05712890600006,12.226074219000054],[105.06188964800015,12.226074219000054],[105.06610107400007,12.224670409999987],[105.07128906200018,12.223083496000129],[105.07592773400006,12.223083496000129],[105.0797119140002,12.223083496000129],[105.08251953100006,12.221923828000115],[105.08648681600016,12.223327637000182],[105.09008789100011,12.222717285000158],[105.095703125,12.221923828000115],[105.09991455100015,12.22210693400018],[105.10150146500018,12.219482422000112],[105.10107421900017,12.215270996000186],[105.10107421900017,12.21228027300009],[105.10052490200007,12.209472656],[105.10168457000015,12.205688477000024],[105.1052856450001,12.204528809000124],[105.10888671900017,12.204528809000124],[105.11267089799998,12.204101562000062],[105.11712646500013,12.206298828000115],[105.12207031200018,12.207092285000158],[105.12609863300014,12.209106445000032],[105.1273193360002,12.213073730000076],[105.13049316400009,12.21612548800016],[105.1328735350001,12.218322754000042],[105.13629150400004,12.21990966800007],[105.14093017600015,12.219299316000047],[105.14447021500001,12.21990966800007],[105.15008544900013,12.218078613000046],[105.15289306600016,12.214904785000158],[105.15472412100007,12.21228027300009],[105.15911865200013,12.21228027300009],[105.16387939500015,12.21069335900006],[105.16467285200014,12.206298828000115],[105.16552734400017,12.203125],[105.16809082000015,12.20111084000007],[105.17028808600003,12.197875977000024],[105.1738891600001,12.195312500000114],[105.17767334000007,12.195495605000076],[105.18109130900012,12.196472168000128],[105.18572998000019,12.195495605000076],[105.18908691400009,12.192321777000188],[105.19329834000001,12.190124512000182],[105.19592285200014,12.19329834000007],[105.19812011700009,12.19671630900018],[105.20190429700006,12.199707031000173],[105.20129394500015,12.203674316000047],[105.2003173830002,12.207092285000158],[105.1990966800002,12.2117309570001],[105.1973266600001,12.215087891],[105.19628906200006,12.218322754000042],[105.19531250000006,12.222290039000143],[105.19409179700006,12.225708008000083],[105.19287109400005,12.22991943400018],[105.1912841800002,12.235107422000056],[105.19067382800012,12.23809814499998],[105.19012451200012,12.241516112999989],[105.19012451200012,12.245300293000128],[105.19049072300015,12.25030517600004],[105.19567871100008,12.262878418000128],[105.19451904300007,12.26593017600004],[105.19189453100012,12.268493652000075],[105.1895141600001,12.2703247070001],[105.18249511700014,12.274902344000054],[105.1795043950001,12.278930664000143],[105.1751098630001,12.281677246000186],[105.17248535200014,12.284729004000098],[105.168701172,12.295104980000076],[105.16748046900017,12.299499512000068],[105.168701172,12.303710937000119],[105.16967773400017,12.307678223000096],[105.16772460900012,12.310913086000141],[105.16552734400017,12.314086914000029],[105.16552734400017,12.319091797000112],[105.1671142580002,12.32592773400006],[105.16931152300015,12.32952880900001],[105.16571044900013,12.330322266000053],[105.16088867200006,12.331298828],[105.15612793000014,12.332702637000068],[105.1527099610002,12.33447265600006],[105.14947509800015,12.337524413999972],[105.14831543000014,12.340881348000096],[105.14770507800006,12.345520020000038],[105.1448974610002,12.348693848000096],[105.1419067380001,12.351684570000089],[105.14007568400012,12.353881836000028],[105.1370849610002,12.356689453000058],[105.13372802700013,12.358886719000111],[105.13189697300015,12.362121581999986],[105.12927246100003,12.36547851600011],[105.13269043000014,12.36853027300009],[105.13769531200018,12.370727539000029],[105.14172363300014,12.373474121000072],[105.14392089800015,12.376708984000118],[105.1472778320001,12.37890625],[105.15252685500013,12.380126953],[105.15649414100011,12.38171386700003],[105.16027832000015,12.381530762000068],[105.16290283200004,12.38391113300014],[105.16589355500014,12.38732910200008],[105.16790771500018,12.390502930000139],[105.16748046900017,12.394470215000183],[105.16668701200018,12.397521973000096],[105.16949462900004,12.400512695000089],[105.17352294900007,12.397277832000043],[105.17852783200004,12.39709472700008],[105.18267822300015,12.397705078000058],[105.18548584000001,12.396911621000015],[105.18890380900012,12.393493652000132],[105.19207763700018,12.392883301000154],[105.19592285200014,12.392883301000154],[105.19927978500016,12.392517090000126],[105.20227050800003,12.392700195000089],[105.20489502000015,12.393920898000147],[105.2081298830002,12.394470215000183],[105.21173095700004,12.396301270000095],[105.21331787100007,12.400329590000126],[105.2178955080002,12.40112304700017],[105.2214965820001,12.401306152000132],[105.22528076200001,12.398498535000044],[105.22912597700014,12.396118164000029],[105.2322998050002,12.395507812000176],[105.23590087900004,12.394470215000183],[105.2401123050002,12.394714355000133],[105.24328613300008,12.396301270000095],[105.24627685500008,12.397888184000124],[105.25030517600004,12.398498535000044],[105.25451660200014,12.398071289000086],[105.25830078100017,12.399108887000125],[105.2612915040001,12.399902344000111],[105.26409912100013,12.399108887000125],[105.26727294900019,12.396484375000057],[105.26971435500002,12.394897461000028],[105.2720947270002,12.391479492000087],[105.27429199200014,12.387512207000043],[105.27612304700006,12.384277344000168],[105.2799072270002,12.382690430000139],[105.28350830100004,12.384704590000126],[105.28851318400018,12.384887695000089],[105.292724609,12.383728027000075],[105.29687500000017,12.38330078100006],[105.29992675800003,12.38330078100006],[105.30389404300013,12.38330078100006],[105.3087158200002,12.383117676000097],[105.31170654300013,12.382873535000101],[105.31469726600005,12.382873535000101],[105.31750488300008,12.380920410000044],[105.31951904300013,12.375915527000075],[105.32409668000008,12.373474121000072],[105.32849121100014,12.37170410200008],[105.330322266,12.368896484000118],[105.32989502000004,12.36547851600011],[105.33007812500017,12.36187744100016],[105.33190918000003,12.357727051000097],[105.33587646500013,12.357116699000073],[105.3394775390002,12.356689453000058],[105.34368896500013,12.356872559000124],[105.34692382800017,12.356872559000124],[105.35089111300005,12.358703613000102],[105.35467529300018,12.36010742200017],[105.35791015600006,12.361511230000133],[105.36090087900016,12.36389160200008],[105.36431884800004,12.366516113000046],[105.36547851600005,12.371276855000133],[105.36688232400007,12.374877930000139],[105.36767578100006,12.380493164000029],[105.36907959000013,12.385925293000184],[105.37170410200002,12.388122559000067],[105.37249755900007,12.392883301000154],[105.37371826200007,12.396484375000057],[105.37487793000008,12.400695801000154],[105.3762817380001,12.40490722700008],[105.37768554700017,12.407897949000073],[105.3753051760001,12.411926270000038],[105.37707519500009,12.415710449000073],[105.38031005900007,12.418090820000145],[105.38269043000008,12.420104980000133],[105.38372802700007,12.423278809000124],[105.38287353500004,12.426086425999983],[105.38427734400011,12.428710937000176],[105.38610839800009,12.431091309000124],[105.38848877000004,12.43432617200017],[105.3895263670002,12.439514160000101],[105.39031982400002,12.44268798800016],[105.39208984400011,12.445678711000028],[105.39129638700012,12.451110840000183],[105.39208984400011,12.45532226600011],[105.39428710900012,12.45867919900013],[105.39587402300015,12.462280273000033],[105.39971923800005,12.465270996000129],[105.40148925800014,12.46807861300016],[105.40051269500009,12.4714965820001],[105.39910888700007,12.474487304999968],[105.4016723630001,12.476501465000013],[105.40008544900007,12.480285645000151],[105.39752197300004,12.48187255900018],[105.39892578100006,12.485717772999976],[105.40228271500013,12.487121582000043],[105.4058837890002,12.486083984000174],[105.4085083010001,12.482910156000116],[105.41333007800017,12.482482910000101],[105.4163208010001,12.484313965000183],[105.41687011700009,12.487915039000086],[105.4202880860002,12.48852539100011],[105.42352294900007,12.488098145000151],[105.42730712900016,12.488891602000137],[105.43109130900007,12.488281250000114],[105.43548584000018,12.48968505900018],[105.43792724600019,12.492675781000173],[105.44067382800006,12.494506836000028],[105.44091796900011,12.490905762000182],[105.44470214800015,12.490478516000167],[105.44891357400007,12.486328125000057],[105.45190429700017,12.480895996000072],[105.4534912110002,12.476501465000013],[105.45727539100011,12.478881836000085],[105.45971679700017,12.477294922000056],[105.46228027300015,12.473876953000115],[105.46588134800015,12.46929931600016],[105.46710205100015,12.472106934000124],[105.47009277300015,12.472717285000101],[105.47308349600007,12.46929931600016],[105.47650146500018,12.467895508000026],[105.47491455100015,12.464904785000101],[105.47570800800014,12.461914062000176],[105.4788818360002,12.463500977000137],[105.48309326200012,12.462890625000057],[105.48651123000013,12.459899902000132],[105.49011230500014,12.457092285000101],[105.48712158200004,12.454528809000124],[105.49127197300015,12.45172119100016],[105.49652099600007,12.450927734000118],[105.50048828100012,12.450073242000144],[105.50390625000006,12.452880859000174],[105.50689697300015,12.454101562000176],[105.51110839800015,12.453918457000043],[105.51550293000014,12.45532226600011],[105.51947021500007,12.456481934000124],[105.52410888700018,12.456481934000124],[105.52410888700018,12.459716797],[105.52728271500001,12.46112060500019],[105.52569580099998,12.463500977000137],[105.52850341800007,12.465515137000125],[105.53051757800006,12.469726562000176],[105.53149414100017,12.473327637000125],[105.53387451200018,12.476501465000013],[105.53710937500006,12.478271484],[105.54052734400017,12.481689453000115],[105.54309082000015,12.48468017600004],[105.545898437,12.488281250000114],[105.54852294900013,12.49188232400013],[105.55291748000019,12.492309570000145],[105.55810546900017,12.492675781000173],[105.5625,12.492919922],[105.56610107400013,12.493103027000188],[105.56970214800003,12.493286133000026],[105.57391357400013,12.493286133000026],[105.57769775400004,12.493530272999976],[105.58209228500016,12.493713379000042],[105.58630371100008,12.493896484000174],[105.58947753900014,12.49432373000019],[105.59307861299999,12.494506836000028],[105.59710693400018,12.494689941],[105.60131835900017,12.493530272999976],[105.60632324200014,12.494506836000028],[105.61047363300008,12.49432373000019],[105.61431884799998,12.49407959000007],[105.617675781,12.49407959000007],[105.62231445300012,12.49432373000019],[105.62731933600008,12.49432373000019],[105.63049316400014,12.49432373000019],[105.63427734400005,12.494873047000056],[105.6392822270002,12.49407959000007],[105.64312744100005,12.493286133000026],[105.64691162100013,12.492919922],[105.65087890600006,12.492675781000173],[105.65631103500016,12.49188232400013],[105.6597290040001,12.49151611300016],[105.66308593700012,12.491088867000144],[105.6668701170002,12.490905762000182],[105.67187500000017,12.490295410000101],[105.67547607400002,12.490722656000116],[105.6785278320001,12.491271972999982],[105.6812744140002,12.492126465000183],[105.68572998000008,12.493530272999976],[105.69049072300004,12.494689941],[105.6959228520002,12.494873047000056],[105.70092773400006,12.49432373000019],[105.70489502000004,12.494689941],[105.70910644500003,12.496520996000072],[105.71270752000004,12.498901367000144],[105.7158813480001,12.500915527000132],[105.71972656200012,12.501525879000042],[105.72290039100005,12.501525879000042]]]}},{"type":"Feature","properties":{"adm1_name":"Kampong Chhnang","adm1_name1":null,"adm1_name2":null,"adm1_name3":null,"adm1_pcode":"KH04","adm0_name":"Cambodia","adm0_name1":null,"adm0_name2":null,"adm0_name3":null,"adm0_pcode":"KH","valid_on":"2018-10-04","valid_to":null,"area_sqkm":5300.39163482,"version":"v01","lang":"en","lang1":null,"lang2":null,"lang3":null,"adm1_ref_name":"Kampong Chhnang","center_lat":12.17059326,"center_lon":104.54117372},"geometry":{"type":"MultiPolygon","coordinates":[[[[104.44287109400017,12.514526367000087],[104.4375,12.514526367000087],[104.44128418000014,12.51190185500002],[104.44567871100003,12.509887694999975],[104.44952392600015,12.509521484000174],[104.453125,12.510681152000188],[104.45751953100012,12.51190185500002],[104.46148681600016,12.513122559000124],[104.46508789100017,12.5125122070001],[104.46832275399998,12.510314941],[104.47192382800006,12.508300781000173],[104.47528076200018,12.507690430000025],[104.47869873000019,12.50909423800016],[104.4746704100001,12.511108398000033],[104.47229003900009,12.513305664000086],[104.47552490200013,12.514709473000153],[104.47888183600008,12.513916016000167],[104.48187255900018,12.511718750000057],[104.485107422,12.508911133000026],[104.48852539100011,12.505920410000101],[104.49169921900017,12.503906250000057],[104.49487304700006,12.502502441],[104.49670410200014,12.498291016000167],[104.49749755900012,12.494506836000028],[104.49871826200018,12.491088867000144],[104.50091552700013,12.489318848000153],[104.50408935500019,12.48651123000019],[104.50512695300006,12.48370361300016],[104.50531005900012,12.479919434000124],[104.50628662100013,12.476318359000174],[104.50750732400013,12.472717285000101],[104.50988769499997,12.468872069999975],[104.51190185500019,12.466308594000168],[104.51391601600017,12.461914062000176],[104.51568603500016,12.458312988000102],[104.52087402300003,12.456909180000139],[104.52392578100012,12.452880859000174],[104.52691650400004,12.449523926000154],[104.52929687500011,12.44592285200008],[104.53369140600017,12.446716309000124],[104.53771972700014,12.444091797],[104.54187011700014,12.441284179999968],[104.54650878900009,12.440490723000153],[104.55090331999997,12.439086914000086],[104.55432128900009,12.436279297000056],[104.55767822300004,12.433471679999968],[104.56091308600008,12.43029785200008],[104.56652832000015,12.426086425999983],[104.57128906200006,12.42492675800014],[104.57147216800013,12.428894043000014],[104.57031250000011,12.432678223000153],[104.57049560500008,12.43609619100016],[104.573730469,12.433471679999968],[104.57568359400005,12.430114746000072],[104.57751464800003,12.425903320000145],[104.57928466800013,12.42211914100011],[104.5806884770002,12.424682617000087],[104.58087158200016,12.427917480000133],[104.58007812500011,12.432312012000125],[104.57611084000007,12.436523437000176],[104.57470703100017,12.440307617000087],[104.57269287100013,12.443298340000183],[104.56970214800003,12.447326660000044],[104.565917969,12.449279785000101],[104.5632934570001,12.451110840000183],[104.55987548800005,12.453491211000028],[104.556884766,12.455688477000137],[104.55450439500015,12.457519531000116],[104.55151367200006,12.459472656000173],[104.54827880900018,12.460510254000042],[104.54589843700006,12.462280273000033],[104.54327392600004,12.464111328000058],[104.5408935550002,12.465881348000153],[104.53833007800012,12.46807861300016],[104.535705566,12.47088623000019],[104.53228759799998,12.475280762000182],[104.53027343700006,12.478881836000085],[104.52868652300003,12.481323242000087],[104.52587890600017,12.483886719],[104.52368164100017,12.488708496000072],[104.52807617200006,12.487915039000086],[104.53192138700018,12.485900879000042],[104.53491210900017,12.483886719],[104.5379028320001,12.482482910000101],[104.54107666000016,12.48187255900018],[104.54412841800007,12.48071289100011],[104.54772949200014,12.47869873000019],[104.55090331999997,12.476928711000028],[104.5535278320001,12.47430419900013],[104.55572509800015,12.471679687000062],[104.55969238300008,12.470275879000042],[104.56311035200014,12.467895508000026],[104.56671142600004,12.466125488000102],[104.56970214800003,12.46307373000002],[104.5728759770002,12.460083008000026],[104.57550048799999,12.457092285000101],[104.57830810500008,12.454711914000086],[104.58209228500016,12.452270508000026],[104.58691406200006,12.453674316],[104.5885009770002,12.458312988000102],[104.59271240200019,12.458312988000102],[104.59472656200006,12.460876465000013],[104.59509277300009,12.463928223000096],[104.59570312500011,12.467712402000132],[104.59729003900014,12.471313477000137],[104.59613037100013,12.475524902000132],[104.59588623000008,12.481079102000137],[104.59509277300009,12.48492431600016],[104.59130859400005,12.487670898000033],[104.5885009770002,12.489501953000115],[104.58587646500007,12.49188232400013],[104.58227539100005,12.495483398000033],[104.57928466800013,12.497497559000124],[104.5762939450002,12.498474121000129],[104.57312011700014,12.49969482400013],[104.56970214800003,12.500488281000173],[104.5662841800002,12.500488281000173],[104.56311035200014,12.501525879000042],[104.56011962900004,12.502502441],[104.55670166000016,12.504272461000085],[104.55212402300003,12.506530762000182],[104.549072266,12.509521484000174],[104.5457153320001,12.51190185500002],[104.54290771500007,12.514282226999967],[104.53869628900009,12.515502930000025],[104.5343017580002,12.516113281000116],[104.5300903320001,12.516723633000026],[104.52667236299999,12.518310547000056],[104.52252197300015,12.51971435500019],[104.51867675800003,12.521301270000151],[104.51489257800012,12.52288818400018],[104.51208496100008,12.52471923800016],[104.51049804700006,12.527893066000047],[104.51092529300007,12.531494141000167],[104.51110839800003,12.534484862999989],[104.51330566400009,12.53851318400018],[104.51690673800016,12.540527344],[104.51788330100004,12.543884277000018],[104.51971435500019,12.546508789000086],[104.51910400400004,12.55010986300016],[104.51788330100004,12.553894043000128],[104.517089844,12.556884766],[104.5155029300002,12.56072998000002],[104.51788330100004,12.565490723000039],[104.52087402300003,12.568725586000085],[104.52392578100012,12.570312500000114],[104.52667236299999,12.571899414000143],[104.5300903320001,12.574096680000025],[104.53411865200019,12.57611084000007],[104.53710937500006,12.578308105000076],[104.5408935550002,12.581115723000039],[104.54370117200006,12.582702637000068],[104.54669189500015,12.583312987999989],[104.55047607400019,12.585083008000083],[104.55407714800003,12.587097168000128],[104.55731201200018,12.588500977000024],[104.56072998000019,12.589904785000158],[104.56347656200006,12.590881348000039],[104.5662841800002,12.59210205100004],[104.56970214800003,12.593078613000046],[104.57312011700014,12.59350585900006],[104.5776977540001,12.59368896500007],[104.58251953100017,12.595520020000151],[104.58770752000015,12.598693848000039],[104.59167480500008,12.60150146500007],[104.59490966800013,12.602722168000128],[104.59869384800004,12.602722168000128],[104.60369873000008,12.602294922000112],[104.60687255900007,12.602294922000112],[104.6096801760001,12.60327148400006],[104.61370849600013,12.604309082000157],[104.61791992200006,12.60491943400018],[104.62109375000011,12.605712891],[104.62408447300004,12.606689453000172],[104.62792968700006,12.607299805000025],[104.6317138670002,12.606079102000024],[104.63592529300013,12.604309082000157],[104.64093017600004,12.601928711000085],[104.6441040040001,12.600280762000068],[104.64727783200016,12.598876953000172],[104.65032959000007,12.597290039000143],[104.65447998000013,12.594909668000128],[104.6597290040001,12.592895508000083],[104.66430664100005,12.591308594000054],[104.66809082000009,12.589904785000158],[104.67291259800004,12.588684082000157],[104.67852783200016,12.587524414000143],[104.68231201200007,12.58569335900006],[104.68548584000013,12.584289551000097],[104.6892700200001,12.582702637000068],[104.69250488300014,12.580871582000157],[104.69531250000017,12.579711914000143],[104.6983032230001,12.57788085900006],[104.70269775400016,12.575500487999989],[104.70532226600005,12.573913574000187],[104.70770263700012,12.57208251999998],[104.71130371100014,12.569702148000033],[104.71289062500017,12.56671142600004],[104.71691894500009,12.56671142600004],[104.71948242200017,12.564880371000129],[104.72308349600007,12.562072754000098],[104.72607421900017,12.560119629000042],[104.72967529300018,12.558471680000025],[104.7327270510001,12.556274414000143],[104.73608398400012,12.554504395000151],[104.73870849600002,12.553100586000085],[104.74230957000009,12.551330566],[104.74591064500004,12.549926758000026],[104.7633056640002,12.5457153320001],[104.79412841800018,12.537475586000085],[104.81707763700018,12.531921387000182],[104.82067871100008,12.532104492000144],[104.82092285200008,12.528320312],[104.82470703100012,12.525512694999975],[104.82788085900017,12.5222778320001],[104.82629394500015,12.51788330100004],[104.82592773400012,12.514892578000115],[104.82470703100012,12.511718750000057],[104.8223266600001,12.508483887000011],[104.82391357400013,12.505676270000151],[104.82550048800016,12.502502441],[104.82452392600015,12.499328613000102],[104.8223266600001,12.497497559000124],[104.82171630900012,12.49407959000007],[104.81848144500015,12.493286133000026],[104.81549072300015,12.491699219],[104.81488037100007,12.48852539100011],[104.81591796900017,12.485107422000056],[104.81848144500015,12.48187255900018],[104.82250976600011,12.481506348000153],[104.82592773400012,12.480285645000151],[104.82788085900017,12.478088379000042],[104.83068847700014,12.47711181600016],[104.8333129880001,12.478271484],[104.83752441400009,12.478271484],[104.84088134800015,12.474487304999968],[104.84069824200014,12.470275879000042],[104.836486816,12.46929931600016],[104.83227539100017,12.468322754000042],[104.82830810500019,12.465881348000153],[104.83050537100007,12.462524414000029],[104.83288574200014,12.460083008000026],[104.83367919900013,12.455688477000137],[104.83612060500019,12.45172119100016],[104.83911132800012,12.450927734000118],[104.84191894500015,12.45031738299997],[104.84008789100017,12.446289062],[104.836486816,12.443725586000028],[104.8386840820001,12.441711426000154],[104.84252929700017,12.441528320000089],[104.84368896500001,12.43768310500019],[104.84271240200013,12.43432617200017],[104.84588623000019,12.430114746000072],[104.84930419900013,12.427490234000174],[104.8519287110002,12.426330566000104],[104.8555297850001,12.427490234000174],[104.86047363300003,12.429321289000029],[104.86169433600008,12.425903320000145],[104.86132812500006,12.422302246000072],[104.86370849600007,12.420715332000043],[104.86267089800003,12.417480469000168],[104.86511230500014,12.414672852000137],[104.86712646500018,12.410278320000145],[104.86572265600012,12.406677246000072],[104.86651611300016,12.399108887000125],[104.8652954100001,12.394470215000183],[104.86071777299998,12.389709473000096],[104.86151123000019,12.384277344000168],[104.86071777299998,12.380126953],[104.86309814500015,12.374694824000073],[104.86212158200004,12.370910645000038],[104.86511230500014,12.370483398000147],[104.86730957000015,12.373474121000072],[104.86987304700006,12.372070312000176],[104.8731079100001,12.373474121000072],[104.87408447299998,12.376708984000118],[104.8770751950002,12.379272461000028],[104.87988281200006,12.380676270000095],[104.88287353500016,12.38171386700003],[104.88507080100004,12.385925293000184],[104.88592529300007,12.390319824000073],[104.88452148400017,12.392883301000154],[104.88647460900006,12.396118164000029],[104.89093017599998,12.400329590000126],[104.89410400400004,12.396118164000029],[104.89569091800007,12.392700195000089],[104.89630127000015,12.389099121000072],[104.8953247070001,12.386108398000147],[104.89392089800003,12.382507324000073],[104.89489746100008,12.377929687000119],[104.8983154300002,12.375488281000116],[104.89849853500016,12.372314453000058],[104.90032959000001,12.369689941000104],[104.89910888700018,12.366271973000096],[104.8972778320001,12.363708496000015],[104.89630127000015,12.36047363299997],[104.89331054700006,12.357727051000097],[104.89111328100017,12.354309081999986],[104.89392089800003,12.351501465000126],[104.89471435500019,12.348327637000068],[104.89349365200019,12.345520020000038],[104.89251709000001,12.342712402000075],[104.88909912100013,12.34069824200003],[104.88568115200019,12.340270996000072],[104.88287353500016,12.339721680000082],[104.87908935500002,12.337524413999972],[104.87530517600004,12.333496094000111],[104.87152099600007,12.330078125],[104.86871337900004,12.325683594000111],[104.86572265600012,12.325317383000083],[104.86267089800003,12.323730469000054],[104.86248779300007,12.319274902000075],[104.86187744100005,12.315917969000054],[104.85968017600004,12.312316895000038],[104.85748291000016,12.30908203100006],[104.8543090820001,12.305480956999986],[104.8519287110002,12.303100586000141],[104.85369873000019,12.299499512000068],[104.85467529300007,12.295288086000141],[104.85211181600016,12.291320801000097],[104.85131835900017,12.287109375000114],[104.85290527300003,12.283874512000068],[104.85650634800015,12.281127930000025],[104.85791015600012,12.27709960900006],[104.85827636700014,12.272705078000172],[104.86010742200006,12.268310547000112],[104.86132812500006,12.263488770000038],[104.862304687,12.260498047000112],[104.86352539100011,12.257873535000044],[104.86590576200018,12.254272461000141],[104.86810302700019,12.251098633000083],[104.86950683600008,12.247924805000025],[104.87152099600007,12.245117187000062],[104.87268066400014,12.242492676000097],[104.87268066400014,12.23809814499998],[104.87451171900017,12.232482909999987],[104.87731933600003,12.228515625000114],[104.8809204100001,12.226318359],[104.8839111330002,12.225280762000068],[104.88732910200014,12.223876953000172],[104.88830566400009,12.220275879000098],[104.885314941,12.218505859],[104.8839111330002,12.214111328000115],[104.8826904300002,12.20928955100004],[104.8862915040001,12.206298828000115],[104.8905029300002,12.207519531000173],[104.89367675800008,12.208679199000187],[104.89752197300015,12.20831298800016],[104.89971923800016,12.204711914000086],[104.90032959000001,12.200683594000054],[104.90032959000001,12.19671630900018],[104.90069580100004,12.193481445000032],[104.90130615200019,12.18927001999998],[104.90148925800008,12.184326172000056],[104.90191650400004,12.180725098000153],[104.90191650400004,12.17608642600004],[104.90167236300005,12.171508789000086],[104.90148925800008,12.166687012000011],[104.90167236300005,12.163330078000115],[104.90191650400004,12.159118652000132],[104.89990234400005,12.155517578000115],[104.89709472700014,12.152893066],[104.894287109,12.149475097999982],[104.89190673800016,12.146301270000151],[104.88989257800012,12.14312744100016],[104.88787841800013,12.138671875000114],[104.88610839800003,12.134704590000013],[104.88568115200019,12.130676270000151],[104.88610839800003,12.121520996000072],[104.88287353500016,12.116271972999982],[104.88232421900017,12.110473633000026],[104.87768554700006,12.097290039000086],[104.86853027299998,12.073303223000096],[104.87268066400014,12.072875977000137],[104.87768554700006,12.074096680000139],[104.88189697299998,12.071289062000176],[104.88452148400017,12.065673828000115],[104.88812255900012,12.060485840000183],[104.88909912100013,12.05688476600011],[104.89031982400013,12.053710937000176],[104.88989257800012,12.048889160000101],[104.89190673800016,12.04492187500017],[104.8927001950002,12.040527344000111],[104.88909912100013,12.03588867200017],[104.88769531200006,12.032287598000096],[104.8892822270002,12.028686523000147],[104.89068603500016,12.025512695000089],[104.89227294900019,12.022277832000043],[104.894287109,12.01867675799997],[104.89392089800003,12.015319824000073],[104.89251709000001,12.012695312000119],[104.88867187500011,12.010681152000132],[104.88909912100013,12.006103516000053],[104.88867187500011,12.00268554700017],[104.88891601600017,11.998718262000068],[104.88848877000015,11.994323730000076],[104.88592529300007,11.990905762000068],[104.88427734400005,11.987670898000147],[104.88110351600017,11.988708496000186],[104.87792968700018,11.987304687000119],[104.8784790040001,11.990112305000082],[104.87548828100017,11.990112305000082],[104.87292480500014,11.98889160200008],[104.86968994100005,11.987670898000147],[104.86767578100017,11.985290527000075],[104.86328125000011,11.983886719000111],[104.85992431600016,11.982482910000044],[104.85791015600012,11.978271484000118],[104.85491943400012,11.975708008000083],[104.85272216800007,11.973327637000068],[104.85168457000015,11.97009277300009],[104.85107421900005,11.966125488000046],[104.85009765600012,11.963317871000186],[104.84912109400017,11.960510254000098],[104.84790039100017,11.956298828],[104.84527587900004,11.951110840000126],[104.8411254880001,11.947509766000053],[104.83691406200018,11.946472168000184],[104.83312988300014,11.945678711000141],[104.83129882800012,11.942871094000111],[104.82928466800007,11.93731689499998],[104.828674316,11.933288574000017],[104.82830810500019,11.929321289000143],[104.82830810500019,11.924499512000068],[104.82830810500019,11.921081543000128],[104.82830810500019,11.91687011700003],[104.82788085900017,11.913696289000143],[104.82629394500015,11.90850830100004],[104.82312011700009,11.903076172000112],[104.82110595700004,11.900695801000097],[104.81988525400004,11.896911621000129],[104.821289062,11.89251709000007],[104.82110595700004,11.88812255900018],[104.81707763700018,11.890686034999987],[104.81427002000015,11.892883301000097],[104.81072998000013,11.894104004000098],[104.80529785200014,11.89251709000007],[104.80090332000015,11.89147949200003],[104.79650878900003,11.89093017600004],[104.79168701200018,11.890319824000187],[104.78729248000019,11.888916016],[104.78289794900007,11.885681152000075],[104.78088378900009,11.881286621000129],[104.77789306600016,11.881530762000182],[104.77551269500009,11.883911133000083],[104.7725219730001,11.886718750000114],[104.76971435500013,11.885314941000047],[104.76751709000013,11.883483887000068],[104.7647094730001,11.881713867000144],[104.76849365200013,11.871520996000129],[104.7713012700001,11.86749267600004],[104.7711181640002,11.864074707000157],[104.76928710900012,11.86108398400006],[104.77172851600011,11.857910156000173],[104.77087402299998,11.853881836000085],[104.77368164100011,11.850280762000068],[104.7764892580002,11.846679687000062],[104.77947998000019,11.842712402000188],[104.78247070300012,11.839111328000115],[104.77972412100002,11.837707520000151],[104.77709960900012,11.83612060500019],[104.77331543000014,11.835083008000083],[104.76971435500013,11.834899902000188],[104.76708984400017,11.833496094000054],[104.7647094730001,11.8308715820001],[104.76190185500013,11.829528809000124],[104.7556762700001,11.827697754000042],[104.75091552700007,11.829895020000151],[104.74609375,11.830322266000167],[104.74249267600015,11.830322266000167],[104.7393188480001,11.828491211000085],[104.73510742200017,11.827270508000083],[104.73168945300006,11.824890137000011],[104.72607421900017,11.823730469000168],[104.72528076200012,11.82049560500002],[104.72528076200012,11.816894531000173],[104.7222900390002,11.814880371000129],[104.71948242200017,11.813903809000124],[104.71569824200003,11.814514160000101],[104.71289062500017,11.812927246000072],[104.71051025400016,11.81072998000019],[104.70751953100006,11.810119629000042],[104.70428466800018,11.809692383000026],[104.70068359400011,11.810119629000042],[104.6968994140002,11.811279297000056],[104.69348144500009,11.813476562000062],[104.68951416000004,11.814270020000151],[104.68548584000013,11.810119629000042],[104.682128906,11.807678222999982],[104.67791748000008,11.807495117000144],[104.6727294920002,11.805114746000072],[104.66949462900016,11.806701660000101],[104.66607666000004,11.80792236300016],[104.66290283200016,11.808105469],[104.66009521500013,11.809082031000173],[104.6558837890002,11.809326172],[104.65228271500013,11.81072998000019],[104.64831543000003,11.808715820000145],[104.64428710900006,11.807312012000182],[104.641113281,11.80609130900018],[104.63787841800013,11.807312012000182],[104.63232421900005,11.807678222999982],[104.62829589800009,11.806518554999968],[104.62487793000008,11.806274414000143],[104.6217041020002,11.803100586000085],[104.61767578100006,11.799682617000144],[104.61492919900019,11.797912598000153],[104.61169433600014,11.796691895000151],[104.60852050800008,11.793701172000056],[104.6043090820001,11.792114258000026],[104.59912109400005,11.790527344000168],[104.59509277300009,11.790893554999968],[104.59307861300005,11.78631591800007],[104.58911132800012,11.783325195000145],[104.58709716800013,11.779296875000057],[104.58392334000007,11.77667236300016],[104.57989502000015,11.774475097999982],[104.5764770510001,11.770874023000033],[104.5750732420002,11.766906738000102],[104.57189941400014,11.765075684000124],[104.56732177700019,11.76232910200008],[104.56488037100013,11.759521484000118],[104.56390380900018,11.756286621000072],[104.56072998000019,11.754272461000085],[104.55731201200018,11.75128173800016],[104.5535278320001,11.748474121000072],[104.55133056600016,11.743713378999985],[104.54809570300012,11.742309570000145],[104.54528808600008,11.740722656000116],[104.54229736300016,11.741516113000102],[104.53833007800012,11.741271973000153],[104.53387451200001,11.737915039000029],[104.53027343700006,11.73852539100011],[104.52630615200019,11.73748779300007],[104.52288818400018,11.736511230000133],[104.51867675800003,11.735717773000147],[104.51507568400018,11.734497070000145],[104.511474609,11.735900879000042],[104.50811767599998,11.73687744100016],[104.50531005900012,11.737915039000029],[104.50152587900004,11.737304687000176],[104.49792480500014,11.737670898000033],[104.49432373000019,11.737670898000033],[104.49212646500018,11.735473633000026],[104.48852539100011,11.735717773000147],[104.48529052700019,11.738708496000072],[104.48150634800015,11.741516113000102],[104.47747802700019,11.74291992200017],[104.47412109400017,11.744323730000133],[104.47290039100011,11.747070312],[104.47088623000019,11.74969482400013],[104.4678955080002,11.753906250000057],[104.46252441400003,11.755493164000086],[104.45849609400017,11.75451660200008],[104.45428466800007,11.756713867000087],[104.44909668000014,11.757873535000101],[104.4451293950001,11.758728027000132],[104.44207763700018,11.759277344],[104.43872070300006,11.759521484000118],[104.43450927700013,11.75891113299997],[104.43109130900012,11.759521484000118],[104.42749023400012,11.76031494100016],[104.42370605500014,11.760498047],[104.41967773400017,11.760925293000014],[104.41589355500014,11.762512207000043],[104.41333007800006,11.764099121000072],[104.40991210900012,11.763305664000086],[104.40667724600007,11.766113281000116],[104.40332031200012,11.766296387000182],[104.40051269500009,11.76812744100016],[104.3963012700001,11.767517090000183],[104.39208984400011,11.768493652000132],[104.38812255900007,11.770080566],[104.38269043000014,11.76947021500007],[104.37811279300018,11.768310547],[104.3753051760001,11.769104004000042],[104.37310791000004,11.770874023000033],[104.3707275390002,11.773071289000086],[104.36651611300005,11.776306152000132],[104.36370849600019,11.780700684000124],[104.36108398400012,11.784912109000174],[104.35913085900006,11.787475586000085],[104.35687255900007,11.789306641000167],[104.35491943400007,11.792114258000026],[104.35308837900016,11.794494629000042],[104.3508911130001,11.796325684000124],[104.3485107420002,11.798706054999968],[104.34588623000013,11.800292969],[104.34411621100014,11.803100586000085],[104.33990478500004,11.805725098000153],[104.33691406200012,11.809692383000026],[104.33410644500009,11.813110352000137],[104.33172607400019,11.815673828000115],[104.331298828,11.818908691],[104.32891845700016,11.822692871000129],[104.32592773400006,11.824523925999983],[104.32391357400019,11.826904297000056],[104.32330322300004,11.829711914000086],[104.323486328,11.83331298800016],[104.32208252000004,11.83587646500007],[104.32110595700016,11.840087891],[104.32232666000016,11.842895508000026],[104.3218994140002,11.846130371000072],[104.32391357400019,11.848693848000039],[104.3245239260001,11.852905273000033],[104.32287597700008,11.85687255900001],[104.32012939499998,11.860290527000018],[104.31811523400006,11.862915039000086],[104.31707763700012,11.866088866999974],[104.3140869140002,11.869689941000047],[104.31292724600013,11.872924805000025],[104.31207275400016,11.877319336000085],[104.30828857400002,11.879882812000062],[104.30670165999999,11.882690430000025],[104.30291748000008,11.884521484],[104.2996826170002,11.887695312000062],[104.29608154300013,11.889709473000039],[104.29370117200011,11.892700195000032],[104.29089355500008,11.89428710900006],[104.28552246100008,11.896911621000129],[104.28070068400001,11.898925781000173],[104.27728271500013,11.90209960900006],[104.27508544900019,11.904479980000076],[104.2720947270002,11.906311035000158],[104.26947021500013,11.909118652000018],[104.26708984400005,11.911682129000098],[104.26593017600004,11.915893555000082],[104.26629638700007,11.91967773400006],[104.2678833010001,11.922302246000186],[104.26831054700011,11.926330566000047],[104.26550293000003,11.928283691000104],[104.26489257800017,11.931518555000025],[104.26312255900018,11.93408203100006],[104.26068115200007,11.936523437000062],[104.25909423800005,11.940673828],[104.25787353499999,11.945495605000076],[104.25628662100019,11.94812011700003],[104.25592041000016,11.951904297000112],[104.25653076200018,11.956726074000187],[104.25927734400005,11.961914062000119],[104.26208496100014,11.96850585900006],[104.26269531200006,11.972290039000029],[104.26312255900018,11.979309082000157],[104.26208496100014,11.98291015600006],[104.26049804700011,11.985290527000075],[104.25891113300008,11.988525391000053],[104.25872802700019,11.992126465000126],[104.25848388700007,11.995727538999972],[104.25653076200018,11.998107910000044],[104.2545166020002,12.001708984000118],[104.25189209000007,12.005310059000067],[104.24768066400014,12.005676270000095],[104.24291992200006,12.00671386700003],[104.2371215820001,12.00830078100006],[104.23413085900017,12.010314941000104],[104.22491455100004,12.012084961000028],[104.22113037100013,12.01428222700008],[104.21789550800008,12.018493652000132],[104.21612548800016,12.02209472700008],[104.2147216800002,12.025878906000116],[104.21331787100013,12.030273437000176],[104.21228027300003,12.033691406000116],[104.210693359,12.036926270000038],[104.20989990200019,12.03991699200003],[104.20867919900019,12.043884277000132],[104.2081298830002,12.04748535200008],[104.2056884770002,12.05187988299997],[104.20452880900012,12.056701660000044],[104.20367431600005,12.061889648000147],[104.20288085900006,12.066894531000116],[104.20208740200019,12.069702148000147],[104.20068359400005,12.073486328000058],[104.19927978500016,12.076721191000104],[104.20007324200014,12.080505371000072],[104.19873046900017,12.084472656000116],[104.1973266600001,12.088928223000096],[104.19689941400009,12.092102051000154],[104.19689941400009,12.095092772999976],[104.19427490200019,12.098510742000087],[104.19207763700001,12.10211181600016],[104.19012451200018,12.104492187],[104.18609619100005,12.105895996000072],[104.18670654300007,12.10968017600004],[104.18627929700006,12.11352539100011],[104.18670654300007,12.117919922],[104.18670654300007,12.123474121000129],[104.186523437,12.127685547000056],[104.18627929700006,12.132080078000115],[104.18572998000019,12.136291504000042],[104.18627929700006,12.14031982400013],[104.186523437,12.143920897999976],[104.18511962900004,12.14788818400018],[104.18511962900004,12.15228271500007],[104.18511962900004,12.156677246000129],[104.18450927700019,12.160522461000028],[104.18450927700019,12.163696289000086],[104.18328857400013,12.16729736300016],[104.1817016600001,12.169677734],[104.17932128900009,12.171875000000114],[104.17547607400019,12.172912598000153],[104.17187500000011,12.17608642600004],[104.17108154300007,12.179687500000114],[104.17169189500015,12.18292236300016],[104.17150878900009,12.187072754000098],[104.17272949200009,12.189880371000129],[104.1749267580002,12.191894531000173],[104.17633056600016,12.194702148000033],[104.17309570300012,12.196899414000143],[104.17230224600013,12.201293945000032],[104.17309570300012,12.205688477000024],[104.17407226600017,12.209899902000188],[104.17547607400019,12.214904785000158],[104.17608642600004,12.219299316000047],[104.17651367200006,12.222717285000158],[104.17712402299998,12.226928711000085],[104.17828369100005,12.233093262000068],[104.18011474600007,12.237915039000143],[104.1804809570001,12.241516112999989],[104.18292236300016,12.244323730000076],[104.18511962900004,12.248474121000186],[104.18768310500008,12.252075195000032],[104.1882934570001,12.255493164000143],[104.19091796900017,12.259887695000032],[104.19470214800003,12.262512207000157],[104.1973266600001,12.264892578000172],[104.19989013700001,12.266296387000068],[104.201721191,12.2703247070001],[104.20452880900012,12.273681641000053],[104.20831298800016,12.277893066000104],[104.20971679700006,12.280883788999972],[104.21228027300003,12.284301758000083],[104.21588134800004,12.28649902300009],[104.21807861300005,12.288879395000038],[104.22070312500011,12.290710449000187],[104.22369384800004,12.291320801000097],[104.22711181600005,12.29150390600006],[104.2305297850001,12.29187011700003],[104.23388671900005,12.292907715000126],[104.23767089800009,12.292907715000126],[104.24249267600004,12.29431152300009],[104.24572753900009,12.295898437000119],[104.25030517600004,12.294921875000114],[104.25408935500008,12.295104980000076],[104.25769043000003,12.296691895000038],[104.26110839800003,12.298706055000082],[104.263916016,12.299316406],[104.26550293000003,12.301696777000075],[104.2664794920002,12.305480956999986],[104.26947021500013,12.309509277000075],[104.27252197300004,12.313110352000024],[104.27630615200002,12.31530761700003],[104.2799072270002,12.318725586000141],[104.28289794900019,12.321716309000067],[104.28570556600005,12.32287597700008],[104.28869628900014,12.322509766000053],[104.29248046900011,12.322692871000186],[104.29608154300013,12.322082520000038],[104.30010986300005,12.323730469000054],[104.30352783200016,12.326293945000089],[104.3074951170002,12.326477051000154],[104.31127929700011,12.326721191000104],[104.31469726600005,12.32751464800009],[104.3153076170002,12.331726074000017],[104.31829834000013,12.332702637000068],[104.32110595700016,12.333923340000126],[104.32409668000008,12.33508300800014],[104.32672119100005,12.337280273000147],[104.32812500000011,12.340270996000072],[104.32952880900001,12.343078613000102],[104.33209228500004,12.345520020000038],[104.3342895510001,12.347473145000095],[104.3364868160001,12.351074219000111],[104.33892822300004,12.355285645000095],[104.34008789100005,12.358093262000125],[104.3499145510001,12.38549804700017],[104.35028076200012,12.38952636700003],[104.35028076200012,12.393493652000132],[104.35247802700013,12.397888184000124],[104.3563232420002,12.399902344000111],[104.3599243160001,12.401672363000102],[104.36267089800015,12.404113770000095],[104.36608886700009,12.406127930000082],[104.3696899410001,12.408081055000139],[104.37249755900007,12.410522460999971],[104.37451171900011,12.413696289000029],[104.3762817380001,12.416503906000116],[104.38092041000004,12.41711425800014],[104.38488769500009,12.417297363000102],[104.3884887700001,12.418273925999983],[104.3919067380001,12.420288086000028],[104.39050293000008,12.423278809000124],[104.38812255900007,12.425903320000145],[104.38732910200002,12.429504395000095],[104.3883056640002,12.432922363000102],[104.38909912100002,12.436706543000014],[104.38647460900012,12.441284179999968],[104.38452148400012,12.445129395000095],[104.38348388700012,12.448486328000115],[104.38232421900011,12.45172119100016],[104.3806762700001,12.4558715820001],[104.3806762700001,12.462280273000033],[104.38110351600011,12.472106934000124],[104.3818969730001,12.475280762000182],[104.38330078100006,12.478881836000085],[104.38592529300018,12.48211669900013],[104.38690185500013,12.485900879000042],[104.38647460900012,12.489318848000153],[104.38751220699999,12.492126465000183],[104.3883056640002,12.494873047000056],[104.38891601600005,12.497924805000139],[104.38787841800018,12.500671387000011],[104.3870849610002,12.503479004000098],[104.38671875000017,12.508483887000011],[104.38891601600005,12.51190185500002],[104.3919067380001,12.509521484000174],[104.39691162100002,12.506896972999982],[104.40209960900012,12.507080078000115],[104.40710449200009,12.509704590000013],[104.40887451200012,12.5125122070001],[104.41271972700008,12.511474609],[104.41589355500014,12.51190185500002],[104.41912841800018,12.511474609],[104.42492675800014,12.512329102000137],[104.4216918950001,12.515930175999983],[104.42327880900012,12.51971435500019],[104.41870117200017,12.523498535000158],[104.41369628900003,12.52069091800007],[104.40991210900012,12.519287109],[104.40631103500004,12.518676758000083],[104.40148925800014,12.518920898000033],[104.39569091800018,12.51971435500019],[104.38891601600005,12.5222778320001],[104.38812255900007,12.526489258000026],[104.38470459000013,12.52850341800007],[104.38989257800006,12.53070068400018],[104.3931274410001,12.532470703000172],[104.39147949200009,12.535278320000032],[104.38928222700008,12.538330078000115],[104.38867187500006,12.541076660000158],[104.3895263670002,12.544311523000033],[104.39147949200009,12.546508789000086],[104.39471435500013,12.543518066],[104.39849853500004,12.546325684000124],[104.39990234400011,12.549926758000026],[104.40191650400016,12.55249023400006],[104.40289306600016,12.548889160000158],[104.40472412100019,12.545288086000085],[104.40710449200009,12.54132080100004],[104.41027832000015,12.53851318400018],[104.41369628900003,12.5379028320001],[104.41711425800014,12.537109375000114],[104.42071533200004,12.53631591800007],[104.42431640600006,12.534301758000026],[104.41967773400017,12.532470703000172],[104.42352294900007,12.529724121000072],[104.42590332000009,12.527709961000085],[104.42608642600015,12.52471923800016],[104.42871093700018,12.52288818400018],[104.43151855500014,12.521728516000167],[104.43511962900016,12.51971435500019],[104.43872070300006,12.517517090000013],[104.44287109400017,12.514526367000087]]],[[[104.42767334000018,12.530883789000143],[104.4307250980001,12.531127929999968],[104.43487548800016,12.52728271500007],[104.43872070300006,12.525085449000187],[104.44049072300015,12.522521973000153],[104.436279297,12.52288818400018],[104.4329223630001,12.524475098000039],[104.43011474600007,12.526916504000042],[104.42767334000018,12.530883789000143]]],[[[104.44427490200013,12.519104004000042],[104.44873046900011,12.519287109],[104.45190429700017,12.518310547000056],[104.45532226600011,12.51690673800016],[104.45092773400012,12.515502930000025],[104.44592285200008,12.516113281000116],[104.44427490200013,12.519104004000042]]],[[[104.44287109400017,12.514526367000087],[104.44787597700014,12.512329102000137],[104.44567871100003,12.509887694999975],[104.44287109400017,12.514526367000087]]]]}},{"type":"Feature","properties":{"adm1_name":"Kampong Speu","adm1_name1":null,"adm1_name2":null,"adm1_name3":null,"adm1_pcode":"KH05","adm0_name":"Cambodia","adm0_name1":null,"adm0_name2":null,"adm0_name3":null,"adm0_pcode":"KH","valid_on":"2018-10-04","valid_to":null,"area_sqkm":6969.48474432,"version":"v01","lang":"en","lang1":null,"lang2":null,"lang3":null,"adm1_ref_name":"Kampong Speu","center_lat":11.57672119,"center_lon":104.27012954},"geometry":{"type":"Polygon","coordinates":[[[104.20989990200019,12.03991699200003],[104.210693359,12.036926270000038],[104.21228027300003,12.033691406000116],[104.21331787100013,12.030273437000176],[104.2147216800002,12.025878906000116],[104.21612548800016,12.02209472700008],[104.21789550800008,12.018493652000132],[104.22113037100013,12.01428222700008],[104.22491455100004,12.012084961000028],[104.23413085900017,12.010314941000104],[104.2371215820001,12.00830078100006],[104.24291992200006,12.00671386700003],[104.24768066400014,12.005676270000095],[104.25189209000007,12.005310059000067],[104.2545166020002,12.001708984000118],[104.25653076200018,11.998107910000044],[104.25848388700007,11.995727538999972],[104.25872802700019,11.992126465000126],[104.25891113300008,11.988525391000053],[104.26049804700011,11.985290527000075],[104.26208496100014,11.98291015600006],[104.26312255900018,11.979309082000157],[104.26269531200006,11.972290039000029],[104.26208496100014,11.96850585900006],[104.25927734400005,11.961914062000119],[104.25653076200018,11.956726074000187],[104.25592041000016,11.951904297000112],[104.25628662100019,11.94812011700003],[104.25787353499999,11.945495605000076],[104.25909423800005,11.940673828],[104.26068115200007,11.936523437000062],[104.26312255900018,11.93408203100006],[104.26489257800017,11.931518555000025],[104.26550293000003,11.928283691000104],[104.26831054700011,11.926330566000047],[104.2678833010001,11.922302246000186],[104.26629638700007,11.91967773400006],[104.26593017600004,11.915893555000082],[104.26708984400005,11.911682129000098],[104.26947021500013,11.909118652000018],[104.2720947270002,11.906311035000158],[104.27508544900019,11.904479980000076],[104.27728271500013,11.90209960900006],[104.28070068400001,11.898925781000173],[104.28552246100008,11.896911621000129],[104.29089355500008,11.89428710900006],[104.29370117200011,11.892700195000032],[104.29608154300013,11.889709473000039],[104.2996826170002,11.887695312000062],[104.30291748000008,11.884521484],[104.30670165999999,11.882690430000025],[104.30828857400002,11.879882812000062],[104.31207275400016,11.877319336000085],[104.31292724600013,11.872924805000025],[104.3140869140002,11.869689941000047],[104.31707763700012,11.866088866999974],[104.31811523400006,11.862915039000086],[104.32012939499998,11.860290527000018],[104.32287597700008,11.85687255900001],[104.3245239260001,11.852905273000033],[104.32391357400019,11.848693848000039],[104.3218994140002,11.846130371000072],[104.32232666000016,11.842895508000026],[104.32110595700016,11.840087891],[104.32208252000004,11.83587646500007],[104.323486328,11.83331298800016],[104.32330322300004,11.829711914000086],[104.32391357400019,11.826904297000056],[104.32592773400006,11.824523925999983],[104.32891845700016,11.822692871000129],[104.331298828,11.818908691],[104.33172607400019,11.815673828000115],[104.33410644500009,11.813110352000137],[104.33691406200012,11.809692383000026],[104.33990478500004,11.805725098000153],[104.34411621100014,11.803100586000085],[104.34588623000013,11.800292969],[104.3485107420002,11.798706054999968],[104.3508911130001,11.796325684000124],[104.35308837900016,11.794494629000042],[104.35491943400007,11.792114258000026],[104.35687255900007,11.789306641000167],[104.35913085900006,11.787475586000085],[104.36108398400012,11.784912109000174],[104.36370849600019,11.780700684000124],[104.36651611300005,11.776306152000132],[104.3707275390002,11.773071289000086],[104.37310791000004,11.770874023000033],[104.3753051760001,11.769104004000042],[104.37811279300018,11.768310547],[104.38269043000014,11.76947021500007],[104.38812255900007,11.770080566],[104.39208984400011,11.768493652000132],[104.3963012700001,11.767517090000183],[104.40051269500009,11.76812744100016],[104.40332031200012,11.766296387000182],[104.40667724600007,11.766113281000116],[104.40991210900012,11.763305664000086],[104.41333007800006,11.764099121000072],[104.41589355500014,11.762512207000043],[104.41967773400017,11.760925293000014],[104.42370605500014,11.760498047],[104.42749023400012,11.76031494100016],[104.43109130900012,11.759521484000118],[104.43450927700013,11.75891113299997],[104.43872070300006,11.759521484000118],[104.44207763700018,11.759277344],[104.4451293950001,11.758728027000132],[104.44909668000014,11.757873535000101],[104.45428466800007,11.756713867000087],[104.45849609400017,11.75451660200008],[104.46252441400003,11.755493164000086],[104.4678955080002,11.753906250000057],[104.47088623000019,11.74969482400013],[104.47290039100011,11.747070312],[104.47412109400017,11.744323730000133],[104.47747802700019,11.74291992200017],[104.48150634800015,11.741516113000102],[104.48529052700019,11.738708496000072],[104.48852539100011,11.735717773000147],[104.49212646500018,11.735473633000026],[104.49432373000019,11.737670898000033],[104.49792480500014,11.737670898000033],[104.50152587900004,11.737304687000176],[104.50531005900012,11.737915039000029],[104.50811767599998,11.73687744100016],[104.511474609,11.735900879000042],[104.51507568400018,11.734497070000145],[104.51867675800003,11.735717773000147],[104.52288818400018,11.736511230000133],[104.52630615200019,11.73748779300007],[104.53027343700006,11.73852539100011],[104.53387451200001,11.737915039000029],[104.53833007800012,11.741271973000153],[104.54229736300016,11.741516113000102],[104.54528808600008,11.740722656000116],[104.54809570300012,11.742309570000145],[104.55133056600016,11.743713378999985],[104.5535278320001,11.748474121000072],[104.55731201200018,11.75128173800016],[104.56072998000019,11.754272461000085],[104.56390380900018,11.756286621000072],[104.56488037100013,11.759521484000118],[104.56732177700019,11.76232910200008],[104.57189941400014,11.765075684000124],[104.5750732420002,11.766906738000102],[104.5764770510001,11.770874023000033],[104.57989502000015,11.774475097999982],[104.58392334000007,11.77667236300016],[104.58709716800013,11.779296875000057],[104.58911132800012,11.783325195000145],[104.59307861300005,11.78631591800007],[104.59509277300009,11.790893554999968],[104.59912109400005,11.790527344000168],[104.6043090820001,11.792114258000026],[104.60852050800008,11.793701172000056],[104.61169433600014,11.796691895000151],[104.61492919900019,11.797912598000153],[104.61767578100006,11.799682617000144],[104.6217041020002,11.803100586000085],[104.62487793000008,11.806274414000143],[104.62829589800009,11.806518554999968],[104.63232421900005,11.807678222999982],[104.63787841800013,11.807312012000182],[104.641113281,11.80609130900018],[104.64428710900006,11.807312012000182],[104.64831543000003,11.808715820000145],[104.65228271500013,11.81072998000019],[104.6558837890002,11.809326172],[104.66009521500013,11.809082031000173],[104.66290283200016,11.808105469],[104.66607666000004,11.80792236300016],[104.66949462900016,11.806701660000101],[104.6727294920002,11.805114746000072],[104.67791748000008,11.807495117000144],[104.682128906,11.807678222999982],[104.68548584000013,11.810119629000042],[104.68951416000004,11.814270020000151],[104.69348144500009,11.813476562000062],[104.6968994140002,11.811279297000056],[104.70068359400011,11.810119629000042],[104.70428466800018,11.809692383000026],[104.70751953100006,11.810119629000042],[104.71051025400016,11.81072998000019],[104.71289062500017,11.812927246000072],[104.71569824200003,11.814514160000101],[104.71948242200017,11.813903809000124],[104.7222900390002,11.814880371000129],[104.72528076200012,11.816894531000173],[104.72528076200012,11.82049560500002],[104.72607421900017,11.823730469000168],[104.73168945300006,11.824890137000011],[104.73510742200017,11.827270508000083],[104.7393188480001,11.828491211000085],[104.74072265600006,11.824707031000173],[104.74432373000013,11.823303222999982],[104.74810791000004,11.822326660000101],[104.75170898400012,11.821289062000062],[104.75109863300014,11.815490722999982],[104.7512817380001,11.81048584000007],[104.75152587900016,11.807128906000116],[104.75152587900016,11.803710937],[104.75109863300014,11.80047607400013],[104.74969482400007,11.79608154300007],[104.74810791000004,11.791687012000182],[104.74688720700004,11.788879395000151],[104.74548339800015,11.785888672000056],[104.73413085900006,11.751892090000183],[104.73089599600002,11.74188232400013],[104.72747802700013,11.732727051000154],[104.72509765600006,11.728515625],[104.7224731450001,11.721496582000043],[104.72009277300015,11.716125488000102],[104.71850585900012,11.712707520000095],[104.71551513700007,11.70812988300014],[104.70812988300008,11.696716309000067],[104.7017211910001,11.685485840000183],[104.6983032230001,11.677917480000133],[104.6956787110002,11.670898437000119],[104.69348144500009,11.665710449000073],[104.69348144500009,11.660705566000104],[104.69152832000003,11.654724121000186],[104.68768310500013,11.645507812000119],[104.68652343700012,11.641296387000125],[104.6860961910001,11.636901855000133],[104.68627929700017,11.632690430000082],[104.6851196290001,11.629882812000119],[104.682128906,11.622680664000029],[104.6812744140002,11.61712646500007],[104.68011474600019,11.61047363300014],[104.67810058600014,11.601501465000126],[104.67871093700012,11.596679687000119],[104.67730712900016,11.586486816000104],[104.67749023400012,11.58007812500017],[104.67791748000008,11.572509766000053],[104.67852783200016,11.56671142600004],[104.67871093700012,11.560729980000076],[104.67749023400012,11.556884766000053],[104.6760864260001,11.551879883000083],[104.67590332000009,11.548889159999987],[104.67590332000009,11.54467773400006],[104.67370605500008,11.540283203000172],[104.67169189500004,11.534118652000188],[104.67028808600014,11.528503418000128],[104.66888427700007,11.522521972999982],[104.66772460900006,11.51751709000007],[104.66650390600006,11.5125122070001],[104.66552734400005,11.507324219],[104.66510009800004,11.502929687],[104.66333007800017,11.498901367000144],[104.66192626999998,11.494873047000112],[104.6627197270002,11.490905762000182],[104.6627197270002,11.485107422000056],[104.66210937500017,11.480285645000151],[104.66210937500017,11.47589111300016],[104.66131591800013,11.471313477000137],[104.66027832000009,11.46612548800016],[104.65911865200007,11.460327147999976],[104.6583251950002,11.455078125000114],[104.65649414100005,11.449523925999983],[104.65692138700007,11.445129395000095],[104.65631103499999,11.441284180000025],[104.65649414100005,11.435485840000013],[104.66149902300009,11.434326172],[104.66430664100005,11.431274414000086],[104.66729736300005,11.428527832000043],[104.67132568400001,11.426879883000026],[104.67407226600011,11.425903320000145],[104.67590332000009,11.423522949000073],[104.67871093700012,11.421875],[104.68231201200007,11.423706055000139],[104.6838989260001,11.42767334000007],[104.68707275400016,11.42987060500002],[104.68792724600019,11.433105469000168],[104.68969726600005,11.436279297000056],[104.69287109400011,11.436279297000056],[104.6959228520002,11.434692383000026],[104.6995239260001,11.430297852000137],[104.70452880900007,11.429504395000095],[104.70812988300008,11.4304809570001],[104.71173095700016,11.433105469000168],[104.71527099600007,11.433471680000025],[104.71771240200007,11.436096191],[104.71990966800018,11.439086914000086],[104.7224731450001,11.437927246000072],[104.72412109400011,11.434692383000026],[104.72851562500017,11.43670654300007],[104.73107910200008,11.434326172],[104.73413085900006,11.432312012000182],[104.73632812500017,11.428283691],[104.73950195300006,11.428710937000176],[104.7415161130001,11.426513672],[104.7457275390002,11.425720215000183],[104.74987793000014,11.42492675799997],[104.75311279300018,11.42767334000007],[104.7578735350001,11.42608642600004],[104.76129150399998,11.427307129000042],[104.76428222700008,11.42633056600016],[104.76312255900007,11.423706055000139],[104.76751709000013,11.421691895000095],[104.77087402299998,11.42492675799997],[104.77447509800015,11.429077148000033],[104.77447509800015,11.42492675799997],[104.77447509800015,11.421691895000095],[104.7791137700001,11.42211914100011],[104.78228759800015,11.421691895000095],[104.78088378900009,11.417724609000118],[104.78430175800014,11.416076660000101],[104.785888672,11.419494629000042],[104.7869262700001,11.423706055000139],[104.79168701200018,11.423095703000115],[104.78833007800006,11.410095215000183],[104.78369140600012,11.405517578000058],[104.76507568400012,11.386474609000174],[104.76190185500013,11.380676270000095],[104.75488281200018,11.375305176000154],[104.75048828100012,11.370727539000029],[104.74670410200008,11.366699219000168],[104.7379150390002,11.357482910000101],[104.73571777300009,11.354492187000176],[104.73248291000004,11.349914551000154],[104.72949218700018,11.346679687000176],[104.72668457000009,11.343078613000102],[104.7236938480001,11.339111328000058],[104.71948242200017,11.333679199000073],[104.71752929700011,11.33068847700008],[104.71508789100011,11.327697754000155],[104.7125244140002,11.324523926000097],[104.71087646500018,11.321289062000176],[104.70867919900007,11.30688476600011],[104.70672607400002,11.297912598000096],[104.70690918000008,11.289306641000053],[104.70727539100011,11.28369140600006],[104.70227050800014,11.25671386700003],[104.70129394500009,11.250671387000125],[104.70147705100015,11.241271973000096],[104.69848632800006,11.236511230000076],[104.69628906200012,11.232910156],[104.6968994140002,11.22827148400006],[104.6956787110002,11.222473145000038],[104.69409179700017,11.214477538999972],[104.6926879880001,11.206909180000025],[104.69128418000008,11.197326660000158],[104.68969726600005,11.188476562000119],[104.69012451200007,11.183715820000032],[104.68951416000004,11.180725097999982],[104.68591308600014,11.170898437000062],[104.68530273400006,11.166076660000158],[104.68469238300014,11.159912109],[104.68432617200011,11.155883789000143],[104.68548584000013,11.142517090000013],[104.68688964800009,11.131286621000129],[104.68731689500004,11.127685547000056],[104.68792724600019,11.123474121000129],[104.68670654300013,11.115722656000116],[104.6860961910001,11.107727050999983],[104.68548584000013,11.096923828000058],[104.68627929700017,11.087524414000086],[104.68231201200007,11.090698242000144],[104.6782836910001,11.09149169900013],[104.67468261700003,11.090270996000129],[104.67132568400001,11.087280273000033],[104.6682739260001,11.08612060500019],[104.66351318400001,11.085510254000042],[104.65771484400005,11.084472656000173],[104.65393066400014,11.08312988299997],[104.65112304700011,11.08367919900013],[104.6480712890002,11.083312988000102],[104.64447021500013,11.084716797],[104.64129638700007,11.082702637000182],[104.63928222700002,11.07928466800007],[104.63568115200007,11.078125],[104.63269043000008,11.078674316],[104.6295166020002,11.079895020000095],[104.62731933600008,11.082275391000167],[104.62249755900001,11.08428955100004],[104.61853027300003,11.08428955100004],[104.61572265600017,11.085083008000026],[104.61169433600014,11.085693359000174],[104.60650634800004,11.085510254000042],[104.60290527300003,11.086914062000176],[104.59667968700012,11.087890625000057],[104.59210205100004,11.089477539000086],[104.58868408200016,11.091308594000168],[104.58508300800008,11.093505859000174],[104.58129882800017,11.095092773000033],[104.57867431600005,11.096313477000137],[104.57550048799999,11.097290039000086],[104.57208251999998,11.097900391000167],[104.56811523400017,11.098327637000125],[104.56469726600017,11.098876953000115],[104.56152343700006,11.100524902000132],[104.55828857400019,11.100097656000116],[104.55468750000011,11.101684569999975],[104.55010986300016,11.10369873000019],[104.54608154300013,11.10467529300007],[104.54229736300016,11.105285645000151],[104.5379028320001,11.107482910000158],[104.53387451200001,11.110900879000042],[104.52929687500011,11.11248779300007],[104.52667236299999,11.115478516000167],[104.52447509800004,11.117919922000056],[104.52148437500011,11.119873047000056],[104.51849365200019,11.123107910000101],[104.51647949200014,11.126098633000026],[104.5155029300002,11.1296997070001],[104.5125122070001,11.131286621000129],[104.50927734400005,11.131530762000182],[104.5059204100001,11.129882812000062],[104.50311279300007,11.127685547000056],[104.50048828100017,11.126098633000026],[104.49548339800003,11.12469482400013],[104.49011230500014,11.124084472999982],[104.48529052700019,11.123718262000182],[104.48187255900018,11.124084472999982],[104.47869873000019,11.124511719],[104.47448730500014,11.124511719],[104.47070312500006,11.124877930000025],[104.46728515600012,11.126098633000026],[104.46472168000014,11.124877930000025],[104.46173095700004,11.124084472999982],[104.45812988300014,11.124877930000025],[104.45428466800007,11.12689209000007],[104.44952392600015,11.128479004000098],[104.44567871100003,11.130493164000086],[104.44287109400017,11.132873535000158],[104.43969726600011,11.131896972999982],[104.436279297,11.130920410000101],[104.43231201200012,11.128479004000098],[104.42852783200004,11.128479004000098],[104.4251098630001,11.130493164000086],[104.421875,11.132080078000115],[104.4172973630001,11.13250732400013],[104.41308593700018,11.134887695000032],[104.41052246100014,11.13690185500002],[104.40747070300006,11.137878418000128],[104.40527343700018,11.141113281000173],[104.4027099610002,11.14288330100004],[104.40008544900007,11.14569091800007],[104.39691162100002,11.147705078000115],[104.39349365200013,11.143127441],[104.39007568400012,11.141113281000173],[104.3884887700001,11.137878418000128],[104.38452148400012,11.137084961000085],[104.37969970700004,11.136291504000098],[104.37432861300005,11.135498047000056],[104.37011718700012,11.13507080100004],[104.36791992200011,11.132873535000158],[104.36572265600006,11.13507080100004],[104.36230468700012,11.13592529300007],[104.35852050800008,11.136291504000098],[104.35449218700012,11.137695312000062],[104.35028076200012,11.137695312000062],[104.34692382800017,11.139099121000129],[104.34271240200007,11.139709472999982],[104.33831787100019,11.137695312000062],[104.33489990200007,11.13507080100004],[104.33172607400019,11.132080078000115],[104.32928466800018,11.127929687],[104.32910156200012,11.124511719],[104.32690429700011,11.121093750000114],[104.3245239260001,11.11749267600004],[104.32110595700016,11.115722656000116],[104.31829834000013,11.116271973000039],[104.31610107400002,11.113708496000072],[104.31451415999999,11.110290527000188],[104.31292724600013,11.106506348000153],[104.30828857400002,11.10369873000019],[104.30450439500004,11.103515625000057],[104.3010864260001,11.103881836000085],[104.29748535200002,11.104919434000124],[104.29309082000003,11.104492187000062],[104.28930664100005,11.103088379000042],[104.28448486300005,11.102905273000033],[104.27850341800013,11.101928711000028],[104.27368164100005,11.09930419900013],[104.26928710900006,11.097473145000151],[104.26568603499999,11.097717285000101],[104.26110839800003,11.096679687000062],[104.25311279300013,11.094726562000176],[104.24627685500008,11.092895508000026],[104.24291992200006,11.093322754000042],[104.23870849600013,11.093505859000174],[104.23510742200006,11.093505859000174],[104.23132324200014,11.093505859000174],[104.22552490200019,11.093688965000013],[104.22131347700014,11.093688965000013],[104.21588134800004,11.094116211000028],[104.21148681600005,11.09490966800007],[104.20831298800016,11.096130371000072],[104.20410156200006,11.097717285000101],[104.19970703100017,11.098693848000153],[104.19647216800013,11.10089111300016],[104.19207763700001,11.103515625000057],[104.18872070300012,11.106079101999967],[104.18609619100005,11.108276367000144],[104.18389892600004,11.110900879000042],[104.18127441400014,11.113891602000137],[104.17687988300003,11.119506836000085],[104.17449951200018,11.122070312000062],[104.17248535200014,11.12469482400013],[104.17047119100005,11.127929687],[104.16827392600004,11.13311767600004],[104.16607666000016,11.137329102000137],[104.16510009800015,11.14031982400013],[104.16351318400012,11.143493652000188],[104.16107177700019,11.146911621000129],[104.15710449200014,11.149291992000144],[104.152893066,11.150878906000173],[104.14788818400012,11.152709961000085],[104.14392089800015,11.153686523000033],[104.13909912100007,11.155273437000062],[104.13330078100012,11.157470703000172],[104.12768554700006,11.159301758000026],[104.12231445300006,11.160705566000047],[104.11669921900017,11.162109375000114],[104.11029052700013,11.16387939499998],[104.1052856450001,11.165527344],[104.0996704100001,11.167114258000026],[104.09307861300016,11.168701172000056],[104.08789062500006,11.169921875000114],[104.08349609400017,11.170898437000062],[104.07928466800001,11.17169189499998],[104.07470703100012,11.172302246000129],[104.0703125,11.172302246000129],[104.06512451200012,11.171875000000114],[104.06072998000013,11.17132568400018],[104.05670166000004,11.171081543000128],[104.05212402300009,11.171081543000128],[104.0477294920002,11.173095703000172],[104.04327392600015,11.175109862999989],[104.0401000980001,11.177124023000033],[104.03729248000013,11.179870605000076],[104.038330078,11.182678223000039],[104.0410766600001,11.185119629000098],[104.04327392600015,11.188110351999967],[104.04168701200012,11.193115234],[104.04071044900007,11.197082520000038],[104.04071044900007,11.200500488000046],[104.04071044900007,11.20489501999998],[104.03930664100011,11.208129883000026],[104.03552246100014,11.207519531000173],[104.03167724600007,11.206909180000025],[104.02648925800014,11.206298828000172],[104.02172851600005,11.20507812500017],[104.0211181640002,11.209289551000097],[104.02270507800006,11.213317871000129],[104.02551269500009,11.216491699000187],[104.0266723630001,11.220703125000114],[104.02728271500018,11.225891113000046],[104.02709960900012,11.229675293000128],[104.02911377000004,11.233703613000046],[104.03192138700007,11.237121582000157],[104.03210449200003,11.240112305000025],[104.03411865200007,11.243530273000033],[104.03491210900012,11.246520996000129],[104.03668212899998,11.249511719000054],[104.04089355500014,11.252319336000141],[104.04327392600015,11.256286621000186],[104.04547119100016,11.259704590000126],[104.04809570300006,11.26367187500017],[104.05072021500013,11.267700195000089],[104.05151367200017,11.27148437500017],[104.05108642600015,11.275085449000073],[104.04931640600006,11.277709961000141],[104.0477294920002,11.282287598000096],[104.04748535200008,11.286315918000128],[104.0466918950001,11.290283203000058],[104.04589843700018,11.294677734000118],[104.04547119100016,11.298095703000058],[104.04492187500017,11.300903320000089],[104.04449462900016,11.304504395000038],[104.04309082000009,11.30712890600006],[104.0435180660001,11.310302734000118],[104.04449462900016,11.314086914000029],[104.0435180660001,11.318481445000089],[104.0410766600001,11.321899414000029],[104.04028320300006,11.325073242000087],[104.04028320300006,11.32867431600016],[104.04071044900007,11.332092285000044],[104.04211425800014,11.335510254000155],[104.04412841800018,11.338928223000096],[104.04510498000013,11.341674805000139],[104.0466918950001,11.344726562000119],[104.04852294900007,11.351501465000183],[104.0531005860002,11.35229492200017],[104.05767822300015,11.351318359000118],[104.06011962900016,11.353698730000133],[104.05969238300014,11.357727051000097],[104.06048584000018,11.360900878999985],[104.06109619100016,11.364929199000073],[104.06109619100016,11.369873047],[104.05731201200012,11.373107910000044],[104.0545043950001,11.375915527000132],[104.05291748000013,11.379272461000028],[104.05108642600015,11.383300781000116],[104.05029296900011,11.386291504000042],[104.05090332000009,11.389892578000058],[104.05151367200017,11.393127441000104],[104.05267334000018,11.39672851600011],[104.05328369100016,11.400512695000145],[104.05151367200017,11.40490722700008],[104.04711914100005,11.409301758000026],[104.04547119100016,11.412109375000057],[104.04467773400012,11.414916992000087],[104.04388427700013,11.418090820000145],[104.04412841800018,11.422912598000153],[104.04449462900016,11.42791748000019],[104.04187011700009,11.432128906000116],[104.04187011700009,11.435913086000028],[104.04467773400012,11.438903809000124],[104.04730224600002,11.441894531000116],[104.0477294920002,11.445129395000095],[104.04888916000004,11.44891357400013],[104.05187988300014,11.450927734000174],[104.05688476600011,11.452880859],[104.06127929700017,11.454101562],[104.0642700200001,11.457519531000116],[104.06451416000004,11.46209716800007],[104.06372070300006,11.466674805000025],[104.06292724600019,11.4714965820001],[104.06127929700017,11.476318359000174],[104.06011962900016,11.480712891000167],[104.05847168000014,11.485473633000083],[104.05651855500008,11.48992919900013],[104.0543212890002,11.495117187000062],[104.04992675800014,11.497070312000062],[104.0465087890002,11.497924804999968],[104.04370117200017,11.496520996000129],[104.03991699200003,11.494873047000112],[104.03552246100014,11.496704101999967],[104.03192138700007,11.499511719],[104.02868652300015,11.500488281000173],[104.02532959000013,11.501525879000042],[104.02368164100011,11.505920410000101],[104.021484375,11.509521484000174],[104.02032470700016,11.512329102000137],[104.01727294900007,11.516723633000026],[104.0145263670002,11.519897461000085],[104.01171875000017,11.521911621000129],[104.00872802700007,11.524108887000011],[104.00653076200007,11.526123047000056],[104.00170898400006,11.529907226999967],[103.99670410200002,11.530090332000157],[103.99291992200011,11.528076172000112],[103.98870849600019,11.526489258000083],[103.98590087900016,11.524902344000054],[103.98211669900019,11.523925781000173],[103.9791259770002,11.526672363000046],[103.97570800800008,11.526489258000083],[103.97271728499999,11.525085449000187],[103.96911621100014,11.524475098000039],[103.9658813480001,11.522277832000157],[103.96252441400014,11.5203247070001],[103.95812988300008,11.517272949000187],[103.95349121100014,11.518676758000083],[103.94989013700007,11.518310547000056],[103.94567871100014,11.516906737999989],[103.94189453100006,11.516296387000011],[103.93750000000011,11.517089844000054],[103.93347168000008,11.521301270000151],[103.93170166000016,11.524902344000054],[103.93072509800004,11.528503418000128],[103.92889404300013,11.532897949000187],[103.92529296900005,11.535888672000112],[103.92169189500004,11.535278320000032],[103.917724609,11.537109375000114],[103.91711425800008,11.541076659999987],[103.91668701200007,11.544494629000098],[103.91571044900019,11.548522949000187],[103.91369628900014,11.551513672000056],[103.91070556600005,11.553710937000062],[103.90771484400005,11.554870605000076],[103.9049072270002,11.55609130900001],[103.90148925800008,11.556701660000158],[103.89727783200016,11.557128906000173],[103.89367675800008,11.55749511700003],[103.89068603500016,11.557678223000039],[103.88769531200006,11.558715820000032],[103.88610839800003,11.561279297000112],[103.88427734400005,11.564514160000158],[103.88171386700014,11.567077637000068],[103.87731933600008,11.56671142600004],[103.87390136700014,11.567687988000046],[103.87109375000011,11.569274902000075],[103.86749267600004,11.571105957000157],[103.86450195300012,11.573303223000039],[103.86187744100005,11.57452392600004],[103.86328125000011,11.578918457000157],[103.8609008790001,11.581115723000039],[103.8585205080002,11.58392334000007],[103.8555297850001,11.585510254000098],[103.852111816,11.588684082000157],[103.84747314500015,11.590270996000186],[103.84448242200006,11.591308594000054],[103.84252929700006,11.594116211000141],[103.8386840820001,11.596130371000129],[103.83569335900017,11.601074219000111],[103.83367919900019,11.604492187000119],[103.83270263700018,11.607482910000044],[103.82849121100008,11.609313965000126],[103.82611084000001,11.611083984000118],[103.82391357400013,11.613708496000186],[103.82128906200006,11.615722656],[103.81890869100016,11.618103027000075],[103.8132934570001,11.620117187000119],[103.80908203100017,11.621704102000024],[103.80609130900012,11.622314453000172],[103.80212402300015,11.622314453000172],[103.79791259800015,11.622314453000172],[103.79528808600008,11.624511719000111],[103.79571533200004,11.629699706999986],[103.79608154300007,11.633728027000075],[103.79528808600008,11.638305664000029],[103.79571533200004,11.64392089800009],[103.79632568400012,11.648071289000029],[103.79650878900009,11.651123047000112],[103.79730224600007,11.654724121000186],[103.79870605500014,11.657287598000096],[103.80090332000015,11.660705566000104],[103.80230712900004,11.664123535000044],[103.80310058600003,11.666870117000087],[103.80249023400017,11.669677734000118],[103.80249023400017,11.673522949000073],[103.80212402300015,11.677490234000118],[103.80108642600004,11.680480957000043],[103.80072021500018,11.683715820000089],[103.79931640600012,11.686523437000119],[103.79730224600007,11.689086914000029],[103.79492187500006,11.691894531000116],[103.79272460900012,11.693908691000104],[103.78991699200009,11.696899414000029],[103.78607177700019,11.699279785000101],[103.7830810550002,11.701721191000104],[103.78027343700006,11.704895020000095],[103.77807617200006,11.70812988300014],[103.77612304700017,11.710876465000183],[103.77532959000018,11.713684082000043],[103.7747192380001,11.717285156000116],[103.77392578100012,11.72088623000019],[103.77410888700012,11.72570800799997],[103.77447509800015,11.729919434000067],[103.77532959000018,11.733276367000087],[103.77587890600012,11.738098145000095],[103.77832031200018,11.741088867000087],[103.78051757800006,11.743896484000174],[103.78247070300012,11.747924805000139],[103.78289794900013,11.751708984000118],[103.7813110350001,11.755126953000058],[103.77868652300003,11.758483887000182],[103.77612304700017,11.76232910200008],[103.77551269500015,11.765686035000101],[103.77368164100017,11.768676758000026],[103.7734985350001,11.772888184000124],[103.7747192380001,11.775695800999983],[103.77752685500013,11.778076172000056],[103.78887939500015,11.784729004000042],[103.7921142580002,11.787109375000057],[103.79290771500018,11.79071044900013],[103.79290771500018,11.795898437],[103.79327392600004,11.80108642600004],[103.79071044900013,11.804687500000114],[103.78649902299998,11.806518554999968],[103.7843017580002,11.808715820000145],[103.78387451200018,11.812072754000098],[103.78332519500015,11.816284180000025],[103.7830810550002,11.821472168000128],[103.78247070300012,11.826904297000056],[103.7813110350001,11.832092285000158],[103.78167724600013,11.8367309570001],[103.78350830100015,11.841308594],[103.78509521500018,11.845275879000098],[103.78472900399998,11.849487305000025],[103.78869628900009,11.850280762000068],[103.79187011700014,11.847900391000167],[103.79632568400012,11.845886230000076],[103.80133056600016,11.844116211000085],[103.8045043950001,11.84210205100004],[103.8079223630001,11.840270996000129],[103.8132934570001,11.839477539000143],[103.81732177700013,11.838928223000153],[103.82128906200006,11.8386840820001],[103.82470703100012,11.837280273000033],[103.82769775400004,11.83612060500019],[103.83068847700014,11.835693359],[103.83630371100008,11.8367309570001],[103.84027099600013,11.836914062000062],[103.84289550800003,11.838928223000153],[103.84570312500011,11.840270996000129],[103.84869384799998,11.841674805000025],[103.85168457000003,11.842529297000056],[103.85687255900018,11.843505859],[103.859924316,11.843322754000042],[103.86309814500015,11.844299316000047],[103.86608886700014,11.84710693400018],[103.86828613300008,11.849670410000158],[103.8718872070001,11.84991455100004],[103.87469482400019,11.84930419900013],[103.87548828100017,11.857299805000025],[103.873291016,11.860717773000033],[103.87512206999997,11.864074707000157],[103.87689209000007,11.867309570000032],[103.88012695300012,11.869873047000112],[103.88208007800017,11.873291016],[103.88427734400005,11.875915527000188],[103.88787841800013,11.877929687000062],[103.89007568400001,11.881713867000144],[103.89227294900019,11.884887695000032],[103.89648437500011,11.886901855000076],[103.90130615200019,11.887878418000128],[103.9061279300002,11.889526367000144],[103.91027832000003,11.890319824000187],[103.91387939500004,11.89093017600004],[103.91607665999999,11.893920898000033],[103.91870117200011,11.897094727000024],[103.92132568400018,11.898681641000053],[103.92132568400018,11.902893066000047],[103.91888427700007,11.906494141000053],[103.91711425800008,11.908691406],[103.91650390600017,11.911682129000098],[103.91668701200007,11.915527344000054],[103.91607665999999,11.920471191000104],[103.91711425800008,11.924072266000053],[103.91668701200007,11.927673340000126],[103.91790771500007,11.930725098000039],[103.9207153320001,11.931884766000053],[103.92510986300005,11.932312012000068],[103.92767334000013,11.933898926000097],[103.93188476600005,11.935913086000141],[103.9351196290001,11.935729980000076],[103.93627929700011,11.93890380900001],[103.93908691400014,11.94189453100006],[103.94287109400011,11.943725586000085],[103.94769287100019,11.943481445000089],[103.95208740200007,11.939270020000038],[103.95770263700007,11.938476562000119],[103.96191406200012,11.937927246000129],[103.96392822300004,11.935729980000076],[103.9736938480001,11.935913086000141],[103.97631835900006,11.933471680000082],[103.97851562500017,11.931091309000067],[103.9791259770002,11.92749023400006],[103.98071289100005,11.92187500000017],[103.98449707000009,11.914672852000024],[103.98608398400012,11.911682129000098],[103.98852539100005,11.908874512000068],[103.98889160200008,11.905883788999972],[103.99169921900011,11.902893066000047],[103.99591064500004,11.902893066000047],[104.0012817380001,11.903503418000128],[104.0042724610002,11.903076172000112],[104.00732421900011,11.902709961000085],[104.01171875000017,11.901672363000046],[104.01568603500004,11.90087890600006],[104.01971435500013,11.901306152000018],[104.02209472700008,11.904296875000114],[104.02569580100015,11.907470703],[104.02911377000004,11.909729004000098],[104.03387451200012,11.914489746000186],[104.0374755860002,11.915893555000082],[104.04052734400011,11.918273926000097],[104.0435180660001,11.921508789000143],[104.04852294900007,11.92132568400018],[104.05230712900016,11.920288086000141],[104.05767822300015,11.920898437000119],[104.06207275400004,11.923522949000187],[104.06329345700004,11.927307129000098],[104.05810546900011,11.94030761700003],[104.05609130900012,11.947692871000186],[104.0545043950001,11.951477051000097],[104.05047607400007,11.955688477000024],[104.0579223630001,11.96850585900006],[104.06292724600019,11.969909668000128],[104.07287597700014,11.968872070000089],[104.07629394500015,11.97631835900006],[104.07409668000014,11.98132324200003],[104.07788085900017,11.984680176000154],[104.0811157230001,11.985290527000075],[104.08709716800001,11.981689453000058],[104.08929443400012,11.986511230000133],[104.08807373000019,11.99072265600006],[104.09130859400017,11.996520996000186],[104.09271240200013,12.00109863300014],[104.09271240200013,12.004516602000024],[104.09387207000015,12.008117676000097],[104.09527587900004,12.01110839800009],[104.09588623000019,12.016906738000102],[104.09710693400012,12.020690918000184],[104.09710693400012,12.026672363000102],[104.09588623000019,12.03149414100011],[104.094482422,12.035095215000183],[104.09509277300015,12.038696289000029],[104.10247802700013,12.03771972700008],[104.1052856450001,12.03930664100011],[104.10827636700014,12.042907715000126],[104.11108398400017,12.045715332000043],[104.1140747070001,12.04711914100011],[104.12512207000015,12.04772949200003],[104.12927246100008,12.045715332000043],[104.13452148400012,12.043273926000154],[104.13909912100007,12.042724609000118],[104.143310547,12.04370117200017],[104.14587402300003,12.046325684000067],[104.14672851600011,12.049499512000125],[104.14929199200014,12.050720215000126],[104.15270996100003,12.05047607400013],[104.15612793000014,12.04992675800014],[104.16088867200006,12.049682617000087],[104.16491699200009,12.048095703000058],[104.16790771500001,12.046325684000067],[104.17047119100005,12.04370117200017],[104.17248535200014,12.040710449000073],[104.17608642600004,12.038696289000029],[104.18011474600007,12.03771972700008],[104.18267822300004,12.03930664100011],[104.18292236300016,12.042480469000168],[104.18231201200018,12.045898437000176],[104.18127441400014,12.051086426000154],[104.183105469,12.055908203000058],[104.18511962900004,12.05969238299997],[104.18688964800003,12.063293457000043],[104.18872070300012,12.06750488299997],[104.19049072299998,12.07049560500019],[104.19287109400005,12.072875977000137],[104.19567871100008,12.074707031000116],[104.19927978500016,12.076721191000104],[104.20068359400005,12.073486328000058],[104.20208740200019,12.069702148000147],[104.20288085900006,12.066894531000116],[104.20367431600005,12.061889648000147],[104.20452880900012,12.056701660000044],[104.2056884770002,12.05187988299997],[104.2081298830002,12.04748535200008],[104.20867919900019,12.043884277000132],[104.20989990200019,12.03991699200003]]]}},{"type":"Feature","properties":{"adm1_name":"Kampong Thom","adm1_name1":null,"adm1_name2":null,"adm1_name3":null,"adm1_pcode":"KH06","adm0_name":"Cambodia","adm0_name1":null,"adm0_name2":null,"adm0_name3":null,"adm0_pcode":"KH","valid_on":"2018-10-04","valid_to":null,"area_sqkm":12455.2628894,"version":"v01","lang":"en","lang1":null,"lang2":null,"lang3":null,"adm1_ref_name":"Kampong Thom","center_lat":12.81918335,"center_lon":104.95847377},"geometry":{"type":"Polygon","coordinates":[[[105.63171386700014,13.058471680000139],[105.63427734400005,13.052307129000155],[105.63568115200007,13.04748535200008],[105.63708496100014,13.043884277000132],[105.63830566400014,13.040893555000082],[105.6392822270002,13.038085937000119],[105.64031982400019,13.03491210900006],[105.64172363300003,13.031311035000044],[105.6427001950002,13.027709961000141],[105.64349365200002,13.02429199200003],[105.64428710900006,13.02148437500017],[105.64508056600005,13.017700195000089],[105.64672851600017,13.01312255900001],[105.64807128900014,13.009887695000089],[105.64947509800004,13.00671386700003],[105.64990234400005,13.003112793000128],[105.64892578100017,12.997680664000029],[105.64672851600017,12.99389648400006],[105.64489746100008,12.990478516000053],[105.64312744100005,12.987487793000128],[105.64251709000007,12.98431396500007],[105.64367675800008,12.980285645000038],[105.64587402300009,12.977478027000075],[105.64770507800017,12.975280762000068],[105.65008544900019,12.973083496000186],[105.65368652300009,12.971923828000172],[105.65728759800004,12.97009277300009],[105.6616821290001,12.969726562000062],[105.66430664100005,12.967895508000083],[105.66809082000003,12.963500977000024],[105.67187500000017,12.95947265600006],[105.67687988300008,12.956298828000172],[105.67810058600014,12.953125000000114],[105.6773071290001,12.949890137000068],[105.6759033200002,12.946472168000128],[105.6724853520002,12.940124512000011],[105.67108154300013,12.935913086000085],[105.66931152300009,12.932678223000039],[105.66131591800013,12.928710937000062],[105.65887451200007,12.926696777000018],[105.6561279300002,12.924926758000026],[105.65527343700012,12.9207153320001],[105.65649414100005,12.916503906000173],[105.65948486300005,12.908081055000025],[105.66149902300009,12.903930664000086],[105.66387939500004,12.90228271500007],[105.6746826170002,12.898315430000025],[105.67767334000013,12.896301270000151],[105.6824951170002,12.886291504000098],[105.68450927700007,12.882080078000172],[105.6860961910001,12.878479004000098],[105.68707275400016,12.873901367000144],[105.68847656200012,12.869506836000085],[105.69012451200007,12.865722656000116],[105.6890869140002,12.860290527000188],[105.68750000000017,12.855895996000129],[105.6860961910001,12.850708008000026],[105.68487548800005,12.847473145000151],[105.68328857400002,12.844299316],[105.68090820300017,12.841125488000102],[105.6773071290001,12.837524414000086],[105.67407226600005,12.835083008000026],[105.67150878900014,12.831115723000153],[105.67187500000017,12.827697754000042],[105.67388915999999,12.825317383000026],[105.6759033200002,12.821899414000086],[105.67950439500004,12.819274902000188],[105.68170165999999,12.816894531000116],[105.68432617200011,12.810729980000133],[105.67968750000017,12.806884766000167],[105.68011474600013,12.800720215000183],[105.6802978520002,12.797302246000072],[105.6802978520002,12.79327392600004],[105.67889404300013,12.790527344000111],[105.67889404300013,12.787475586000028],[105.67651367200011,12.77947998000019],[105.6812744140002,12.775329590000126],[105.68530273400006,12.773315430000139],[105.68670654300013,12.768676758000026],[105.68731689499998,12.764892578000058],[105.68829345700016,12.761901855000133],[105.68951416000016,12.75891113300014],[105.69128418000008,12.755310059000067],[105.69488525400016,12.75109863299997],[105.69732666000016,12.746520996000015],[105.69567871100014,12.741516113000102],[105.69329834000013,12.737487793000014],[105.6917114260001,12.73352050800014],[105.69189453100006,12.730102539000029],[105.69250488300008,12.726074219000168],[105.69207763700007,12.721679687000176],[105.69549560500008,12.717529297000112],[105.69647216800018,12.713684082000043],[105.69787597700008,12.71008300800014],[105.70050048800005,12.706909180000082],[105.70251464800009,12.704711914000029],[105.70489502000004,12.702087402000132],[105.70709228500004,12.699279785000044],[105.70989990200007,12.696289062000119],[105.71228027300009,12.692321777000075],[105.71228027300009,12.687683105000133],[105.71209716800013,12.683715820000089],[105.71191406200012,12.68029785200008],[105.71209716800013,12.67687988300014],[105.71411132800017,12.672912598000039],[105.7156982420002,12.670104980000133],[105.71789550800014,12.664306641000053],[105.71868896500013,12.660522461000141],[105.7192993160001,12.65710449200003],[105.72052002000004,12.652526855000076],[105.72149658200016,12.646118164000143],[105.7222900390002,12.64147949200003],[105.72271728499999,12.63812255900001],[105.72271728499999,12.633117676000097],[105.7222900390002,12.629272461000141],[105.7213134770002,12.626281738000046],[105.71948242200017,12.622924805000025],[105.7183227540001,12.619506836000141],[105.71789550800014,12.616516113000046],[105.71789550800014,12.612304687000062],[105.71752929700011,12.606872559000067],[105.71752929700011,12.603515625000114],[105.71728515600006,12.598327637000011],[105.71752929700011,12.595275879000098],[105.7180786130001,12.591674805000082],[105.71948242200017,12.586914062000062],[105.72088623000013,12.584289551000097],[105.72192382800017,12.58148193400001],[105.7222900390002,12.576721191000047],[105.72210693400007,12.571899414000143],[105.72247314500004,12.567077637000068],[105.72308349600019,12.56390380900018],[105.72412109400005,12.56048584000007],[105.72528076200012,12.557495116999974],[105.72668457000009,12.554687500000114],[105.72827148400012,12.551513672000056],[105.72949218700012,12.547119141000167],[105.7301025390002,12.543518066],[105.73071289100005,12.539489746000129],[105.73052978499999,12.535888672000056],[105.73071289100005,12.532470703000172],[105.73071289100005,12.529113770000151],[105.73089599600019,12.525329590000013],[105.73107910200008,12.522094726999967],[105.73291015600006,12.518676758000083],[105.73327636700009,12.512329102000137],[105.73327636700009,12.508300781000173],[105.73352050800008,12.505310059000124],[105.73352050800008,12.50128173800016],[105.72967529300018,12.501098633000026],[105.72607421900011,12.501098633000026],[105.72290039100005,12.501525879000042],[105.71972656200012,12.501525879000042],[105.7158813480001,12.500915527000132],[105.71270752000004,12.498901367000144],[105.70910644500003,12.496520996000072],[105.70489502000004,12.494689941],[105.70092773400006,12.49432373000019],[105.6959228520002,12.494873047000056],[105.69049072300004,12.494689941],[105.68572998000008,12.493530272999976],[105.6812744140002,12.492126465000183],[105.6785278320001,12.491271972999982],[105.67547607400002,12.490722656000116],[105.67187500000017,12.490295410000101],[105.6668701170002,12.490905762000182],[105.66308593700012,12.491088867000144],[105.6597290040001,12.49151611300016],[105.65631103500016,12.49188232400013],[105.65087890600006,12.492675781000173],[105.64691162100013,12.492919922],[105.64312744100005,12.493286133000026],[105.6392822270002,12.49407959000007],[105.63427734400005,12.494873047000056],[105.63049316400014,12.49432373000019],[105.62731933600008,12.49432373000019],[105.62231445300012,12.49432373000019],[105.617675781,12.49407959000007],[105.61431884799998,12.49407959000007],[105.61047363300008,12.49432373000019],[105.60632324200014,12.494506836000028],[105.60131835900017,12.493530272999976],[105.59710693400018,12.494689941],[105.59307861299999,12.494506836000028],[105.58947753900014,12.49432373000019],[105.58630371100008,12.493896484000174],[105.58209228500016,12.493713379000042],[105.57769775400004,12.493530272999976],[105.57391357400013,12.493286133000026],[105.56970214800003,12.493286133000026],[105.56610107400013,12.493103027000188],[105.5625,12.492919922],[105.55810546900017,12.492675781000173],[105.55291748000019,12.492309570000145],[105.54852294900013,12.49188232400013],[105.545898437,12.488281250000114],[105.54309082000015,12.48468017600004],[105.54052734400017,12.481689453000115],[105.53710937500006,12.478271484],[105.53387451200018,12.476501465000013],[105.53149414100017,12.473327637000125],[105.53051757800006,12.469726562000176],[105.52850341800007,12.465515137000125],[105.52569580099998,12.463500977000137],[105.52728271500001,12.46112060500019],[105.52410888700018,12.459716797],[105.52410888700018,12.456481934000124],[105.51947021500007,12.456481934000124],[105.51550293000014,12.45532226600011],[105.51110839800015,12.453918457000043],[105.50689697300015,12.454101562000176],[105.50390625000006,12.452880859000174],[105.50048828100012,12.450073242000144],[105.49652099600007,12.450927734000118],[105.49127197300015,12.45172119100016],[105.48712158200004,12.454528809000124],[105.49011230500014,12.457092285000101],[105.48651123000013,12.459899902000132],[105.48309326200012,12.462890625000057],[105.4788818360002,12.463500977000137],[105.47570800800014,12.461914062000176],[105.47491455100015,12.464904785000101],[105.47650146500018,12.467895508000026],[105.47308349600007,12.46929931600016],[105.47009277300015,12.472717285000101],[105.46710205100015,12.472106934000124],[105.46588134800015,12.46929931600016],[105.46228027300015,12.473876953000115],[105.45971679700017,12.477294922000056],[105.45727539100011,12.478881836000085],[105.4534912110002,12.476501465000013],[105.45190429700017,12.480895996000072],[105.44891357400007,12.486328125000057],[105.44470214800015,12.490478516000167],[105.44091796900011,12.490905762000182],[105.44067382800006,12.494506836000028],[105.43792724600019,12.492675781000173],[105.43548584000018,12.48968505900018],[105.43109130900007,12.488281250000114],[105.42730712900016,12.488891602000137],[105.42352294900007,12.488098145000151],[105.4202880860002,12.48852539100011],[105.41687011700009,12.487915039000086],[105.4163208010001,12.484313965000183],[105.41333007800017,12.482482910000101],[105.4085083010001,12.482910156000116],[105.4058837890002,12.486083984000174],[105.40228271500013,12.487121582000043],[105.39892578100006,12.485717772999976],[105.39752197300004,12.48187255900018],[105.40008544900007,12.480285645000151],[105.4016723630001,12.476501465000013],[105.39910888700007,12.474487304999968],[105.40051269500009,12.4714965820001],[105.40148925800014,12.46807861300016],[105.39971923800005,12.465270996000129],[105.39587402300015,12.462280273000033],[105.39428710900012,12.45867919900013],[105.39208984400011,12.45532226600011],[105.39129638700012,12.451110840000183],[105.39208984400011,12.445678711000028],[105.39031982400002,12.44268798800016],[105.3895263670002,12.439514160000101],[105.38848877000004,12.43432617200017],[105.38610839800009,12.431091309000124],[105.38427734400011,12.428710937000176],[105.38287353500004,12.426086425999983],[105.38372802700007,12.423278809000124],[105.38269043000008,12.420104980000133],[105.38031005900007,12.418090820000145],[105.37707519500009,12.415710449000073],[105.3753051760001,12.411926270000038],[105.37768554700017,12.407897949000073],[105.3762817380001,12.40490722700008],[105.37487793000008,12.400695801000154],[105.37371826200007,12.396484375000057],[105.37249755900007,12.392883301000154],[105.37170410200002,12.388122559000067],[105.36907959000013,12.385925293000184],[105.36767578100006,12.380493164000029],[105.36688232400007,12.374877930000139],[105.36547851600005,12.371276855000133],[105.36431884800004,12.366516113000046],[105.36090087900016,12.36389160200008],[105.35791015600006,12.361511230000133],[105.35467529300018,12.36010742200017],[105.35089111300005,12.358703613000102],[105.34692382800017,12.356872559000124],[105.34368896500013,12.356872559000124],[105.3394775390002,12.356689453000058],[105.33587646500013,12.357116699000073],[105.33190918000003,12.357727051000097],[105.33007812500017,12.36187744100016],[105.32989502000004,12.36547851600011],[105.330322266,12.368896484000118],[105.32849121100014,12.37170410200008],[105.32409668000008,12.373474121000072],[105.31951904300013,12.375915527000075],[105.31750488300008,12.380920410000044],[105.31469726600005,12.382873535000101],[105.31170654300013,12.382873535000101],[105.3087158200002,12.383117676000097],[105.30389404300013,12.38330078100006],[105.29992675800003,12.38330078100006],[105.29687500000017,12.38330078100006],[105.292724609,12.383728027000075],[105.28851318400018,12.384887695000089],[105.28350830100004,12.384704590000126],[105.2799072270002,12.382690430000139],[105.27612304700006,12.384277344000168],[105.27429199200014,12.387512207000043],[105.2720947270002,12.391479492000087],[105.26971435500002,12.394897461000028],[105.26727294900019,12.396484375000057],[105.26409912100013,12.399108887000125],[105.2612915040001,12.399902344000111],[105.25830078100017,12.399108887000125],[105.25451660200014,12.398071289000086],[105.25030517600004,12.398498535000044],[105.24627685500008,12.397888184000124],[105.24328613300008,12.396301270000095],[105.2401123050002,12.394714355000133],[105.23590087900004,12.394470215000183],[105.2322998050002,12.395507812000176],[105.22912597700014,12.396118164000029],[105.22528076200001,12.398498535000044],[105.2214965820001,12.401306152000132],[105.2178955080002,12.40112304700017],[105.21331787100007,12.400329590000126],[105.21173095700004,12.396301270000095],[105.2081298830002,12.394470215000183],[105.20489502000015,12.393920898000147],[105.20227050800003,12.392700195000089],[105.19927978500016,12.392517090000126],[105.19592285200014,12.392883301000154],[105.19207763700018,12.392883301000154],[105.18890380900012,12.393493652000132],[105.18548584000001,12.396911621000015],[105.18267822300015,12.397705078000058],[105.17852783200004,12.39709472700008],[105.17352294900007,12.397277832000043],[105.16949462900004,12.400512695000089],[105.16668701200018,12.397521973000096],[105.16748046900017,12.394470215000183],[105.16790771500018,12.390502930000139],[105.16589355500014,12.38732910200008],[105.16290283200004,12.38391113300014],[105.16027832000015,12.381530762000068],[105.15649414100011,12.38171386700003],[105.15252685500013,12.380126953],[105.1472778320001,12.37890625],[105.14392089800015,12.376708984000118],[105.14172363300014,12.373474121000072],[105.13769531200018,12.370727539000029],[105.13269043000014,12.36853027300009],[105.12927246100003,12.36547851600011],[105.13189697300015,12.362121581999986],[105.13372802700013,12.358886719000111],[105.1370849610002,12.356689453000058],[105.14007568400012,12.353881836000028],[105.1419067380001,12.351684570000089],[105.1448974610002,12.348693848000096],[105.14770507800006,12.345520020000038],[105.14831543000014,12.340881348000096],[105.14947509800015,12.337524413999972],[105.1527099610002,12.33447265600006],[105.15612793000014,12.332702637000068],[105.16088867200006,12.331298828],[105.16571044900013,12.330322266000053],[105.16931152300015,12.32952880900001],[105.1671142580002,12.32592773400006],[105.16552734400017,12.319091797000112],[105.16552734400017,12.314086914000029],[105.16772460900012,12.310913086000141],[105.16967773400017,12.307678223000096],[105.168701172,12.303710937000119],[105.16748046900017,12.299499512000068],[105.168701172,12.295104980000076],[105.17248535200014,12.284729004000098],[105.1751098630001,12.281677246000186],[105.1795043950001,12.278930664000143],[105.18249511700014,12.274902344000054],[105.1895141600001,12.2703247070001],[105.19189453100012,12.268493652000075],[105.19451904300007,12.26593017600004],[105.19567871100008,12.262878418000128],[105.19049072300015,12.25030517600004],[105.19012451200012,12.245300293000128],[105.19012451200012,12.241516112999989],[105.19067382800012,12.23809814499998],[105.1912841800002,12.235107422000056],[105.19287109400005,12.22991943400018],[105.19409179700006,12.225708008000083],[105.19531250000006,12.222290039000143],[105.19628906200006,12.218322754000042],[105.1973266600001,12.215087891],[105.1990966800002,12.2117309570001],[105.2003173830002,12.207092285000158],[105.20129394500015,12.203674316000047],[105.20190429700006,12.199707031000173],[105.19812011700009,12.19671630900018],[105.19592285200014,12.19329834000007],[105.19329834000001,12.190124512000182],[105.18908691400009,12.192321777000188],[105.18572998000019,12.195495605000076],[105.18109130900012,12.196472168000128],[105.17767334000007,12.195495605000076],[105.1738891600001,12.195312500000114],[105.17028808600003,12.197875977000024],[105.16809082000015,12.20111084000007],[105.16552734400017,12.203125],[105.16467285200014,12.206298828000115],[105.16387939500015,12.21069335900006],[105.15911865200013,12.21228027300009],[105.15472412100007,12.21228027300009],[105.15289306600016,12.214904785000158],[105.15008544900013,12.218078613000046],[105.14447021500001,12.21990966800007],[105.14093017600015,12.219299316000047],[105.13629150400004,12.21990966800007],[105.1328735350001,12.218322754000042],[105.13049316400009,12.21612548800016],[105.1273193360002,12.213073730000076],[105.12609863300014,12.209106445000032],[105.12207031200018,12.207092285000158],[105.11712646500013,12.206298828000115],[105.11267089799998,12.204101562000062],[105.10888671900017,12.204528809000124],[105.1052856450001,12.204528809000124],[105.10168457000015,12.205688477000024],[105.10052490200007,12.209472656],[105.10107421900017,12.21228027300009],[105.10107421900017,12.215270996000186],[105.10150146500018,12.219482422000112],[105.09991455100015,12.22210693400018],[105.095703125,12.221923828000115],[105.09008789100011,12.222717285000158],[105.08648681600016,12.223327637000182],[105.08251953100006,12.221923828000115],[105.0797119140002,12.223083496000129],[105.07592773400006,12.223083496000129],[105.07128906200018,12.223083496000129],[105.06610107400007,12.224670409999987],[105.06188964800015,12.226074219000054],[105.05712890600006,12.226074219000054],[105.05352783200016,12.225891113000046],[105.04968261700009,12.225280762000068],[105.04669189500004,12.224304199000187],[105.04248046900011,12.223693848000039],[105.03930664100005,12.222717285000158],[105.03509521500013,12.222473145000038],[105.03051757800017,12.221923828000115],[105.02630615200007,12.220520020000151],[105.02209472700002,12.218505859],[105.01831054700011,12.220520020000151],[105.01550293000008,12.222717285000158],[105.01208496100014,12.220520020000151],[105.00909423800005,12.222473145000038],[105.00750732400019,12.225097656000173],[105.00469970700016,12.228088379000098],[105.00231933600014,12.230712891],[104.99932861300005,12.232482909999987],[104.99627685500013,12.236694336000085],[104.99353027300003,12.239318848000039],[104.99047851600005,12.240295410000158],[104.98712158200016,12.243286133000083],[104.98608398400006,12.247070312000119],[104.98413085900006,12.250488281],[104.98187255900007,12.255493164000143],[104.97827148400006,12.258300781],[104.97528076200007,12.260314941000047],[104.97192382800017,12.263916016],[104.96771240200002,12.266723633000083],[104.9635009770002,12.265319824000187],[104.96209716800013,12.262329101999967],[104.96289062500011,12.25811767600004],[104.9592895510001,12.257873535000044],[104.95587158200016,12.25952148400006],[104.9514770510001,12.260681152000075],[104.94812011700014,12.261718750000114],[104.9461059570001,12.259277344000111],[104.94207763700007,12.260498047000112],[104.93792724600013,12.260498047000112],[104.93432617200006,12.259094238000046],[104.93090820300012,12.258728027000188],[104.92791748000002,12.26110839800009],[104.92272949200014,12.262084961000141],[104.91851806600005,12.262329101999967],[104.91632080100004,12.258300781],[104.91210937500011,12.258483887000068],[104.90887451200007,12.257080078000172],[104.90588378900014,12.256896973000039],[104.90411377000015,12.254516602000024],[104.902099609,12.25170898400006],[104.90167236300005,12.246520996000129],[104.89752197300015,12.244506836000085],[104.89312744100016,12.24267578100006],[104.88909912100013,12.240478516000053],[104.88610839800003,12.239318848000039],[104.88348388700001,12.23809814499998],[104.88067627000015,12.237304687000062],[104.87652587900004,12.23809814499998],[104.87268066400014,12.23809814499998],[104.87268066400014,12.242492676000097],[104.87152099600007,12.245117187000062],[104.86950683600008,12.247924805000025],[104.86810302700019,12.251098633000083],[104.86590576200018,12.254272461000141],[104.86352539100011,12.257873535000044],[104.862304687,12.260498047000112],[104.86132812500006,12.263488770000038],[104.86010742200006,12.268310547000112],[104.85827636700014,12.272705078000172],[104.85791015600012,12.27709960900006],[104.85650634800015,12.281127930000025],[104.85290527300003,12.283874512000068],[104.85131835900017,12.287109375000114],[104.85211181600016,12.291320801000097],[104.85467529300007,12.295288086000141],[104.85369873000019,12.299499512000068],[104.8519287110002,12.303100586000141],[104.8543090820001,12.305480956999986],[104.85748291000016,12.30908203100006],[104.85968017600004,12.312316895000038],[104.86187744100005,12.315917969000054],[104.86248779300007,12.319274902000075],[104.86267089800003,12.323730469000054],[104.86572265600012,12.325317383000083],[104.86871337900004,12.325683594000111],[104.87152099600007,12.330078125],[104.87530517600004,12.333496094000111],[104.87908935500002,12.337524413999972],[104.88287353500016,12.339721680000082],[104.88568115200019,12.340270996000072],[104.88909912100013,12.34069824200003],[104.89251709000001,12.342712402000075],[104.89349365200019,12.345520020000038],[104.89471435500019,12.348327637000068],[104.89392089800003,12.351501465000126],[104.89111328100017,12.354309081999986],[104.89331054700006,12.357727051000097],[104.89630127000015,12.36047363299997],[104.8972778320001,12.363708496000015],[104.89910888700018,12.366271973000096],[104.90032959000001,12.369689941000104],[104.89849853500016,12.372314453000058],[104.8983154300002,12.375488281000116],[104.89489746100008,12.377929687000119],[104.89392089800003,12.382507324000073],[104.8953247070001,12.386108398000147],[104.89630127000015,12.389099121000072],[104.89569091800007,12.392700195000089],[104.89410400400004,12.396118164000029],[104.89093017599998,12.400329590000126],[104.88647460900006,12.396118164000029],[104.88452148400017,12.392883301000154],[104.88592529300007,12.390319824000073],[104.88507080100004,12.385925293000184],[104.88287353500016,12.38171386700003],[104.87988281200006,12.380676270000095],[104.8770751950002,12.379272461000028],[104.87408447299998,12.376708984000118],[104.8731079100001,12.373474121000072],[104.86987304700006,12.372070312000176],[104.86730957000015,12.373474121000072],[104.86511230500014,12.370483398000147],[104.86212158200004,12.370910645000038],[104.86309814500015,12.374694824000073],[104.86071777299998,12.380126953],[104.86151123000019,12.384277344000168],[104.86071777299998,12.389709473000096],[104.8652954100001,12.394470215000183],[104.86651611300016,12.399108887000125],[104.86572265600012,12.406677246000072],[104.86712646500018,12.410278320000145],[104.86511230500014,12.414672852000137],[104.86267089800003,12.417480469000168],[104.86370849600007,12.420715332000043],[104.86132812500006,12.422302246000072],[104.86169433600008,12.425903320000145],[104.86047363300003,12.429321289000029],[104.8555297850001,12.427490234000174],[104.8519287110002,12.426330566000104],[104.84930419900013,12.427490234000174],[104.84588623000019,12.430114746000072],[104.84271240200013,12.43432617200017],[104.84368896500001,12.43768310500019],[104.84252929700017,12.441528320000089],[104.8386840820001,12.441711426000154],[104.836486816,12.443725586000028],[104.84008789100017,12.446289062],[104.84191894500015,12.45031738299997],[104.83911132800012,12.450927734000118],[104.83612060500019,12.45172119100016],[104.83367919900013,12.455688477000137],[104.83288574200014,12.460083008000026],[104.83050537100007,12.462524414000029],[104.82830810500019,12.465881348000153],[104.83227539100017,12.468322754000042],[104.836486816,12.46929931600016],[104.84069824200014,12.470275879000042],[104.84088134800015,12.474487304999968],[104.83752441400009,12.478271484],[104.8333129880001,12.478271484],[104.83068847700014,12.47711181600016],[104.82788085900017,12.478088379000042],[104.82592773400012,12.480285645000151],[104.82250976600011,12.481506348000153],[104.81848144500015,12.48187255900018],[104.81591796900017,12.485107422000056],[104.81488037100007,12.48852539100011],[104.81549072300015,12.491699219],[104.81848144500015,12.493286133000026],[104.82171630900012,12.49407959000007],[104.8223266600001,12.497497559000124],[104.82452392600015,12.499328613000102],[104.82550048800016,12.502502441],[104.82391357400013,12.505676270000151],[104.8223266600001,12.508483887000011],[104.82470703100012,12.511718750000057],[104.82592773400012,12.514892578000115],[104.82629394500015,12.51788330100004],[104.82788085900017,12.5222778320001],[104.82470703100012,12.525512694999975],[104.82092285200008,12.528320312],[104.82067871100008,12.532104492000144],[104.81707763700018,12.531921387000182],[104.79412841800018,12.537475586000085],[104.7633056640002,12.5457153320001],[104.74591064500004,12.549926758000026],[104.74230957000009,12.551330566],[104.73870849600002,12.553100586000085],[104.73608398400012,12.554504395000151],[104.7327270510001,12.556274414000143],[104.72967529300018,12.558471680000025],[104.72607421900017,12.560119629000042],[104.72308349600007,12.562072754000098],[104.71948242200017,12.564880371000129],[104.71691894500009,12.56671142600004],[104.71289062500017,12.56671142600004],[104.71130371100014,12.569702148000033],[104.70770263700012,12.57208251999998],[104.70532226600005,12.573913574000187],[104.70269775400016,12.575500487999989],[104.6983032230001,12.57788085900006],[104.69531250000017,12.579711914000143],[104.69250488300014,12.580871582000157],[104.6892700200001,12.582702637000068],[104.68548584000013,12.584289551000097],[104.68231201200007,12.58569335900006],[104.67852783200016,12.587524414000143],[104.67291259800004,12.588684082000157],[104.66809082000009,12.589904785000158],[104.66430664100005,12.591308594000054],[104.6597290040001,12.592895508000083],[104.65447998000013,12.594909668000128],[104.65032959000007,12.597290039000143],[104.64727783200016,12.598876953000172],[104.6441040040001,12.600280762000068],[104.64093017600004,12.601928711000085],[104.63592529300013,12.604309082000157],[104.6317138670002,12.606079102000024],[104.62792968700006,12.607299805000025],[104.62408447300004,12.606689453000172],[104.62109375000011,12.605712891],[104.61791992200006,12.60491943400018],[104.61370849600013,12.604309082000157],[104.6096801760001,12.60327148400006],[104.60687255900007,12.602294922000112],[104.60369873000008,12.602294922000112],[104.59869384800004,12.602722168000128],[104.59490966800013,12.602722168000128],[104.59167480500008,12.60150146500007],[104.58770752000015,12.598693848000039],[104.58251953100017,12.595520020000151],[104.5776977540001,12.59368896500007],[104.57312011700014,12.59350585900006],[104.56970214800003,12.593078613000046],[104.5662841800002,12.59210205100004],[104.56347656200006,12.590881348000039],[104.56072998000019,12.589904785000158],[104.55731201200018,12.588500977000024],[104.55407714800003,12.587097168000128],[104.55047607400019,12.585083008000083],[104.54669189500015,12.583312987999989],[104.54370117200006,12.582702637000068],[104.5408935550002,12.581115723000039],[104.53710937500006,12.578308105000076],[104.53411865200019,12.57611084000007],[104.5300903320001,12.574096680000025],[104.52667236299999,12.571899414000143],[104.52392578100012,12.570312500000114],[104.52087402300003,12.568725586000085],[104.51788330100004,12.565490723000039],[104.5155029300002,12.56072998000002],[104.51129150400004,12.559692383000083],[104.51330566400009,12.557312012000011],[104.51452636700009,12.553100586000085],[104.51507568400018,12.549316406000173],[104.51489257800012,12.5457153320001],[104.51409912100013,12.542480469000054],[104.51330566400009,12.53851318400018],[104.50952148400017,12.537292480000076],[104.50750732400013,12.533081055000025],[104.50531005900012,12.529479980000076],[104.50390625000006,12.525512694999975],[104.50292968700018,12.522094726999967],[104.5010986330002,12.519897461000085],[104.4968872070001,12.5203247070001],[104.49310302700013,12.520507812000062],[104.49011230500014,12.5222778320001],[104.486877441,12.523071289000143],[104.48449707000015,12.525329590000013],[104.48168945300012,12.526916504000042],[104.47851562500006,12.528686523000033],[104.47888183600008,12.532470703000172],[104.4824829100001,12.534301758000026],[104.48529052700019,12.5300903320001],[104.48748779300007,12.526916504000042],[104.4880981450001,12.530883789000143],[104.49169921900017,12.529296875000114],[104.4932861330002,12.526306152000188],[104.49511718700018,12.52850341800007],[104.4968872070001,12.531127929999968],[104.50012207000015,12.532714844],[104.49731445300012,12.53509521500007],[104.494689941,12.53851318400018],[104.48968505900012,12.540527344],[104.48431396500018,12.539489746000129],[104.479492187,12.538085937000062],[104.47589111300016,12.537719727000137],[104.47430419900013,12.53509521500007],[104.47192382800006,12.53350830100004],[104.46887207000015,12.531311035000101],[104.46649169900013,12.529296875000114],[104.4639282230001,12.527893066000047],[104.46032714800015,12.525878906000173],[104.45532226600011,12.525085449000187],[104.4505004880001,12.526123047000056],[104.44750976600011,12.528076172000056],[104.44628906200018,12.532287598000039],[104.44311523400012,12.531677246000129],[104.43969726600011,12.53509521500007],[104.43688964800015,12.536926270000151],[104.43389892600015,12.537719727000137],[104.43090820300006,12.53887939499998],[104.42889404300001,12.541503906000173],[104.42608642600015,12.54327392600004],[104.4216918950001,12.54510498000002],[104.4172973630001,12.546691895000151],[104.41949462899998,12.54327392600004],[104.42309570300006,12.540893555000025],[104.4263305660001,12.538085937000062],[104.42828369100016,12.534301758000026],[104.42431640600006,12.534301758000026],[104.42071533200004,12.53631591800007],[104.41711425800014,12.537109375000114],[104.41369628900003,12.5379028320001],[104.41027832000015,12.53851318400018],[104.40710449200009,12.54132080100004],[104.40472412100019,12.545288086000085],[104.40289306600016,12.548889160000158],[104.40191650400016,12.55249023400006],[104.40148925800014,12.555725097999982],[104.40252685500013,12.55889892600004],[104.40551757800006,12.562316895000151],[104.41027832000015,12.56390380900018],[104.41412353500004,12.563476562000062],[104.41711425800014,12.562072754000098],[104.42047119100016,12.561279297000112],[104.42230224600007,12.558471680000025],[104.42431640600006,12.556274414000143],[104.42749023400012,12.553894043000128],[104.42889404300001,12.55072021500007],[104.4317016600001,12.552124023000033],[104.43530273400012,12.55072021500007],[104.4392700200001,12.55267334000007],[104.4426879880001,12.551330566],[104.444091797,12.548095703000115],[104.44689941400009,12.547119141000167],[104.44989013700018,12.546508789000086],[104.453125,12.544311523000033],[104.45410156200018,12.547302246000129],[104.45648193400012,12.545288086000085],[104.46051025400004,12.54327392600004],[104.46527099600013,12.547729492000144],[104.46752929700017,12.544311523000033],[104.47192382800006,12.545898437000062],[104.47668457000015,12.546325684000124],[104.48028564500015,12.546875000000114],[104.48229980500014,12.551513672000056],[104.48413085900012,12.554504395000151],[104.48529052700019,12.557128906000173],[104.48669433600003,12.559692383000083],[104.48651123000019,12.562927246000129],[104.48413085900012,12.565917969000054],[104.48413085900012,12.569702148000033],[104.48327636700014,12.572509766],[104.48071289100011,12.574279784999987],[104.47772216800001,12.575927734],[104.47369384800015,12.577514648000033],[104.47131347700008,12.57989501999998],[104.46972656200018,12.58288574200003],[104.46710205100015,12.586303711000085],[104.4649047850001,12.58288574200003],[104.46051025400004,12.5867309570001],[104.45727539100017,12.590270996000186],[104.45471191400003,12.593872070000032],[104.45147705099998,12.596313477000024],[104.4470825200001,12.597900391000053],[104.44647216800007,12.602111816000047],[104.44873046900011,12.604125976999967],[104.45129394500015,12.605895996000186],[104.45410156200018,12.606689453000172],[104.45550537100007,12.610717773000033],[104.45892334000018,12.612915039000143],[104.46173095700004,12.613891602000024],[104.46429443400012,12.615295409999987],[104.4639282230001,12.61889648400006],[104.46630859400017,12.623474121000186],[104.46771240200013,12.629089355000076],[104.46850585900017,12.633483887000068],[104.46929931600016,12.636901855000076],[104.47070312500006,12.640502930000082],[104.47229003900009,12.644714355000076],[104.47369384800015,12.648925781],[104.4746704100001,12.653320312000119],[104.47448730500014,12.656311034999987],[104.4746704100001,12.661315918000128],[104.4746704100001,12.666687012000125],[104.47650146500018,12.670471191000104],[104.47528076200018,12.67407226600011],[104.47430419900013,12.679321288999972],[104.47387695300012,12.683471680000139],[104.47332763700012,12.687316895000038],[104.47332763700012,12.691528320000032],[104.47247314500015,12.695495605000133],[104.47149658200004,12.69970703100006],[104.47131347700008,12.704101562000119],[104.46850585900017,12.708923340000126],[104.46691894500015,12.712890625],[104.46569824200009,12.715881348000096],[104.4639282230001,12.719726562000119],[104.46228027300003,12.722290039000029],[104.46069335900017,12.725524902000075],[104.45947265600012,12.728881836000028],[104.45751953100012,12.731689453000058],[104.4548950200001,12.73510742200017],[104.45251464800015,12.738098145000095],[104.44970703100012,12.741516113000102],[104.44628906200018,12.744079590000183],[104.44232177700013,12.746520996000015],[104.43890380900012,12.747680664000086],[104.43548584000018,12.749328613000102],[104.4317016600001,12.750671387000182],[104.42749023400012,12.75250244100016],[104.42352294900007,12.752685547],[104.42047119100016,12.753112793000184],[104.41687011700009,12.75390625],[104.41369628900003,12.75610351600011],[104.41027832000015,12.757324219000111],[104.40612793000008,12.758728027000075],[104.40252685500013,12.758728027000075],[104.39849853500004,12.758728027000075],[104.39447021500018,12.758117676000154],[104.39068603500004,12.757324219000111],[104.3870849610002,12.756713867000087],[104.3828735350001,12.755920410000044],[104.37908935500013,12.754882812000176],[104.37512207000009,12.753723145000038],[104.37109375000017,12.75250244100016],[104.36767578100012,12.751281738000102],[104.36407470700004,12.750122070000089],[104.35913085900006,12.748107910000044],[104.35467529300018,12.74670410200008],[104.35028076200012,12.745117187000119],[104.34472656200012,12.743713379000155],[104.33990478500004,12.741882324000073],[104.33691406200012,12.741271973000153],[104.33410644500009,12.74072265600006],[104.33007812500017,12.739318848000096],[104.32629394500009,12.738098145000095],[104.32269287100019,12.736694336000028],[104.31829834000013,12.734924316000104],[104.31488037100019,12.733886719000168],[104.3110961910001,12.733093262000125],[104.30792236300005,12.732482910000101],[104.30407714800009,12.732727051000097],[104.30090332000003,12.73291015600006],[104.29632568400018,12.73352050800014],[104.29132080100004,12.733886719000168],[104.28692627000015,12.733703613000102],[104.28167724600019,12.733093262000125],[104.27728271500013,12.733093262000125],[104.27368164100005,12.73291015600006],[104.26989746100014,12.732727051000097],[104.26531982400019,12.732727051000097],[104.26049804700011,12.732482910000101],[104.25689697300004,12.732727051000097],[104.25531005900018,12.73547363299997],[104.250488281,12.735290527000132],[104.24652099600013,12.737304687000176],[104.22308349600013,12.744079590000183],[104.22210693400018,12.747070312000176],[104.22070312500011,12.750915527000132],[104.21887207000003,12.753723145000038],[104.21752929700006,12.757080078000058],[104.21649169900019,12.760925293000184],[104.21588134800004,12.765075684000124],[104.21490478500016,12.770324707000043],[104.21289062500011,12.774719238000102],[104.21148681600005,12.778076172000056],[104.20989990200019,12.782104492000087],[104.21130371100008,12.785888672],[104.21270752000015,12.789489746000072],[104.21429443400018,12.791870117000144],[104.21612548800016,12.794311523000147],[104.21948242200011,12.795898437000176],[104.22113037100013,12.79992675799997],[104.22430419900019,12.799072266000167],[104.2280883790001,12.798522949000073],[104.22888183600008,12.80133056600016],[104.22711181600005,12.804321289000029],[104.22912597700014,12.807312012000125],[104.2322998050002,12.808715820000145],[104.23291015600017,12.81170654300007],[104.23248291000016,12.814880371000129],[104.23492431600005,12.816711425999983],[104.23730468700006,12.819091797000056],[104.23931884799998,12.82250976600011],[104.24230957000003,12.826110840000183],[104.24407959000007,12.828674316000047],[104.24450683600008,12.83172607400013],[104.24609375000011,12.83428955100004],[104.24829101600005,12.83709716800007],[104.25109863300008,12.840087891000167],[104.2534790040001,12.842895508000026],[104.256103516,12.846130371000072],[104.25927734400005,12.848876953000115],[104.26171875000011,12.851318359000174],[104.26507568400007,12.854125977000137],[104.26831054700011,12.85687255900018],[104.2678833010001,12.861083984],[104.26708984400005,12.8640747070001],[104.27050781200006,12.866882324000187],[104.27471923799999,12.86492919900013],[104.27832031200006,12.865905762000182],[104.28131103500016,12.869689941000047],[104.28051757800017,12.87469482400013],[104.28509521500013,12.876098633000026],[104.28930664100005,12.877929687],[104.29290771500007,12.877929687],[104.29632568400018,12.87689209000007],[104.29949951200007,12.878906250000114],[104.30389404300013,12.879089355000076],[104.30712890600017,12.88250732400013],[104.30847168000008,12.885314941],[104.31292724600013,12.884094237999989],[104.31707763700012,12.88470459000007],[104.31988525400016,12.886291504000098],[104.32232666000016,12.888305664000086],[104.32531738300008,12.889099121000129],[104.32928466800018,12.891479491999974],[104.3342895510001,12.8953247070001],[104.33972168000008,12.897094726999967],[104.3442993160001,12.89788818400018],[104.3474731450001,12.897521972999982],[104.35107421900011,12.8953247070001],[104.3538818360002,12.898498535000158],[104.35711669900002,12.900329590000013],[104.36071777300009,12.901916504000042],[104.36328125,12.9050903320001],[104.36547851600011,12.909484863000046],[104.36730957000009,12.913085937000062],[104.36871337900016,12.915893555000025],[104.37011718700012,12.919494629000098],[104.36907959000018,12.922485352000024],[104.36853027300009,12.925903320000032],[104.3707275390002,12.929321289000143],[104.37170410200008,12.933105469000054],[104.37432861300005,12.936279297000112],[104.37731933600014,12.937316895000151],[104.3792724610002,12.940673828000172],[104.38250732400007,12.945495605000076],[104.38610839800015,12.948303223000039],[104.38867187500006,12.951293945000032],[104.39251709000013,12.955322266],[104.39691162100002,12.954711914000143],[104.40087890600012,12.956909180000025],[104.40411377000004,12.960083008000083],[104.40588378900003,12.963073730000133],[104.40771484400011,12.966125487999989],[104.40911865200007,12.968688965000126],[104.41107177700013,12.971496582000157],[104.41351318400007,12.974670410000044],[104.41589355500014,12.978271484000118],[104.41827392600015,12.981079102000024],[104.42089843700018,12.983886719000111],[104.42407226600011,12.986328125000114],[104.42749023400012,12.98608398400006],[104.4307250980001,12.98547363300014],[104.43371582000009,12.985290527000075],[104.43670654300018,12.984497070000032],[104.44012451200012,12.985900879000098],[104.44329834000018,12.989074706999986],[104.44567871100003,12.99389648400006],[104.44671630900012,12.998107909999987],[104.44873046900011,13.00170898400006],[104.4522705080002,13.002929687000062],[104.4561157230001,13.001525879000098],[104.45751953100012,13.006103516000053],[104.45867919900013,13.009277344000111],[104.46051025400004,13.012084960999971],[104.45989990200013,13.015502930000082],[104.45629882800006,13.017883301000097],[104.4534912110002,13.020507812000119],[104.4522705080002,13.02392578100006],[104.45330810500019,13.029907227000024],[104.45269775400004,13.035705566000104],[104.45367431600016,13.040283203000058],[104.45471191400003,13.044128418000128],[104.4583129880001,13.046508789000029],[104.46087646500001,13.049499512000125],[104.46551513700012,13.047912598000096],[104.46649169900013,13.052490234000118],[104.46649169900013,13.05688476600011],[104.4661254880001,13.060913085999971],[104.46630859400017,13.064086914000029],[104.46710205100015,13.068115234000118],[104.46832275399998,13.073303223000096],[104.4691162110002,13.07812500000017],[104.46990966800001,13.082702637000125],[104.47070312500006,13.087097168000184],[104.47070312500006,13.092712402000132],[104.4705200200001,13.097473145000095],[104.47088623000019,13.100891113000102],[104.471679687,13.106079102000137],[104.47192382800006,13.110900878999985],[104.471679687,13.114501953000058],[104.47131347700008,13.118103027000132],[104.47088623000019,13.121887207000043],[104.47070312500006,13.126708984000118],[104.47210693400012,13.131530762000125],[104.47369384800015,13.135681152000132],[104.4746704100001,13.139526367000087],[104.47290039100011,13.142700195000145],[104.47332763700012,13.14672851600011],[104.471679687,13.150512695000145],[104.471679687,13.153930664000029],[104.47210693400012,13.156921387000125],[104.47290039100011,13.160095215000013],[104.47430419900013,13.164123535000101],[104.47589111300016,13.167907715000183],[104.47729492200006,13.17211914100011],[104.47930908200004,13.176696777000188],[104.48187255900018,13.17987060500002],[104.48413085900012,13.181884766000167],[104.48767089800003,13.183471680000025],[104.49212646500018,13.184082031000173],[104.49670410200014,13.18487548800016],[104.50170898400017,13.188720703000115],[104.50610351600017,13.192321777000132],[104.51129150400004,13.194702148000033],[104.51428222700014,13.195678711000085],[104.51867675800003,13.196899414000086],[104.52410888700018,13.198730469000168],[104.52868652300003,13.200317383000026],[104.53192138700018,13.200927734000174],[104.53710937500006,13.202880859],[104.54071044900013,13.203674316000047],[104.54510498000002,13.204895020000151],[104.549072266,13.207092285000158],[104.55212402300003,13.213073730000076],[104.5535278320001,13.21612548800016],[104.5554809570001,13.221130371000072],[104.55731201200018,13.225708008000026],[104.55871581999997,13.229919434000124],[104.560302734,13.235107422000056],[104.56188964800003,13.239318847999982],[104.56390380900018,13.245117187000062],[104.56451416000016,13.249084473000039],[104.56549072300004,13.25311279300007],[104.56909179700006,13.25189209000007],[104.57330322300004,13.252075195000032],[104.58209228500016,13.253479004000098],[104.58892822299998,13.2546997070001],[104.59490966800013,13.25567626999998],[104.60028076200007,13.257080078000172],[104.6043090820001,13.258300781000173],[104.60931396500007,13.259277344000054],[104.61547851600005,13.26092529300007],[104.62048339800009,13.2625122070001],[104.62628173800005,13.264709473000039],[104.63269043000008,13.266723633000026],[104.63610839800009,13.267883301000097],[104.64007568400007,13.269104004000098],[104.64611816400014,13.271118164000143],[104.65032959000007,13.272521972999982],[104.65429687500017,13.274108887000011],[104.65948486300005,13.276306152000018],[104.66229248000013,13.27728271500007],[104.665283203,13.278503418000128],[104.66949462900016,13.280517578000115],[104.67327880900007,13.282104491999974],[104.67730712900016,13.285705566000047],[104.68109130900007,13.288085937000119],[104.68530273400006,13.290100098000039],[104.68829345699999,13.29132080100004],[104.69232177700007,13.291687012000068],[104.6981201170002,13.295471191000104],[104.70068359400011,13.297485352000024],[104.70288085900012,13.299316406000173],[104.70532226600005,13.303100586000141],[104.70867919900007,13.305725098000039],[104.71191406200012,13.306701659999987],[104.71551513700007,13.306884766000053],[104.71850585900012,13.305908203000172],[104.72167968700018,13.305114746000129],[104.72570800800014,13.304870605000133],[104.72851562500017,13.307312012000068],[104.7313232420002,13.310119629000098],[104.7349243160001,13.311096191000047],[104.7393188480001,13.312072754000155],[104.74310302700013,13.313476562000119],[104.74591064500004,13.312683105000076],[104.74871826200012,13.311279297000112],[104.75189209000018,13.311279297000112],[104.75531005900007,13.313110352000024],[104.75988769500015,13.31390380900001],[104.76391601600011,13.31231689499998],[104.76727294900013,13.309692383000083],[104.76910400399998,13.306274413999972],[104.77227783200004,13.30450439499998],[104.77630615200013,13.302307129000098],[104.78228759800015,13.303100586000141],[104.78607177700013,13.303894043000128],[104.78930664100011,13.30407714800009],[104.79431152300015,13.305114746000129],[104.79931640600012,13.305114746000129],[104.80389404300007,13.305480957000157],[104.80950927700013,13.306274413999972],[104.81530761700009,13.306884766000053],[104.81988525400004,13.307312012000068],[104.82312011700009,13.307922362999989],[104.82629394500015,13.308105469000054],[104.8298950200001,13.308471680000082],[104.83532714800015,13.309326172000056],[104.83911132800012,13.308898926000097],[104.84790039100017,13.306701659999987],[104.8519287110002,13.306518555000025],[104.85510253900009,13.306518555000025],[104.85870361300016,13.306884766000053],[104.86267089800003,13.307312012000068],[104.86730957000015,13.307922362999989],[104.8718872070001,13.308471680000082],[104.8760986330002,13.30908203100006],[104.8809204100001,13.309509277000018],[104.8862915040001,13.310119629000098],[104.88952636700014,13.309509277000018],[104.8927001950002,13.308105469000054],[104.89489746100008,13.305297852000024],[104.89672851600017,13.301879883000083],[104.89849853500016,13.298278809000067],[104.90008544900019,13.294311523000033],[104.90130615200019,13.291503906],[104.902099609,13.28851318400018],[104.90429687500011,13.28491210900006],[104.90191650400004,13.28070068400018],[104.90112304700006,13.27752685500002],[104.89971923800016,13.273681641000053],[104.8983154300002,13.269897461000085],[104.8972778320001,13.266906737999989],[104.89611816400009,13.263305664000143],[104.89489746100008,13.259094237999989],[104.89367675800008,13.254089355000076],[104.89190673800016,13.249694824000187],[104.89007568400018,13.246276855000076],[104.88671875000006,13.243103027000188],[104.88348388700001,13.240478516],[104.88171386700014,13.236877441000047],[104.88208007800012,13.23272705100004],[104.88330078100017,13.22869873000002],[104.88153076200018,13.225708008000026],[104.87927246100008,13.223693847999982],[104.87670898400017,13.221679687000062],[104.87530517600004,13.218872070000032],[104.87512207000015,13.213500977000137],[104.87652587900004,13.209472656000173],[104.87548828100017,13.205322266000167],[104.87548828100017,13.20172119100016],[104.87451171900017,13.198120117000087],[104.87371826200018,13.194702148000033],[104.87512207000015,13.190124512000182],[104.87628173800016,13.186096191],[104.87652587900004,13.182495117000144],[104.87591552700019,13.178710937],[104.87670898400017,13.17327880900018],[104.877502441,13.168884277000188],[104.88031005900012,13.165283203000115],[104.8826904300002,13.162902832000043],[104.8862915040001,13.160522461000028],[104.88867187500011,13.157287598000153],[104.88848877000015,13.152526855000133],[104.8875122070001,13.148315430000139],[104.88787841800013,13.141296387000182],[104.89068603500016,13.13787841800007],[104.89288330100004,13.135681152000132],[104.89489746100008,13.133300781000116],[104.89672851600017,13.130310059000124],[104.89910888700018,13.127929687000176],[104.90148925800008,13.125488281000116],[104.90429687500011,13.122070312],[104.9050903320001,13.117309570000089],[104.90692138700018,13.11352539100011],[104.90747070300017,13.10852050800014],[104.9102783200002,13.107116699000073],[104.91229248000008,13.103698730000133],[104.91607666000016,13.099670410000101],[104.9194946290001,13.096679687000176],[104.92132568400018,13.092285156000116],[104.92749023400006,13.084899902000132],[104.9337158200002,13.076293945000089],[104.94030761700014,13.069274902000132],[104.94567871100014,13.064086914000029],[104.94952392600004,13.06127929700017],[104.9539184570001,13.058105469000111],[104.96112060500008,13.056518555000082],[104.96630859400005,13.055480957000043],[104.97430419900019,13.055480957000043],[104.97711181600005,13.056274414000029],[104.98529052700007,13.060913085999971],[104.9888916020002,13.063293457000043],[104.99212646500007,13.06530761700003],[104.99548339800009,13.067871094000168],[104.99847412100019,13.069702148000147],[105.00170898400006,13.071289062000176],[105.00512695300017,13.073486328000058],[105.0081176760001,13.076110840000126],[105.01171875000011,13.07867431600016],[105.0145263670002,13.080871582000043],[105.01770019500009,13.08312988300014],[105.02191162100019,13.086303711000028],[105.02490234400011,13.088684082000043],[105.02807617200017,13.090515137000125],[105.03112793000008,13.093078613000102],[105.03387451200012,13.095520020000038],[105.03668212900016,13.097717285000044],[105.0413208010001,13.101074219000168],[105.04608154300018,13.10412597700008],[105.04968261700009,13.106872559000124],[105.05407714800015,13.110473633000026],[105.0562744140002,13.112304687000176],[105.05950927700007,13.114685059000124],[105.06311035200008,13.116699219000168],[105.06707763700012,13.119323730000133],[105.07031250000017,13.120483397999976],[105.07250976600005,13.122314453000058],[105.0767211910001,13.12469482400013],[105.08172607400007,13.127075195000145],[105.08447265600012,13.128479004000042],[105.0875244140002,13.129699707000043],[105.09191894500009,13.131896973000153],[105.09472656200012,13.133300781000116],[105.09790039100011,13.13507080100004],[105.10192871100014,13.137084961000028],[105.1051025390002,13.13891601600011],[105.10949707000009,13.141296387000182],[105.11230468700018,13.142700195000145],[105.11511230500014,13.144287109000174],[105.11871337900016,13.14672851600011],[105.12310791000004,13.149475098000153],[105.12652587900016,13.15167236300016],[105.13031005900012,13.154724121000072],[105.13452148400012,13.15789794900013],[105.13732910200008,13.159729003999985],[105.13989257800006,13.161682129000042],[105.1431274410001,13.164123535000101],[105.14587402300003,13.166320801000154],[105.14807128900009,13.168090820000145],[105.15032959000018,13.17010498000019],[105.15252685500013,13.171875000000114],[105.15588378900009,13.17492675799997],[105.15869140600012,13.178283691],[105.16149902299998,13.180725098000153],[105.16448974600007,13.184692383000026],[105.16772460900012,13.188903809000124],[105.16992187500006,13.193298340000013],[105.1716918950001,13.197082520000151],[105.17309570300012,13.20050048800016],[105.17468261700014,13.204711914000086],[105.17590332000015,13.207702637000182],[105.17791748000019,13.211730957000043],[105.18029785200014,13.215698242000144],[105.18231201200018,13.21868896500007],[105.18450927700013,13.2214965820001],[105.18792724600007,13.223693847999982],[105.18908691400009,13.227111816],[105.19207763700018,13.229919434000124],[105.19531250000006,13.23187255900018],[105.19812011700009,13.23370361300016],[105.200683594,13.235473633000083],[105.20367431600005,13.23767089800009],[105.2070922850001,13.23992919900013],[105.20971679700006,13.24151611300016],[105.2136840820001,13.243713379000042],[105.217529297,13.245727539000086],[105.22088623000002,13.247680664000143],[105.22387695300012,13.249511719000054],[105.22692871100003,13.251525879000042],[105.23010253900009,13.252929687000062],[105.23248291000016,13.2546997070001],[105.23590087900004,13.256713867000144],[105.23992919900013,13.258483887000068],[105.24407959000007,13.260314941000047],[105.2479248050002,13.260681152000018],[105.2520751950002,13.262084961000085],[105.25488281200006,13.263305664000143],[105.25891113300003,13.264709473000039],[105.2625122070001,13.26593017600004],[105.2667236330002,13.26751709000007],[105.27008056600005,13.268920898000033],[105.2733154300002,13.270507812000062],[105.27752685500002,13.273498535000158],[105.28051757800012,13.275878906],[105.28271484400005,13.278076172000112],[105.28509521500007,13.280883789000143],[105.28710937500011,13.283325195000032],[105.289306641,13.285888672000112],[105.29168701200007,13.288696289000143],[105.29412841800007,13.291503906],[105.29711914100017,13.294921875000114],[105.30029296900005,13.298095703000172],[105.3035278320001,13.301330566000047],[105.30688476600005,13.304321289000143],[105.30950927700002,13.306884766000053],[105.31188964800009,13.309326172000056],[105.31451416000016,13.31231689499998],[105.31732177700019,13.316101074000187],[105.3198852540001,13.319519043000128],[105.32330322300004,13.322875977000024],[105.32708740200007,13.326477051000097],[105.3306884770002,13.33007812500017],[105.3342895510001,13.333679199000073],[105.3364868160001,13.336486816000104],[105.33831787100013,13.338684081999986],[105.3406982420002,13.341125488000046],[105.3442993160001,13.343872070000089],[105.34808349600019,13.34851074200003],[105.35009765600006,13.352294922000112],[105.35131835900006,13.355102538999972],[105.35308837900016,13.358520508000083],[105.35589599600019,13.361328125000114],[105.35852050800008,13.36328125000017],[105.36169433600014,13.365295410000044],[105.36529541000004,13.367126465000126],[105.36828613300014,13.368713379000155],[105.3726806640002,13.370910645000038],[105.37670898400006,13.372924805000082],[105.37988281200012,13.374694824000073],[105.38391113300008,13.376281738000102],[105.38787841800018,13.37829589800009],[105.39190673800005,13.380493164000029],[105.39489746100014,13.382324219000111],[105.39892578100006,13.384277344000111],[105.4028930660001,13.38549804700017],[105.40631103500004,13.386474609000118],[105.41107177700013,13.387512206999986],[105.41467285200008,13.388671875],[105.41809082000009,13.390502930000082],[105.4216918950001,13.392089844000111],[105.4251098630001,13.393127441000104],[105.42889404300018,13.394104004000155],[105.43249511700009,13.395324707000157],[105.43591308600014,13.396484375],[105.44012451200012,13.398315430000082],[105.4439086910001,13.399902344000111],[105.44769287100007,13.40148925800014],[105.45092773400012,13.40307617200017],[105.45410156200018,13.405090332000043],[105.45770263700012,13.406921387000068],[105.46051025400016,13.40869140600006],[105.46429443400012,13.411071777000132],[105.46887207000015,13.414123535000044],[105.47113037100002,13.416076660000101],[105.47491455100015,13.418518066000104],[105.47967529300007,13.421325684000067],[105.48413085900012,13.422912598000096],[105.48968505900012,13.424682617000087],[105.49389648400017,13.426086426000154],[105.49792480500014,13.42687988299997],[105.50207519500015,13.427917480000133],[105.5059204100001,13.428710937000119],[105.50909423800016,13.429504395000095],[105.51287841800007,13.430725098000096],[105.51727294900013,13.43188476600011],[105.52032470700004,13.432678223000153],[105.52429199200014,13.433898926000154],[105.52691650400004,13.43609619100016],[105.52929687500006,13.438720703000058],[105.53149414100017,13.441894531000116],[105.53369140600012,13.446105957000043],[105.53747558600008,13.448120117000087],[105.53851318400012,13.4453125],[105.54168701200018,13.444519043000184],[105.54431152299998,13.441284180000139],[105.545898437,13.438476562000176],[105.545898437,13.434875488000102],[105.54492187500006,13.431274414000086],[105.54449462900004,13.427917480000133],[105.54467773400017,13.42492675800014],[105.54571533200004,13.420104980000133],[105.54730224600007,13.416076660000101],[105.54931640600012,13.413879395000095],[105.55090332000015,13.411499023000147],[105.55151367200006,13.408081055000139],[105.55090332000015,13.404296875],[105.55047607400013,13.401306152000075],[105.55090332000015,13.397705078000058],[105.55047607400013,13.39392089800009],[105.55133056600016,13.390502930000082],[105.55072021500018,13.386474609000118],[105.5499267580002,13.382690430000082],[105.54949951200018,13.377929687000119],[105.54791259800015,13.374084473000096],[105.545898437,13.369506836000141],[105.545898437,13.36608886700003],[105.54687500000011,13.36328125000017],[105.54827880900018,13.358520508000083],[105.54931640600012,13.354675293000184],[105.5499267580002,13.35131835900006],[105.55010986300016,13.346679687000119],[105.54772949200009,13.341674805000082],[105.54711914100011,13.33789062500017],[105.54870605500014,13.334106445000032],[105.54968261700014,13.330871581999986],[105.550292969,13.326904297000112],[105.5499267580002,13.321899413999972],[105.5488891600001,13.317077637000068],[105.5499267580002,13.313110352000024],[105.55090332000015,13.308898926000097],[105.55010986300016,13.30468750000017],[105.5499267580002,13.300476074000017],[105.55090332000015,13.295471191000104],[105.5499267580002,13.29132080100004],[105.5499267580002,13.287109375000114],[105.54870605500014,13.284301758000083],[105.54949951200018,13.281494141000053],[105.54907226600017,13.278503418000128],[105.55187988300003,13.276916504000098],[105.56030273400017,13.273498535000158],[105.5645141600001,13.271911621000129],[105.56872558600003,13.269897461000085],[105.57568359400005,13.2625122070001],[105.5789184570001,13.259094237999989],[105.58111572300015,13.256530762000182],[105.58691406200006,13.250671387000068],[105.58789062500011,13.247314453000115],[105.5886840820001,13.24407959000007],[105.58911132800012,13.240905762000011],[105.58929443400018,13.23608398400006],[105.58929443400018,13.230102539000086],[105.58850097700014,13.227111816],[105.58789062500011,13.22430419900013],[105.58770752000015,13.220520020000151],[105.58728027300003,13.21649169900013],[105.58770752000015,13.212524414000086],[105.58911132800012,13.207275391],[105.59088134800004,13.203491211000085],[105.59252929700006,13.200317383000026],[105.59448242200006,13.195922852000137],[105.59613037100007,13.191711425999983],[105.5977172850001,13.187927246000072],[105.59887695300017,13.183715820000145],[105.60028076200007,13.178710937],[105.60150146500007,13.172485352000137],[105.6016845700002,13.167480469],[105.6016845700002,13.163085937],[105.60247802700002,13.159118652000132],[105.60369873000008,13.155517578000058],[105.60491943400018,13.152526855000133],[105.60809326200001,13.15112304700017],[105.6109008790001,13.149719238000102],[105.61267089800009,13.146301270000095],[105.61352539100017,13.142517090000183],[105.61712646500007,13.139892578000115],[105.62091064500015,13.137695312000176],[105.62310791000016,13.135498047],[105.62609863300008,13.13391113299997],[105.62927246100014,13.131713867000087],[105.63311767600004,13.130920410000044],[105.63647460900006,13.128723145000095],[105.63812255900018,13.125671387000182],[105.63891601600017,13.122497559000124],[105.63952636700014,13.11968994100016],[105.6414794920002,13.117492676000154],[105.6441040040001,13.115905762000125],[105.6470947270002,13.113281250000057],[105.64788818400001,13.108703613000102],[105.64788818400001,13.105102539000029],[105.64672851600017,13.10070800800014],[105.64611816400014,13.096923828000058],[105.64447021500013,13.092285156000116],[105.64251709000007,13.08850097700008],[105.64093017600004,13.084289551000154],[105.64031982400019,13.079284668000014],[105.63848876999998,13.076110840000126],[105.63732910200014,13.07287597700008],[105.63690185500008,13.069519043000184],[105.63610839800003,13.066711426000097],[105.63348388700007,13.063293457000043],[105.63171386700014,13.058471680000139]]]}},{"type":"Feature","properties":{"adm1_name":"Kampot","adm1_name1":null,"adm1_name2":null,"adm1_name3":null,"adm1_pcode":"KH07","adm0_name":"Cambodia","adm0_name1":null,"adm0_name2":null,"adm0_name3":null,"adm0_pcode":"KH","valid_on":"2018-10-04","valid_to":null,"area_sqkm":4721.13538115,"version":"v01","lang":"en","lang1":null,"lang2":null,"lang3":null,"adm1_ref_name":"Kampot","center_lat":10.79000855,"center_lon":104.32800557},"geometry":{"type":"MultiPolygon","coordinates":[[[[104.40509033200004,10.471923828000115],[104.40710449200009,10.476074219000054],[104.40789794900007,10.479492187000062],[104.4072875980001,10.483093262000068],[104.40411377000004,10.480712891000167],[104.40130615200013,10.484924316000047],[104.40087890600012,10.488525391000167],[104.4027099610002,10.492919922000056],[104.40789794900007,10.493713379000098],[104.40612793000008,10.490478516000053],[104.40930175800014,10.488891602000024],[104.412109375,10.487487793000128],[104.41589355500014,10.488708496000129],[104.42010498000013,10.490112305000025],[104.4215087890002,10.493530273000033],[104.4185180660001,10.496276855000076],[104.41632080100015,10.499084473000039],[104.41790771500018,10.504089355000076],[104.41467285200014,10.508483887000068],[104.4138793950001,10.514282227000024],[104.41467285200014,10.519714355000076],[104.41149902300015,10.52087402300009],[104.40692138700012,10.52288818400001],[104.4027099610002,10.523925781000173],[104.39868164100011,10.52587890600006],[104.3975219730001,10.528930664000143],[104.39672851600005,10.53210449200003],[104.39428710900012,10.535522461000085],[104.3909301760001,10.538085937000119],[104.38629150400016,10.541687012000068],[104.3853149410001,10.546081543000128],[104.38549804700017,10.54968261700003],[104.38507080100015,10.556884766000053],[104.38610839800015,10.560729980000076],[104.38610839800015,10.564086914000029],[104.38549804700017,10.56811523400006],[104.38391113300014,10.571289062000119],[104.37829589800015,10.57507324200003],[104.3753051760001,10.575500488000046],[104.37329101600011,10.570495605000133],[104.36932373000013,10.576293945000089],[104.36309814500004,10.57751464800009],[104.35852050800008,10.578125000000114],[104.35467529300018,10.577880859000118],[104.35131835900006,10.578125000000114],[104.34692382800017,10.578308105000076],[104.34289550800014,10.577880859000118],[104.33868408199999,10.576110840000126],[104.33331298800005,10.574523926000097],[104.32751464800009,10.573730469000054],[104.32232666000016,10.573730469000054],[104.31829834000013,10.573486328],[104.31469726600005,10.574096680000082],[104.3110961910001,10.574890137000068],[104.30670165999999,10.57507324200003],[104.30291748000008,10.575683594000111],[104.29827880900007,10.576904297000112],[104.29431152300009,10.576721191000047],[104.2899169920002,10.579895020000038],[104.28747558600014,10.582092285000044],[104.28430175800008,10.584716797000112],[104.28027343700012,10.588073730000133],[104.2769165040001,10.590515137000068],[104.27508544900019,10.58789062500017],[104.27410888700007,10.584106445000089],[104.27288818400001,10.579711913999972],[104.2720947270002,10.576110840000126],[104.27148437500017,10.572082520000038],[104.27111816400014,10.567321777000075],[104.27087402300009,10.563110352000024],[104.2691040040001,10.560729980000076],[104.26611328100017,10.558715820000032],[104.26690673800005,10.55468750000017],[104.2664794920002,10.551513672000112],[104.26330566400014,10.551513672000112],[104.26092529300007,10.553710937000119],[104.25787353499999,10.555480956999986],[104.25488281200012,10.557678223000096],[104.2534790040001,10.560729980000076],[104.25109863300008,10.56530761700003],[104.2479248050002,10.569885254000155],[104.24353027300003,10.570922852000024],[104.2401123050002,10.568725586000141],[104.2359008790001,10.567687988000046],[104.2310791020002,10.567504883000083],[104.22631835900017,10.566284180000082],[104.22668457000003,10.562683105000133],[104.224121094,10.563903809000067],[104.22271728500016,10.561279297000112],[104.22052002000015,10.563293457000157],[104.21887207000003,10.566101074000017],[104.22271728500016,10.567321777000075],[104.21832275400004,10.569519043000128],[104.21307373000008,10.57031250000017],[104.21490478500016,10.565490723000096],[104.21667480500003,10.559692383000083],[104.21392822300015,10.557312012000068],[104.21051025400004,10.558105469000054],[104.20770263700018,10.559326172000112],[104.20471191400009,10.560119629000098],[104.20129394500003,10.559692383000083],[104.19830322299998,10.557922363000046],[104.19549560500002,10.556091309000067],[104.1925048830002,10.553894043000128],[104.18927002000015,10.550903320000032],[104.186523437,10.548706055000082],[104.1834716800002,10.546508789000143],[104.18231201200018,10.542480469000111],[104.17968750000011,10.539916991999974],[104.17749023400017,10.543090820000032],[104.17248535200014,10.544921875000114],[104.16949462900004,10.548889160000044],[104.16448974600013,10.553710937000119],[104.16027831999997,10.55468750000017],[104.1563110350001,10.556884766000053],[104.15368652300003,10.560119629000098],[104.15069580100004,10.559875488000046],[104.14752197300015,10.562316895000038],[104.1436767580002,10.563903809000067],[104.1406860350001,10.564086914000029],[104.13787841800007,10.563476562000119],[104.134277344,10.563293457000157],[104.13171386700009,10.561706543000128],[104.12829589799998,10.559692383000083],[104.12530517600015,10.558105469000054],[104.12231445300006,10.558471680000082],[104.11853027300015,10.556884766000053],[104.11590576200012,10.555480956999986],[104.1130981450001,10.553710937000119],[104.10949707000015,10.550903320000032],[104.10687255900012,10.548706055000082],[104.10308837900004,10.547485352000024],[104.09851074200009,10.547119141000053],[104.09472656200018,10.547302246000186],[104.09088134800015,10.547729491999974],[104.08673095700004,10.549072266000053],[104.08148193400012,10.549926758000083],[104.0772705080002,10.548278809000067],[104.07312011700009,10.547912598000039],[104.06872558600014,10.547912598000039],[104.0642700200001,10.548889160000044],[104.05969238300014,10.549072266000053],[104.05609130900012,10.548522949000187],[104.05352783199999,10.54968261700003],[104.05047607400007,10.549499512000068],[104.04711914100005,10.550476074000073],[104.0435180660001,10.553283691000104],[104.03930664100011,10.554504395000038],[104.0357055660001,10.555114746000186],[104.03192138700007,10.557128906],[104.02770996100014,10.559875488000046],[104.02331543000008,10.561096191000104],[104.01892089800009,10.561523437000062],[104.01531982400002,10.562316895000038],[104.013671875,10.564880371000186],[104.01129150400016,10.567504883000083],[104.00927734400011,10.57031250000017],[104.00512695300017,10.569091797000112],[103.99987793000008,10.57031250000017],[103.99591064500004,10.571472168000184],[103.99310302700007,10.572082520000038],[103.99029541000004,10.574096680000082],[103.98632812500011,10.576477051000097],[103.9827270510001,10.577880859000118],[103.97991943400001,10.579711913999972],[103.97631835900006,10.582092285000044],[103.97167968700012,10.58251953100006],[103.96868896500013,10.583496094000111],[103.96527099600019,10.584716797000112],[103.9614868160001,10.586914062000119],[103.95727539100005,10.58789062500017],[103.95208740200007,10.588500977000024],[103.94732666000016,10.588317871000186],[103.94409179700011,10.587524413999972],[103.940673828,10.587524413999972],[103.93688964800009,10.589477539000029],[103.93328857400019,10.592529297000112],[103.93011474600013,10.595275879000155],[103.92791748000008,10.598327637000068],[103.92492675800008,10.60131835900006],[103.92187500000017,10.604492187000119],[103.92028808600014,10.608276367000087],[103.92370605500003,10.611694335999971],[103.92687988300008,10.614501953000058],[103.93048095700016,10.61547851600011],[103.92987060500013,10.619079590000183],[103.93267822300004,10.62170410200008],[103.93572998000008,10.619079590000183],[103.93927002000004,10.620300293000184],[103.9417114260001,10.616699219000111],[103.94348144500009,10.619506835999971],[103.94647216800018,10.622497559000067],[103.949707031,10.623107910000044],[103.95312500000011,10.625122070000089],[103.95349121100014,10.630310059000067],[103.95507812500017,10.634094238000102],[103.95611572300004,10.63928222700008],[103.95770263700007,10.643493652000132],[103.95971679700011,10.646728516000053],[103.96112060500008,10.65112304700017],[103.96368408200016,10.655517578000058],[103.96551513700007,10.659912109000118],[103.9658813480001,10.663513184000067],[103.96691894500003,10.667297363000102],[103.96752929700011,10.671691895000095],[103.96649169900002,10.676330566000104],[103.96490478499999,10.679077147999976],[103.96472168000003,10.682922363000102],[103.9635009770002,10.685485840000183],[103.96307373000013,10.690490723000153],[103.96289062500017,10.695129395000095],[103.96209716800013,10.698303223000153],[103.9605102540001,10.701293945000145],[103.95867919900007,10.704895020000095],[103.95727539100005,10.707702637000125],[103.95489502000004,10.709472656000116],[103.95068359400011,10.710876465000013],[103.94647216800018,10.71209716800007],[103.94409179700011,10.715087891000167],[103.94189453100006,10.718872069999975],[103.93988037100019,10.72131347700008],[103.93768310500008,10.72430419900013],[103.93572998000008,10.728515625000057],[103.93347168000008,10.732482910000101],[103.93109130900001,10.736328125000057],[103.92889404300013,10.739929199000073],[103.92633056600005,10.74407959000007],[103.92431640600017,10.748291016000167],[103.92388915999999,10.751525879000042],[103.92407226600005,10.754516602000137],[103.92407226600005,10.757873535000158],[103.92370605500003,10.761108398000033],[103.9224853520002,10.764709473000153],[103.92230224600013,10.769104004000042],[103.93310546900005,10.777893066000047],[103.93487548800005,10.782104492000144],[103.93530273400006,10.785278320000032],[103.93591308600008,10.788513184000124],[103.93469238300008,10.791503906000173],[103.93347168000008,10.794494629000098],[103.93310546900005,10.79827880900018],[103.93328857400019,10.801696777000188],[103.93450927700002,10.804321289000086],[103.93609619100005,10.806884766],[103.93731689499998,10.809692383000083],[103.93908691400014,10.812500000000114],[103.94189453100006,10.814514160000158],[103.94287109400011,10.81829834000007],[103.94549560500008,10.82171630900018],[103.94348144500009,10.825927734000174],[103.94128418000008,10.829284668000128],[103.93927002000004,10.832702637000011],[103.93768310500008,10.836303711000085],[103.93530273400006,10.83929443400018],[103.93170166000016,10.841674805000082],[103.92889404300013,10.84350585900006],[103.9260864260001,10.846130371000129],[103.92388915999999,10.848876953000172],[103.92291259800004,10.851684570000032],[103.9224853520002,10.855529785000158],[103.92407226600005,10.859130859],[103.9282836910001,10.861328125000114],[103.93170166000016,10.864074707000157],[103.92950439499998,10.867492676000097],[103.92687988300008,10.869506836000085],[103.92291259800004,10.871520996000129],[103.91931152300003,10.87390136700003],[103.91888427700007,10.878479004000155],[103.92108154300013,10.882324219000054],[103.92230224600013,10.885070801000097],[103.92309570300017,10.890319824000187],[103.92431640600017,10.895690918000128],[103.92687988300008,10.89929199200003],[103.9315185550002,10.899475098000096],[103.93328857400019,10.902893066000104],[103.93347168000008,10.906677246000186],[103.93310546900005,10.91149902300009],[103.93212890600017,10.916076660000044],[103.93267822300004,10.920715332000157],[103.93450927700002,10.923889160000044],[103.93432617200006,10.927673340000126],[103.93347168000008,10.940490723000096],[103.93109130900001,10.942871094000111],[103.9285278320001,10.944274902000132],[103.92572021500007,10.944885254000155],[103.9207153320001,10.946716309000067],[103.91809082000003,10.95092773400006],[103.91607665999999,10.955078125],[103.91931152300003,10.957702637000125],[103.92352294900019,10.959472656000116],[103.92712402300003,10.960876465000183],[103.93011474600013,10.962097168000184],[103.93267822300004,10.963684082000043],[103.9351196290001,10.966308594000111],[103.93670654300013,10.968688965000126],[103.93829345700016,10.971130371000186],[103.94268798800005,10.973693848000096],[103.94628906200012,10.975891113000102],[103.94848632800017,10.977722168000184],[103.95068359400011,10.979675293000014],[103.95288085900006,10.981506348000096],[103.95629882800017,10.98413085900006],[103.96032714800009,10.985900879000155],[103.96307373000013,10.987670898000147],[103.96752929700011,10.991088867000087],[103.97192382800017,10.99328613299997],[103.97509765600006,10.99609375],[103.97790527300009,10.999511719000111],[103.98071289100005,11.002502441000104],[103.98413085900006,11.006713867000087],[103.98651123000008,11.009094238000102],[103.98852539100005,11.011474609000174],[103.9912719730001,11.01452636700003],[103.99407959000013,11.017700195000089],[103.99670410200002,11.019897461000028],[104.0012817380001,11.020507812000176],[104.0056762700001,11.018920898000147],[104.01049804700017,11.019470215000183],[104.01507568400007,11.020690918000014],[104.0181274410001,11.019714355000133],[104.01947021500018,11.016296387000125],[104.02032470700016,11.012512207000043],[104.02209472700008,11.009521484000118],[104.02569580100015,11.010314941000104],[104.02911377000004,11.011108398000147],[104.03411865200007,11.011474609000174],[104.03729248000013,11.01171875],[104.04168701200012,11.012512207000043],[104.04608154300018,11.013488770000095],[104.04888916000004,11.015075684000124],[104.05151367200017,11.017089844000168],[104.05407714800015,11.019287109000118],[104.05749511700009,11.021911621000072],[104.06170654300018,11.024291992000087],[104.06451416000004,11.025512695000089],[104.06787109400017,11.025329590000126],[104.07189941400003,11.028686522999976],[104.0742797850001,11.032470703000115],[104.07507324200009,11.037109375000057],[104.07489013700012,11.041687012000182],[104.0720825200001,11.044677734000174],[104.06988525400004,11.04711914100011],[104.0676879880001,11.049682617000087],[104.06488037100007,11.052673340000013],[104.06207275400004,11.0554809570001],[104.0598754880001,11.058105469000168],[104.06072998000013,11.061889647999976],[104.06488037100007,11.064086914000086],[104.06750488300014,11.065307617000087],[104.0706787110002,11.06610107400013],[104.07373046900011,11.068115234000118],[104.07611084000018,11.071716309000124],[104.0772705080002,11.075683594],[104.07647705100015,11.078674316],[104.07531738300014,11.082275391000167],[104.07507324200009,11.087707520000095],[104.0742797850001,11.091674805000025],[104.0733032230001,11.095275879000042],[104.07250976600011,11.098083496000129],[104.07128906200018,11.101684569999975],[104.07012939500004,11.104919434000124],[104.06951904300018,11.107910156000116],[104.07012939500004,11.112304687],[104.0703125,11.116088867000144],[104.0706787110002,11.121520996000072],[104.0703125,11.126708984000174],[104.07049560500013,11.130493164000086],[104.07092285200008,11.133728027000132],[104.07092285200008,11.13690185500002],[104.07092285200008,11.14007568400018],[104.07092285200008,11.143676758000083],[104.07092285200008,11.146911621000129],[104.06951904300018,11.150085449000187],[104.0676879880001,11.152709961000085],[104.06408691400003,11.156921387000182],[104.06207275400004,11.159729004000042],[104.05908203100012,11.163330078000115],[104.0557250980001,11.167724609000174],[104.05212402300009,11.171081543000128],[104.05670166000004,11.171081543000128],[104.06072998000013,11.17132568400018],[104.06512451200012,11.171875000000114],[104.0703125,11.172302246000129],[104.07470703100012,11.172302246000129],[104.07928466800001,11.17169189499998],[104.08349609400017,11.170898437000062],[104.08789062500006,11.169921875000114],[104.09307861300016,11.168701172000056],[104.0996704100001,11.167114258000026],[104.1052856450001,11.165527344],[104.11029052700013,11.16387939499998],[104.11669921900017,11.162109375000114],[104.12231445300006,11.160705566000047],[104.12768554700006,11.159301758000026],[104.13330078100012,11.157470703000172],[104.13909912100007,11.155273437000062],[104.14392089800015,11.153686523000033],[104.14788818400012,11.152709961000085],[104.152893066,11.150878906000173],[104.15710449200014,11.149291992000144],[104.16107177700019,11.146911621000129],[104.16351318400012,11.143493652000188],[104.16510009800015,11.14031982400013],[104.16607666000016,11.137329102000137],[104.16827392600004,11.13311767600004],[104.17047119100005,11.127929687],[104.17248535200014,11.12469482400013],[104.17449951200018,11.122070312000062],[104.17687988300003,11.119506836000085],[104.18127441400014,11.113891602000137],[104.18389892600004,11.110900879000042],[104.18609619100005,11.108276367000144],[104.18872070300012,11.106079101999967],[104.19207763700001,11.103515625000057],[104.19647216800013,11.10089111300016],[104.19970703100017,11.098693848000153],[104.20410156200006,11.097717285000101],[104.20831298800016,11.096130371000072],[104.21148681600005,11.09490966800007],[104.21588134800004,11.094116211000028],[104.22131347700014,11.093688965000013],[104.22552490200019,11.093688965000013],[104.23132324200014,11.093505859000174],[104.23510742200006,11.093505859000174],[104.23870849600013,11.093505859000174],[104.24291992200006,11.093322754000042],[104.24627685500008,11.092895508000026],[104.25311279300013,11.094726562000176],[104.26110839800003,11.096679687000062],[104.26568603499999,11.097717285000101],[104.26928710900006,11.097473145000151],[104.27368164100005,11.09930419900013],[104.27850341800013,11.101928711000028],[104.28448486300005,11.102905273000033],[104.28930664100005,11.103088379000042],[104.29309082000003,11.104492187000062],[104.29748535200002,11.104919434000124],[104.3010864260001,11.103881836000085],[104.30450439500004,11.103515625000057],[104.30828857400002,11.10369873000019],[104.31292724600013,11.106506348000153],[104.31451415999999,11.110290527000188],[104.31610107400002,11.113708496000072],[104.31829834000013,11.116271973000039],[104.32110595700016,11.115722656000116],[104.3245239260001,11.11749267600004],[104.32690429700011,11.121093750000114],[104.32910156200012,11.124511719],[104.32928466800018,11.127929687],[104.33172607400019,11.132080078000115],[104.33489990200007,11.13507080100004],[104.33831787100019,11.137695312000062],[104.34271240200007,11.139709472999982],[104.34692382800017,11.139099121000129],[104.35028076200012,11.137695312000062],[104.35449218700012,11.137695312000062],[104.35852050800008,11.136291504000098],[104.36230468700012,11.13592529300007],[104.36572265600006,11.13507080100004],[104.36791992200011,11.132873535000158],[104.37011718700012,11.13507080100004],[104.37432861300005,11.135498047000056],[104.37969970700004,11.136291504000098],[104.38452148400012,11.137084961000085],[104.3884887700001,11.137878418000128],[104.39007568400012,11.141113281000173],[104.39349365200013,11.143127441],[104.39691162100002,11.147705078000115],[104.40008544900007,11.14569091800007],[104.4027099610002,11.14288330100004],[104.40527343700018,11.141113281000173],[104.40747070300006,11.137878418000128],[104.41052246100014,11.13690185500002],[104.41027832000015,11.111083984],[104.41107177700013,11.077880859000174],[104.41351318400007,11.079711914000086],[104.41748046900017,11.081481934000124],[104.4216918950001,11.082275391000167],[104.4251098630001,11.082275391000167],[104.42889404300001,11.081726074000073],[104.43347168000014,11.08032226600011],[104.43792724600002,11.075927734000118],[104.44128418000014,11.07391357400013],[104.444091797,11.073120117000087],[104.44750976600011,11.07250976600011],[104.45129394500015,11.071289062],[104.45507812500006,11.06890869100016],[104.45507812500006,11.057922363000102],[104.46112060500013,11.063720703000058],[104.46850585900017,11.056884766000167],[104.48767089800003,11.07092285200008],[104.486877441,11.059692383000026],[104.49627685500002,11.05932617200017],[104.49951171900017,11.05828857400013],[104.50427246100008,11.051086425999983],[104.50732421900017,11.045715332000043],[104.51092529300007,11.042724609000118],[104.51367187500011,11.038513184000124],[104.51593017600015,11.034912109000118],[104.51867675800003,11.030700684000124],[104.52148437500011,11.02667236300016],[104.52331543000014,11.02368164100011],[104.52410888700018,11.019470215000183],[104.52569580100004,11.01672363300014],[104.52789306600005,11.013305664000029],[104.52929687500011,11.010070800999983],[104.5300903320001,11.007324219000111],[104.53247070300017,11.003295898000147],[104.53411865200019,10.99829101600011],[104.53448486300016,10.99328613299997],[104.53607177700019,10.990295410000044],[104.5379028320001,10.987121581999986],[104.53887939500015,10.98107910200008],[104.5396728520002,10.975280762000125],[104.5396728520002,10.969726562000119],[104.54132080100004,10.966125488000046],[104.54071044900013,10.958496094000111],[104.5396728520002,10.952087402000075],[104.5396728520002,10.947509766000053],[104.5408935550002,10.936523437000119],[104.54107666000016,10.930297852000024],[104.52728271500007,10.905273437000119],[104.52148437500011,10.89392089800009],[104.53588867200006,10.887084961000141],[104.54650878900009,10.886291504000098],[104.5499267580002,10.88647460900006],[104.55407714800003,10.887084961000141],[104.55932617200006,10.887878418000128],[104.56231689500015,10.887512207000157],[104.57452392600004,10.886901855000076],[104.58032226600017,10.886291504000098],[104.58532714800003,10.886291504000098],[104.597900391,10.892089844000111],[104.61828613300008,10.902282715000126],[104.62451171900005,10.901489258000083],[104.63092041000016,10.904479980000133],[104.63470459000007,10.905090332000157],[104.64190673800005,10.906311034999987],[104.64550781200012,10.906494141000053],[104.65087890600006,10.90710449200003],[104.65472412100013,10.90710449200003],[104.65869140600006,10.906127930000025],[104.6682739260001,10.901123047000112],[104.67431640600006,10.899902344000054],[104.67431640600006,10.894104004000098],[104.67791748000008,10.89367675800014],[104.68688964800009,10.88031005900001],[104.68951416000004,10.874511719000054],[104.69189453100006,10.872924805000025],[104.69708252000004,10.861511230000076],[104.6983032230001,10.858703613000046],[104.69927978500004,10.8543090820001],[104.70092773400006,10.851318359],[104.70208740200007,10.848693848000039],[104.70330810500013,10.845275879000098],[104.70550537100019,10.839477539000143],[104.70672607400002,10.835083008000083],[104.70452880900007,10.832092285000158],[104.70452880900007,10.828308105000076],[104.705078125,10.824096680000025],[104.70532226600005,10.820312500000114],[104.70532226600005,10.816528319999975],[104.705078125,10.8132934570001],[104.70672607400002,10.809509277000188],[104.7061157230001,10.806518555000025],[104.70831298800005,10.804504395000151],[104.71051025400016,10.801879883000083],[104.71209716800018,10.799072266],[104.71508789100011,10.796508789000086],[104.71667480500014,10.79327392600004],[104.7192993160001,10.791503906000173],[104.7222900390002,10.788330078000115],[104.72308349600007,10.784301758000026],[104.72528076200012,10.782104492000144],[104.72912597700002,10.780273437000062],[104.72430419900007,10.77728271500007],[104.71887207000009,10.77508544900013],[104.71429443400007,10.772705078000115],[104.71112060500013,10.770507812],[104.70751953100006,10.767517090000013],[104.70391845700016,10.764709473000153],[104.70269775400016,10.762084961000085],[104.70269775400016,10.758911133000026],[104.70129394500009,10.755310059000124],[104.69989013700012,10.750488281000173],[104.69970703100006,10.747070312000062],[104.70007324200009,10.74407959000007],[104.70208740200007,10.741088867000144],[104.6995239260001,10.738708496000072],[104.6983032230001,10.734497070000145],[104.6959228520002,10.731079102000137],[104.69409179700017,10.728271484000174],[104.69110107400007,10.724670410000101],[104.68768310500013,10.72131347700008],[104.68688964800009,10.718322753999985],[104.68450927700007,10.715087891000167],[104.68310546900011,10.710510254000042],[104.68048095699999,10.706298828000058],[104.67651367200011,10.703674316],[104.67327880900007,10.700500488000102],[104.67108154300018,10.69549560500019],[104.67211914100005,10.691101074000073],[104.67388916000004,10.688903809000124],[104.67449951200007,10.68469238299997],[104.67388916000004,10.680908203000058],[104.67449951200007,10.678100586000028],[104.67431640600006,10.674682617000087],[104.67388916000004,10.670898437000176],[104.67431640600006,10.667297363000102],[104.67468261700003,10.663696289000029],[104.67510986300005,10.659729004000155],[104.67431640600006,10.655517578000058],[104.67370605500008,10.651916504000155],[104.67492675800008,10.648498535000044],[104.67547607400007,10.645690918000184],[104.67633056600005,10.641296387000125],[104.67687988300014,10.636108398000147],[104.67651367200011,10.633117676000097],[104.67547607400007,10.629699707000043],[104.67492675800008,10.625122070000089],[104.67388916000004,10.621276855000133],[104.67730712900016,10.621276855000133],[104.6812744140002,10.62109375],[104.68572998000008,10.620910645000038],[104.6892700200001,10.620727538999972],[104.69232177700007,10.620483398000147],[104.6956787110002,10.620300293000184],[104.69989013700012,10.61987304700017],[104.70489502000004,10.619689941000104],[104.70770263700012,10.619079590000183],[104.71051025400016,10.616088867000087],[104.7114868160001,10.612304687000119],[104.71350097700008,10.609497070000089],[104.71130371100014,10.604675293000184],[104.70947265600012,10.600891113000102],[104.70727539100011,10.596496581999986],[104.70672607400002,10.592529297000112],[104.70648193400007,10.589111328],[104.70727539100011,10.584899902000075],[104.7114868160001,10.58068847700008],[104.71289062500017,10.575317383000083],[104.7125244140002,10.57012939499998],[104.71191406200012,10.566528320000032],[104.71173095700016,10.563110352000024],[104.7114868160001,10.558898926000097],[104.71209716800018,10.555480956999986],[104.71209716800018,10.550903320000032],[104.71331787100019,10.545715332000157],[104.714111328,10.541503906],[104.71649169900007,10.539489746000186],[104.71850585900012,10.537292480000076],[104.71789550800014,10.534301758000083],[104.7144775390002,10.53210449200003],[104.71032714800009,10.531921387000068],[104.705078125,10.53369140600006],[104.69970703100006,10.535522461000085],[104.69488525400016,10.53692626999998],[104.6917114260001,10.537109375000114],[104.68847656200012,10.537719727000024],[104.68450927700007,10.537475586000141],[104.68072509800004,10.537719727000024],[104.67669677700007,10.538085937000119],[104.67370605500008,10.538085937000119],[104.66992187500011,10.53851318400001],[104.66589355500008,10.538696288999972],[104.6627197270002,10.538879395000038],[104.65869140600006,10.539123535000158],[104.65368652300009,10.539489746000186],[104.65008544900002,10.539672852000024],[104.6470947270002,10.539123535000158],[104.64648437500017,10.536315918000128],[104.64648437500017,10.533081055000082],[104.64489746100014,10.529479980000076],[104.64050293000008,10.529479980000076],[104.63708496100014,10.529296875000114],[104.63427734400011,10.528503418000128],[104.63049316400014,10.528320312000062],[104.62689209000013,10.528076172000112],[104.6239013670002,10.527893066000047],[104.62091064499998,10.527709961000085],[104.61791992200006,10.527526855000076],[104.61407470700016,10.528503418000128],[104.609130859,10.531311035000158],[104.60388183600014,10.533081055000082],[104.59948730500003,10.534301758000083],[104.59649658200016,10.53210449200003],[104.5933227540001,10.530883788999972],[104.59008789100005,10.530090332000157],[104.58770752000015,10.527893066000047],[104.58709716800013,10.523071288999972],[104.5867309570001,10.51928710900006],[104.58691406200006,10.51593017600004],[104.58691406200006,10.512695312000062],[104.58587646500007,10.50970459000007],[104.58428955100004,10.506530762000011],[104.58209228500016,10.503906250000114],[104.57849121100008,10.50189209000007],[104.57330322300004,10.50030517600004],[104.56927490200002,10.498474121000186],[104.56549072300004,10.495910645000151],[104.5620727540001,10.494689941000047],[104.55950927700019,10.49249267600004],[104.55889892600004,10.488281250000114],[104.55871581999997,10.482910156000173],[104.55828857400019,10.47991943400018],[104.55810546900005,10.476928711000085],[104.55792236300016,10.473876953000172],[104.5565185550002,10.469482422000112],[104.5554809570001,10.465515137000182],[104.55450439500015,10.46209716800007],[104.55310058600008,10.45928955100004],[104.55108642600004,10.456115722999982],[104.54852294900013,10.45330810500002],[104.54492187500006,10.450073241999974],[104.54168701200001,10.448120117000144],[104.5379028320001,10.447875977000024],[104.53289794900013,10.447692871000129],[104.52893066400009,10.447082520000151],[104.52612304700006,10.4461059570001],[104.52252197300015,10.443725586000028],[104.51928710900017,10.441528320000145],[104.51690673800016,10.43890380900018],[104.51531982400013,10.43572998000019],[104.51312255900012,10.431701660000101],[104.51129150400004,10.428283691000047],[104.50970459000001,10.424682617000144],[104.50830078100012,10.421508789000086],[104.50653076200012,10.417724609000174],[104.50451660200014,10.413879395000151],[104.50292968700018,10.41131591800007],[104.50091552700013,10.407714844000168],[104.49792480500014,10.4050903320001],[104.49230957000015,10.411926270000095],[104.4890747070001,10.418884277000188],[104.48730468700018,10.421875000000114],[104.48449707000015,10.425903319999975],[104.47888183600008,10.431884766000167],[104.47491455100015,10.431518554999968],[104.45788574200009,10.427124022999976],[104.44232177700013,10.42327880900018],[104.43811035200008,10.424072266],[104.43511962900016,10.42767334000007],[104.43090820300006,10.431884766000167],[104.42828369100016,10.435119629000042],[104.42828369100016,10.43927001999998],[104.42651367200017,10.443725586000028],[104.42327880900012,10.443725586000028],[104.41992187500017,10.443908691],[104.41687011700009,10.443481445000032],[104.4151000980001,10.4461059570001],[104.42431640600006,10.4539184570001],[104.42608642600015,10.458129883000026],[104.42309570300006,10.45928955100004],[104.4216918950001,10.461914062000062],[104.41949462899998,10.464904785000158],[104.41589355500014,10.466308594000054],[104.41809082000015,10.46868896500007],[104.41931152300015,10.4714965820001],[104.41448974600007,10.473876953000172],[104.41229248000013,10.470520020000151],[104.40832519500009,10.469726562000062],[104.40551757800006,10.467712402000188],[104.40509033200004,10.471923828000115]]],[[[104.40191650400016,10.474487305000025],[104.40509033200004,10.471923828000115],[104.40191650400016,10.470886230000076],[104.40191650400016,10.474487305000025]]]]}},{"type":"Feature","properties":{"adm1_name":"Kandal","adm1_name1":null,"adm1_name2":null,"adm1_name3":null,"adm1_pcode":"KH08","adm0_name":"Cambodia","adm0_name1":null,"adm0_name2":null,"adm0_name3":null,"adm0_pcode":"KH","valid_on":"2018-10-04","valid_to":null,"area_sqkm":3255.40173761,"version":"v01","lang":"en","lang1":null,"lang2":null,"lang3":null,"adm1_ref_name":"Kandal","center_lat":11.39630127,"center_lon":105.02064172},"geometry":{"type":"Polygon","coordinates":[[[104.82507324200014,11.882873534999987],[104.82769775400004,11.880676270000038],[104.8298950200001,11.877929687000062],[104.83190918000014,11.874084473000039],[104.83447265600017,11.871887207000157],[104.83691406200018,11.868530273000033],[104.836486816,11.865478516000053],[104.83587646500007,11.8621215820001],[104.8350830080002,11.858093262000011],[104.83392334000018,11.853088379000098],[104.83349609400017,11.84991455100004],[104.83190918000014,11.846130371000072],[104.83148193400012,11.843078612999989],[104.83148193400012,11.840087891],[104.83349609400017,11.837280273000033],[104.83251953100012,11.833496094000054],[104.83251953100012,11.829711914000086],[104.8308715820001,11.826721191],[104.83428955100004,11.824279785000158],[104.8399047850001,11.823730469000168],[104.84631347700014,11.824707031000173],[104.8519287110002,11.826904297000056],[104.85211181600016,11.830505371000129],[104.85369873000019,11.833129883000026],[104.85827636700014,11.83148193400018],[104.86169433600008,11.828125],[104.86627197300004,11.827514648000033],[104.86932373000019,11.823303222999982],[104.87371826200018,11.820678711000085],[104.87792968700018,11.818908691],[104.88189697299998,11.820129395000095],[104.88409423800016,11.823730469000168],[104.8875122070001,11.822509766000167],[104.89068603500016,11.822326660000101],[104.89331054700006,11.819885254000098],[104.89587402300003,11.818115234000174],[104.89947509800004,11.815917969000168],[104.90167236300005,11.812927246000072],[104.90350341800007,11.809082031000173],[104.90728759800004,11.80792236300016],[104.91088867200006,11.80792236300016],[104.9146728520002,11.808715820000145],[104.9180908200002,11.809326172],[104.92028808600008,11.811279297000056],[104.92089843700006,11.815490722999982],[104.92169189500015,11.818725586000028],[104.9246826170002,11.821289062000062],[104.92791748000002,11.823486328000115],[104.93048095700016,11.826904297000056],[104.93231201200001,11.831115723000153],[104.93572998000002,11.832702637000182],[104.93951416000016,11.83428955100004],[104.94091796900005,11.837707520000151],[104.94189453100017,11.841918944999975],[104.94427490200007,11.845092773000033],[104.94549560500008,11.848083496000129],[104.9448852540001,11.852294922000056],[104.94671630900018,11.855895996000129],[104.94909668000003,11.859924316],[104.95208740200007,11.862487793000128],[104.9539184570001,11.86492919900013],[104.9536743160001,11.870117187000062],[104.9556884770002,11.874694824000187],[104.95751953100017,11.871520996000129],[104.9578857420002,11.868286133000083],[104.95867919900019,11.86468505900018],[104.95971679700006,11.861877441000047],[104.96411132800017,11.85687255900001],[104.9671020510001,11.85968017600004],[104.97192382800017,11.861877441000047],[104.97570800800008,11.865478516000053],[104.9780883790001,11.868530273000033],[104.98071289100005,11.871887207000157],[104.98309326200007,11.874877930000025],[104.98529052700007,11.877929687000062],[104.98712158200016,11.881896973000039],[104.99072265600017,11.879882812000062],[104.9937133790001,11.877502441000047],[104.99609375000017,11.874084473000039],[104.99829101600005,11.870727539000086],[104.9989013670002,11.86712646500007],[105.0003051760001,11.864074707000157],[105.00189209000013,11.861694336000085],[105.00408935500013,11.858886719000054],[105.0054931640002,11.854492187000062],[105.00927734400011,11.853515625000114],[105.01391601600005,11.85272216800007],[105.01849365200007,11.852294922000056],[105.02252197300004,11.852294922000056],[105.02911377000004,11.851684570000032],[105.03289794900007,11.850891112999989],[105.03833007800017,11.850280762000068],[105.03967285200008,11.84747314499998],[105.04107666000004,11.844116211000085],[105.04290771500013,11.84112548800016],[105.04571533200016,11.836486816000047],[105.04852294900002,11.832519531000116],[105.05267334000018,11.82830810500002],[105.05487060500013,11.82647705100004],[105.05731201200007,11.824279785000158],[105.05969238300014,11.821472168000128],[105.06347656200018,11.818725586000028],[105.0654907230001,11.815917969000168],[105.06689453100006,11.812316895000095],[105.06707763700012,11.808715820000145],[105.06268310500013,11.805908203000115],[105.05950927700007,11.802307129000042],[105.055908203,11.80291748000019],[105.05291748000013,11.80108642600004],[105.05212402300009,11.79711914100011],[105.05072021500013,11.793090819999975],[105.05047607400007,11.789123535000101],[105.04931640600006,11.784729004000042],[105.04852294900002,11.779113770000095],[105.04711914100005,11.776123047],[105.0477294920002,11.772094727000137],[105.04888916000004,11.767517090000183],[105.04852294900002,11.76287841800007],[105.04870605500008,11.759277344],[105.04888916000004,11.755676270000151],[105.04809570300006,11.752075195000145],[105.05249023400012,11.75128173800016],[105.05749511700003,11.751098633000026],[105.06127929700017,11.751098633000026],[105.06652832000009,11.751098633000026],[105.07110595699999,11.751098633000026],[105.0745239260001,11.751098633000026],[105.07830810500013,11.751098633000026],[105.08349609400011,11.750915527000132],[105.08807373000019,11.750122070000089],[105.09112548800005,11.74627685500019],[105.0930786130001,11.742309570000145],[105.09448242200017,11.739685059000124],[105.09667968700018,11.736694336000028],[105.10131835900012,11.734680175999983],[105.10607910200008,11.734680175999983],[105.1087036130001,11.736083984000174],[105.11187744100016,11.738891602000137],[105.11492919900007,11.740478516000167],[105.11767578100012,11.741516113000102],[105.12109375000006,11.74188232400013],[105.12652587900016,11.741271973000153],[105.13092041000004,11.739685059000124],[105.13488769500015,11.738098145000095],[105.13867187500006,11.736511230000133],[105.1431274410001,11.734924316000104],[105.14709472700014,11.734497070000145],[105.15191650399998,11.734497070000145],[105.15588378900009,11.734924316000104],[105.1593017580002,11.735473633000026],[105.15972900399998,11.731323242000087],[105.15588378900009,11.728271484000174],[105.15509033200004,11.724121094000111],[105.15649414100011,11.72088623000019],[105.15789794900013,11.717285156000116],[105.15808105500014,11.71307373000019],[105.15692138700012,11.70867919900013],[105.15472412100007,11.706726074000073],[105.15130615200013,11.707092285000101],[105.14831543000014,11.70568847700008],[105.14807128900009,11.701110840000126],[105.14532470700004,11.699096680000139],[105.14129638700012,11.698913574000073],[105.1370849610002,11.700927734000118],[105.13391113300014,11.699279785000101],[105.13153076200012,11.69592285200008],[105.1287231450001,11.693115234000118],[105.12829589800015,11.689086914000029],[105.12890625000006,11.685119629000155],[105.12908935500019,11.680114746000015],[105.12811279300018,11.676086426000154],[105.12487793000014,11.673706055000082],[105.12188720700004,11.671691895000095],[105.12109375000006,11.667297363000102],[105.12249755900012,11.66467285200008],[105.12451171900011,11.662475586000028],[105.12750244100016,11.661315918000184],[105.13012695300006,11.659729004000155],[105.13153076200012,11.656921387000068],[105.13232421900011,11.65307617200017],[105.13049316400009,11.649902344000111],[105.1262817380001,11.648315430000082],[105.12170410200008,11.646484375],[105.11871337900016,11.644470215000183],[105.11511230500014,11.642700195000089],[105.1116943360002,11.64111328100006],[105.11187744100016,11.637329102000024],[105.11352539100011,11.633911133000083],[105.10949707000009,11.63171386700003],[105.10668945300006,11.629516602000024],[105.10351562500017,11.624877930000082],[105.10430908200004,11.620117187000119],[105.10729980500014,11.617492676000097],[105.10968017600015,11.615112305000082],[105.11187744100016,11.612670898000147],[105.11029052700013,11.609313965000126],[105.11132812500017,11.605712891000053],[105.11187744100016,11.60009765600006],[105.11230468700018,11.594909668000128],[105.11328125000006,11.591125488000046],[105.11468505900012,11.588317871000129],[105.11669921900017,11.584289551000097],[105.1152954100001,11.579895020000038],[105.11749267600015,11.576904297000112],[105.1152954100001,11.574890137000068],[105.1130981450001,11.571899414000143],[105.11511230500014,11.567687988000046],[105.11669921900017,11.564270020000038],[105.11712646500013,11.561096191000047],[105.12030029300018,11.558715820000032],[105.12152099600002,11.555480957000157],[105.12451171900011,11.55249023400006],[105.12890625000006,11.553283691000047],[105.13189697300015,11.551879883000083],[105.13391113300014,11.549499512000068],[105.12988281200018,11.54669189499998],[105.13012695300006,11.543701172000112],[105.12890625000006,11.540710449000187],[105.12811279300018,11.536682129000098],[105.13110351600011,11.534118652000188],[105.13470459000018,11.532897949000187],[105.13812255900007,11.530090332000157],[105.1431274410001,11.527893066000047],[105.14672851600011,11.52728271500007],[105.1497192380001,11.529479980000076],[105.15252685500013,11.531127930000025],[105.15612793000014,11.531921387000011],[105.15991210900012,11.531311035000158],[105.16351318400012,11.529907226999967],[105.16668701200018,11.528503418000128],[105.17071533200004,11.525085449000187],[105.17352294900007,11.521911621000129],[105.1768798830002,11.51928710900006],[105.18072509800015,11.518310547000056],[105.1846923830002,11.517700195000032],[105.18872070300006,11.51947021500007],[105.19287109400005,11.51971435500002],[105.19830322300015,11.521118164000086],[105.20172119100016,11.516113281000173],[105.20349121100008,11.511901855000076],[105.20532226600011,11.508911133000026],[105.208496094,11.507080078000172],[105.21148681600005,11.50311279300007],[105.21069335900017,11.498718262000182],[105.211914062,11.494689941000047],[105.21350097700014,11.490905762000182],[105.2136840820001,11.487670898000033],[105.21691894500015,11.489501953000115],[105.22113037100007,11.48968505900018],[105.22509765600017,11.487915039000086],[105.22772216800007,11.485290527000188],[105.22729492200006,11.480712891000167],[105.22790527300003,11.477478027000188],[105.22692871100003,11.474670410000158],[105.22888183600008,11.472290039000086],[105.23272705099998,11.470092773000033],[105.23529052700019,11.466918945000145],[105.23669433600008,11.463500977000137],[105.24029541000016,11.463317871000072],[105.243896484,11.461486816000047],[105.24548339800003,11.457275391000167],[105.249511719,11.456298828000115],[105.25189209000007,11.453674316000047],[105.25610351600017,11.452697754000042],[105.25909423799999,11.455688477000137],[105.26232910200014,11.458129883000026],[105.26391601600017,11.45532226600011],[105.2667236330002,11.452514647999976],[105.26989746100008,11.450073242000144],[105.27227783200016,11.453125],[105.27447509800004,11.4558715820001],[105.27770996100008,11.457885742000144],[105.2811279300002,11.4558715820001],[105.28448486300005,11.452880859],[105.2866821290001,11.449096679999968],[105.28448486300005,11.44647216800007],[105.28271484400005,11.443115234000174],[105.28411865200019,11.440490723000153],[105.28631591800007,11.43768310500002],[105.29028320300017,11.435913086000028],[105.29132080100004,11.432128906000116],[105.292724609,11.428527832000043],[105.29650878900014,11.425292969000168],[105.29510498000008,11.422729492000087],[105.292724609,11.419677734000174],[105.289306641,11.415100098000153],[105.28570556600005,11.411071777000188],[105.2833251950002,11.408691406000116],[105.28088378900014,11.406677246000072],[105.27752685500002,11.404113770000095],[105.27429199200014,11.40167236300016],[105.27148437500011,11.399475098000153],[105.26831054700006,11.3972778320001],[105.26489257800017,11.395324707000043],[105.26092529300007,11.393493652000132],[105.25567626999998,11.391479492000087],[105.25689697300004,11.385070800999983],[105.257324219,11.380676270000095],[105.25787353500016,11.375305176000154],[105.25872802700019,11.370117187000176],[105.25927734400005,11.364929199000073],[105.25952148400017,11.36187744100016],[105.2600708010001,11.357727051000097],[105.25970459000007,11.354492187000176],[105.26287841800013,11.350891113000102],[105.26409912100013,11.34790039100011],[105.2655029300002,11.343872070000145],[105.26727294900019,11.340270996000072],[105.26892089800003,11.337524414000029],[105.27050781200006,11.334472656000116],[105.27172851600017,11.330871582000043],[105.27252197299998,11.32812500000017],[105.2733154300002,11.324890137000125],[105.27410888700001,11.321289062000176],[105.27447509800004,11.318298340000126],[105.27508544900019,11.315490723000096],[105.27508544900019,11.311096191000104],[105.27569580100004,11.305908203],[105.27612304700006,11.300292969000111],[105.27648925800008,11.295898437000119],[105.2769165040001,11.292480469000111],[105.27752685500002,11.289123534999987],[105.27807617200011,11.28588867200017],[105.27893066400009,11.28210449200003],[105.27929687500011,11.27868652300009],[105.27947998000008,11.27429199200003],[105.28088378900014,11.268493652000075],[105.28027343700012,11.261291504000155],[105.28088378900014,11.257324219000054],[105.2811279300002,11.25372314499998],[105.2799072270002,11.248107909999987],[105.27832031200006,11.243713379000098],[105.27648925800008,11.239501953000172],[105.2755126950002,11.236328125000114],[105.27368164100005,11.231506348000039],[105.27252197299998,11.227294922000112],[105.27069091800013,11.223083496000186],[105.26947021500007,11.22009277300009],[105.26788330100004,11.216308594000054],[105.26568603500016,11.211486816000047],[105.26409912100013,11.207519531000173],[105.26269531200006,11.2039184570001],[105.26110839800003,11.201293945000032],[105.25872802700019,11.199096680000025],[105.25549316400014,11.197082520000038],[105.25189209000007,11.19451904300007],[105.24871826200018,11.19171142600004],[105.24609375000011,11.187927246000129],[105.24530029300007,11.183105469000054],[105.24511718700006,11.178710937000062],[105.24530029300007,11.173889160000158],[105.24572753900009,11.16967773400006],[105.24609375000011,11.16632080100004],[105.24548339800003,11.162475586000085],[105.24450683600008,11.158081055000025],[105.24267578100017,11.152709961000085],[105.24169921900005,11.149291992000144],[105.2401123050002,11.144897461000085],[105.23870849600013,11.140502930000025],[105.23687744100005,11.13592529300007],[105.23529052700019,11.13250732400013],[105.23388671900005,11.1296997070001],[105.23211669900013,11.127075195000032],[105.23028564500015,11.12469482400013],[105.22772216800007,11.120910645000151],[105.2257080080002,11.118530272999976],[105.22369384799998,11.116088867000144],[105.2202758790001,11.112915039000086],[105.21771240200019,11.110473633000026],[105.21527099600013,11.10870361300016],[105.21209716800007,11.105895996000129],[105.20910644500015,11.102905273000033],[105.2058715820001,11.10089111300016],[105.20269775400004,11.097473145000151],[105.19848632800012,11.093322754000042],[105.19567871100008,11.089477539000086],[105.19427490200019,11.086486816],[105.19427490200019,11.082092285000101],[105.19427490200019,11.078491211000028],[105.19451904300007,11.07531738299997],[105.19488525400004,11.07092285200008],[105.19549560500019,11.065673828000115],[105.19592285200014,11.062072754000042],[105.19628906200006,11.058471679999968],[105.19628906200006,11.05389404300007],[105.19671630900012,11.048706055000139],[105.19671630900012,11.044311523000147],[105.19671630900012,11.040100098000153],[105.19689941400009,11.036315918000184],[105.19689941400009,11.032287598000153],[105.19689941400009,11.027099609000118],[105.1961059570001,11.021911621000072],[105.19488525400004,11.01727294900013],[105.19427490200019,11.013488770000095],[105.19390869100016,11.01049804700017],[105.19287109400005,11.005676270000095],[105.1912841800002,11.001525879000155],[105.19091796900017,10.998107910000044],[105.19049072300015,10.994506835999971],[105.19030761700009,10.990112305000082],[105.18988037100013,10.986083984000118],[105.1895141600001,10.982116699000073],[105.1875,10.979125977000024],[105.18688964800003,10.976074219000168],[105.18548584000001,10.971679687000176],[105.18450927700013,10.968078613000102],[105.18432617200017,10.964477539000029],[105.18408203100017,10.961486816000104],[105.18389892599998,10.956726074000017],[105.18389892599998,10.951904297000112],[105.18450927700013,10.947692871000015],[105.18511962900004,10.943725586000141],[105.18572998000019,10.94030761700003],[105.18627929700006,10.93688964800009],[105.18670654300007,10.933288574000073],[105.18707275400004,10.930114746000186],[105.18768310500019,10.926696777000075],[105.1882934570001,10.923522949000187],[105.18872070300006,10.918518066000047],[105.1895141600001,10.91351318400001],[105.18267822300015,10.91210937500017],[105.17907714800003,10.913085937000119],[105.176513672,10.914489746000186],[105.17211914100011,10.916076660000044],[105.16827392600004,10.91772460900006],[105.16510009800015,10.91931152300009],[105.16107177700019,10.92132568400001],[105.1563110350001,10.923095703],[105.15167236300016,10.923706055000082],[105.14709472700014,10.923522949000187],[105.14270019500015,10.923278809000067],[105.13769531200018,10.92272949200003],[105.13110351600011,10.922302246000186],[105.12652587900016,10.921081543000184],[105.12249755900012,10.920715332000157],[105.11889648400012,10.920715332000157],[105.11407470700004,10.920104980000076],[105.11090087899998,10.919677734000118],[105.10632324200003,10.919494629000155],[105.10290527300015,10.921508788999972],[105.10229492200017,10.924926758000083],[105.1038818360002,10.927673340000126],[105.10571289100011,10.930114746000186],[105.10913085900012,10.933898926000097],[105.11267089799998,10.938110352000024],[105.11492919900007,10.941101074000073],[105.11669921900017,10.944274902000132],[105.11791992200017,10.948730469000054],[105.11749267600015,10.95312500000017],[105.11712646500013,10.95727539100011],[105.11608886700009,10.961120605000133],[105.11248779300001,10.962097168000184],[105.10809326200012,10.961486816000104],[105.10247802700013,10.959289551000154],[105.09912109400011,10.957885742000087],[105.09448242200017,10.956726074000017],[105.08831787100019,10.956481934000067],[105.08312988300014,10.958496094000111],[105.0811157230001,10.954895020000038],[105.0798950200001,10.949096680000082],[105.07928466800018,10.944885254000155],[105.07891845699999,10.940124512000068],[105.07891845699999,10.936706543000128],[105.07592773400006,10.937683105000133],[105.07232666000004,10.939270020000095],[105.06707763700012,10.938903809000067],[105.06329345700004,10.93688964800009],[105.06011962900016,10.934875488000102],[105.05731201200007,10.933105469000111],[105.0532836910001,10.929870605000133],[105.05151367200011,10.925903320000089],[105.05310058600014,10.922302246000186],[105.05310058600014,10.919128418000128],[105.05187988300014,10.916320801000097],[105.0477294920002,10.915527344000054],[105.04388427700007,10.91351318400001],[105.04248046900011,10.909484863000046],[105.04431152300009,10.906127930000025],[105.04492187500017,10.902526855000076],[105.04089355500008,10.898925781],[105.03631591800013,10.897705078000172],[105.0347290040001,10.901672363000046],[105.03289794900007,10.905700684000067],[105.0335083010001,10.910705566000104],[105.03552246100014,10.914306641000053],[105.0374755860002,10.918273926000097],[105.03948974600019,10.921691895000038],[105.0413208010001,10.92468261700003],[105.04248046900011,10.928100586000141],[105.04089355500008,10.932128906],[105.03912353499999,10.935485840000126],[105.0386962890002,10.940490723000096],[105.03808593700012,10.944519043000128],[105.0374755860002,10.94787597700008],[105.03588867200017,10.951110840000126],[105.03411865200007,10.954284668000184],[105.03289794900007,10.956909180000082],[105.03149414100005,10.960510254000155],[105.03131103500004,10.964721680000082],[105.03167724600002,10.967712402000075],[105.0321044920002,10.972106934000067],[105.0321044920002,10.976318359000118],[105.03167724600002,10.980895996000015],[105.03149414100005,10.984680176000154],[105.03112793000008,10.988708496000015],[105.02868652300009,10.991699219000111],[105.02331543000008,10.992126465000126],[105.01867675800014,10.992675781000116],[105.01507568400007,10.99353027300009],[105.01171875000011,10.994506835999971],[105.00872802700002,10.995117187000119],[105.00408935500013,10.995910645000038],[104.9989013670002,10.998107910000044],[104.9937133790001,10.99829101600011],[104.9924926760001,11.001708984000118],[104.9912719730001,11.004699707000043],[104.99090576200007,11.007690430000139],[104.9924926760001,11.011291503999985],[104.9937133790001,11.014709473000096],[104.99450683600014,11.01831054700017],[104.99591064500004,11.022521973000096],[104.99731445300017,11.02612304700017],[104.99792480500003,11.029296875000057],[104.99572753900014,11.032287598000153],[104.99310302700007,11.035522461000028],[104.99291992200011,11.038513184000124],[104.9946899410001,11.04211425799997],[104.9967041020002,11.045715332000043],[104.99871826200007,11.049316406000116],[104.99810790999999,11.052307129000042],[104.99627685500013,11.055908203000058],[105.0003051760001,11.057312012000125],[105.00231933600014,11.060302734000174],[105.00268554700011,11.063293457000043],[105.00311279300013,11.066711426000154],[105.00469970700016,11.069702147999976],[105.00628662100019,11.073486328000115],[105.0067138670002,11.077697754000042],[105.00848388700007,11.081726074000073],[105.01068115200007,11.085327148000147],[105.01068115200007,11.090087891000167],[105.01251220700016,11.095703125000057],[105.01672363300008,11.098327637000125],[105.0178833010001,11.101684569999975],[105.01910400400016,11.104919434000124],[105.01708984400011,11.107727050999983],[105.01751709000013,11.111694336000085],[105.01849365200007,11.116088867000144],[105.01690673800005,11.120727539000086],[105.01611328100006,11.12432861300016],[105.01910400400016,11.126708984000174],[105.01849365200007,11.132080078000115],[105.01672363300008,11.135314941],[105.01867675800014,11.139892578000115],[105.01892089800009,11.14471435500002],[105.02032470700016,11.148681641],[105.01989746100014,11.152709961000085],[105.0200805660001,11.155883789000143],[105.02288818400007,11.157897949000187],[105.0256958010001,11.158874512000068],[105.02630615200007,11.161926270000151],[105.02148437500017,11.16351318400018],[105.01727294900007,11.163085937000062],[105.01348877000004,11.162109375000114],[105.01629638700007,11.165893555000025],[105.01892089800009,11.16912841800007],[105.01928710900012,11.17352294900013],[105.00390625000017,11.172912597999982],[104.99932861300005,11.172912597999982],[104.99530029300013,11.172729492000144],[104.9923095700002,11.172912597999982],[104.98907470700016,11.17327880900001],[104.98632812500011,11.174072266000053],[104.98431396500007,11.176879883000083],[104.98229980500008,11.179504395000151],[104.98028564500004,11.183105469000054],[104.98229980500008,11.189514160000158],[104.9832763670002,11.19329834000007],[104.98388671900011,11.196289062000062],[104.98449707000003,11.199096680000025],[104.98529052700007,11.203125000000114],[104.98449707000003,11.205871582000157],[104.9832763670002,11.20947265600006],[104.98248291000004,11.21228027300009],[104.98132324200014,11.215881348000039],[104.98052978500016,11.22052001999998],[104.97711181600005,11.223327637000011],[104.97412109400005,11.225097656],[104.96990966800013,11.227294922000112],[104.96630859400005,11.229309082000157],[104.96270751999998,11.232299805000082],[104.95831298799999,11.233886719000111],[104.95507812500017,11.23547363300014],[104.95208740200007,11.236877441000104],[104.94873046900005,11.23828125000017],[104.94512939500015,11.239685059000067],[104.94171142600004,11.241271973000096],[104.93890380900018,11.243713379000098],[104.93591308600008,11.247314453000172],[104.93328857400019,11.251892090000126],[104.93090820300012,11.257324219000054],[104.92987060500008,11.26110839800009],[104.9285278320001,11.26452636700003],[104.9273071290001,11.268310547000112],[104.92608642600004,11.27148437500017],[104.92907714800009,11.274108887000068],[104.93310546900005,11.280883789000029],[104.93432617200006,11.28369140600006],[104.93609619100005,11.28710937500017],[104.9370727540001,11.28991699200003],[104.93847656200012,11.29431152300009],[104.93951416000016,11.298522949000017],[104.939697266,11.302307129000155],[104.93988037100019,11.30712890600006],[104.939697266,11.31530761700003],[104.93951416000016,11.321472168000014],[104.93927002000004,11.325073242000087],[104.9381103520002,11.32812500000017],[104.93469238300008,11.330505371000015],[104.92987060500008,11.327880859000118],[104.92529296900005,11.32727050799997],[104.92089843700006,11.329528809000067],[104.91888427700002,11.333679199000073],[104.91607666000016,11.337097168000184],[104.91333007800012,11.34008789100011],[104.90948486299999,11.342102051000154],[104.90631103500016,11.342285156000116],[104.90332031200006,11.342529297000112],[104.90051269500015,11.345092773000147],[104.89672851600017,11.347106934000067],[104.89471435500019,11.349304199000073],[104.8905029300002,11.349304199000073],[104.88708496100008,11.348327637000125],[104.88330078100017,11.348876953000058],[104.87988281200006,11.348510742000087],[104.87591552700019,11.348083496000072],[104.87329101600017,11.351074219000168],[104.86907959000007,11.351074219000168],[104.8652954100001,11.351928710999971],[104.86248779300007,11.349121094000111],[104.85791015600012,11.34631347700008],[104.85571289100017,11.343505859000118],[104.85247802700019,11.341674805000139],[104.84851074200009,11.343078613000102],[104.84350585900017,11.34289550800014],[104.83850097700014,11.342102051000154],[104.834716797,11.342285156000116],[104.8320922850001,11.343688965000183],[104.83050537100007,11.346923828000058],[104.82629394500015,11.345520020000038],[104.82171630900012,11.34631347700008],[104.81848144500015,11.34790039100011],[104.81549072300015,11.348510742000087],[104.81207275400004,11.350280762000125],[104.80810546900017,11.352722168000184],[104.80487060500019,11.352478027000132],[104.8013305660001,11.354309082000043],[104.79711914100011,11.353698730000133],[104.79388427700013,11.350891113000102],[104.78948974600007,11.349670410000101],[104.78369140600012,11.348510742000087],[104.77947998000019,11.346923828000058],[104.7764892580002,11.345886230000133],[104.77270507800006,11.346130371000186],[104.76971435500013,11.344299316000104],[104.7659301760001,11.342102051000154],[104.76232910200008,11.339721680000082],[104.75891113300014,11.337524414000029],[104.75512695300006,11.336914062000119],[104.7525024410001,11.33850097700008],[104.74969482400007,11.34008789100011],[104.7457275390002,11.342285156000116],[104.73248291000004,11.349914551000154],[104.73571777300009,11.354492187000176],[104.7379150390002,11.357482910000101],[104.74670410200008,11.366699219000168],[104.75048828100012,11.370727539000029],[104.75488281200018,11.375305176000154],[104.76190185500013,11.380676270000095],[104.76507568400012,11.386474609000174],[104.78369140600012,11.405517578000058],[104.78833007800006,11.410095215000183],[104.79168701200018,11.423095703000115],[104.7869262700001,11.423706055000139],[104.785888672,11.419494629000042],[104.78430175800014,11.416076660000101],[104.78088378900009,11.417724609000118],[104.78228759800015,11.421691895000095],[104.7791137700001,11.42211914100011],[104.77447509800015,11.421691895000095],[104.77447509800015,11.42492675799997],[104.77447509800015,11.429077148000033],[104.77087402299998,11.42492675799997],[104.76751709000013,11.421691895000095],[104.76312255900007,11.423706055000139],[104.76428222700008,11.42633056600016],[104.76129150399998,11.427307129000042],[104.7578735350001,11.42608642600004],[104.75311279300018,11.42767334000007],[104.74987793000014,11.42492675799997],[104.7457275390002,11.425720215000183],[104.7415161130001,11.426513672],[104.73950195300006,11.428710937000176],[104.73632812500017,11.428283691],[104.73413085900006,11.432312012000182],[104.73107910200008,11.434326172],[104.72851562500017,11.43670654300007],[104.72412109400011,11.434692383000026],[104.7224731450001,11.437927246000072],[104.71990966800018,11.439086914000086],[104.71771240200007,11.436096191],[104.71527099600007,11.433471680000025],[104.71173095700016,11.433105469000168],[104.70812988300008,11.4304809570001],[104.70452880900007,11.429504395000095],[104.6995239260001,11.430297852000137],[104.6959228520002,11.434692383000026],[104.69287109400011,11.436279297000056],[104.68969726600005,11.436279297000056],[104.68792724600019,11.433105469000168],[104.68707275400016,11.42987060500002],[104.6838989260001,11.42767334000007],[104.68231201200007,11.423706055000139],[104.67871093700012,11.421875],[104.67590332000009,11.423522949000073],[104.67407226600011,11.425903320000145],[104.67132568400001,11.426879883000026],[104.66729736300005,11.428527832000043],[104.66430664100005,11.431274414000086],[104.66149902300009,11.434326172],[104.65649414100005,11.435485840000013],[104.65631103499999,11.441284180000025],[104.65692138700007,11.445129395000095],[104.65649414100005,11.449523925999983],[104.6583251950002,11.455078125000114],[104.65911865200007,11.460327147999976],[104.66027832000009,11.46612548800016],[104.66131591800013,11.471313477000137],[104.66210937500017,11.47589111300016],[104.66210937500017,11.480285645000151],[104.6627197270002,11.485107422000056],[104.6627197270002,11.490905762000182],[104.66192626999998,11.494873047000112],[104.66333007800017,11.498901367000144],[104.66510009800004,11.502929687],[104.66552734400005,11.507324219],[104.66650390600006,11.5125122070001],[104.66772460900006,11.51751709000007],[104.66888427700007,11.522521972999982],[104.67028808600014,11.528503418000128],[104.67169189500004,11.534118652000188],[104.67370605500008,11.540283203000172],[104.67590332000009,11.54467773400006],[104.67590332000009,11.548889159999987],[104.6760864260001,11.551879883000083],[104.67749023400012,11.556884766000053],[104.67871093700012,11.560729980000076],[104.67852783200016,11.56671142600004],[104.67791748000008,11.572509766000053],[104.67749023400012,11.58007812500017],[104.67730712900016,11.586486816000104],[104.67871093700012,11.596679687000119],[104.67810058600014,11.601501465000126],[104.68011474600019,11.61047363300014],[104.6812744140002,11.61712646500007],[104.682128906,11.622680664000029],[104.6851196290001,11.629882812000119],[104.68627929700017,11.632690430000082],[104.6860961910001,11.636901855000133],[104.68652343700012,11.641296387000125],[104.68768310500013,11.645507812000119],[104.69152832000003,11.654724121000186],[104.69348144500009,11.660705566000104],[104.69348144500009,11.665710449000073],[104.6956787110002,11.670898437000119],[104.6983032230001,11.677917480000133],[104.7017211910001,11.685485840000183],[104.70812988300008,11.696716309000067],[104.71551513700007,11.70812988300014],[104.71850585900012,11.712707520000095],[104.72009277300015,11.716125488000102],[104.7224731450001,11.721496582000043],[104.72509765600006,11.728515625],[104.72747802700013,11.732727051000154],[104.73089599600002,11.74188232400013],[104.73413085900006,11.751892090000183],[104.74548339800015,11.785888672000056],[104.74688720700004,11.788879395000151],[104.74810791000004,11.791687012000182],[104.74969482400007,11.79608154300007],[104.75109863300014,11.80047607400013],[104.75152587900016,11.803710937],[104.75152587900016,11.807128906000116],[104.7512817380001,11.81048584000007],[104.75109863300014,11.815490722999982],[104.75170898400012,11.821289062000062],[104.74810791000004,11.822326660000101],[104.74432373000013,11.823303222999982],[104.74072265600006,11.824707031000173],[104.7393188480001,11.828491211000085],[104.74249267600015,11.830322266000167],[104.74609375,11.830322266000167],[104.75091552700007,11.829895020000151],[104.7556762700001,11.827697754000042],[104.76190185500013,11.829528809000124],[104.7647094730001,11.8308715820001],[104.76708984400017,11.833496094000054],[104.76971435500013,11.834899902000188],[104.77331543000014,11.835083008000083],[104.77709960900012,11.83612060500019],[104.77972412100002,11.837707520000151],[104.78247070300012,11.839111328000115],[104.77947998000019,11.842712402000188],[104.7764892580002,11.846679687000062],[104.77368164100011,11.850280762000068],[104.77087402299998,11.853881836000085],[104.77172851600011,11.857910156000173],[104.76928710900012,11.86108398400006],[104.7711181640002,11.864074707000157],[104.7713012700001,11.86749267600004],[104.76849365200013,11.871520996000129],[104.7647094730001,11.881713867000144],[104.76751709000013,11.883483887000068],[104.76971435500013,11.885314941000047],[104.7725219730001,11.886718750000114],[104.77551269500009,11.883911133000083],[104.77789306600016,11.881530762000182],[104.78088378900009,11.881286621000129],[104.78289794900007,11.885681152000075],[104.78729248000019,11.888916016],[104.79168701200018,11.890319824000187],[104.79650878900003,11.89093017600004],[104.80090332000015,11.89147949200003],[104.80529785200014,11.89251709000007],[104.81072998000013,11.894104004000098],[104.81427002000015,11.892883301000097],[104.81707763700018,11.890686034999987],[104.82110595700004,11.88812255900018],[104.82287597700014,11.885070801000097],[104.82507324200014,11.882873534999987]],[[104.91711425800003,11.721496582000043],[104.91772460900017,11.72570800799997],[104.91748046900005,11.728881836000028],[104.91748046900005,11.732299805000139],[104.91888427700002,11.736511230000133],[104.92327880900018,11.736083984000174],[104.92791748000002,11.736083984000174],[104.93188476600005,11.736083984000174],[104.93652343700006,11.736083984000174],[104.93988037100019,11.735900879000042],[104.94427490200007,11.734924316000104],[104.947509766,11.732727051000154],[104.94848632800017,11.729309082000043],[104.94927978499999,11.726074219000168],[104.9514770510001,11.723083496000072],[104.95532226600017,11.718872070000145],[104.95831298799999,11.715881348000153],[104.96032714800003,11.711730956999986],[104.9635009770002,11.711120605000133],[104.96771240200002,11.710876465000183],[104.9669189450002,11.707702637000125],[104.96551513700007,11.703491211000028],[104.96429443400001,11.699279785000101],[104.96331787100013,11.6953125],[104.96228027300009,11.689880371000072],[104.96112060500008,11.68627929700017],[104.95989990200002,11.682922363000046],[104.95812988300003,11.678894043000184],[104.95452880900018,11.675109863000102],[104.95227050800008,11.66992187500017],[104.95068359400005,11.665893555000082],[104.94671630900018,11.65490722700008],[104.94390869100005,11.651672363000102],[104.94189453100017,11.648071289000029],[104.93988037100019,11.645507812000119],[104.93768310500008,11.642272949000073],[104.93627929700011,11.639099121000186],[104.93469238300008,11.633911133000083],[104.93389892600004,11.631103516000053],[104.93347168000008,11.62768554700017],[104.93231201200001,11.623718262000068],[104.93347168000008,11.618713379000098],[104.93469238300008,11.614929199000187],[104.93548584000007,11.611083984000118],[104.93908691400014,11.605712891000053],[104.93927002000004,11.600891113000046],[104.94091796900005,11.59710693400001],[104.94268798800005,11.59228515600006],[104.9434814450002,11.588928223000039],[104.94409179700011,11.585510254000098],[104.94470214800003,11.580688477000024],[104.94512939500015,11.57592773400006],[104.94592285200014,11.563110352000024],[104.94830322300004,11.560485840000126],[104.9514770510001,11.558105469000054],[104.95550537100013,11.555908203000172],[104.95867919900019,11.554321289000143],[104.96331787100013,11.552124023000033],[104.96752929700006,11.549316406000173],[104.9713134770002,11.547485352000024],[104.97607421900011,11.546081543000128],[104.98071289100005,11.545288086000141],[104.98529052700007,11.54467773400006],[104.98950195300017,11.543884277000075],[104.99487304700011,11.543273926000097],[104.99951171900005,11.543518066000047],[105.00311279300013,11.543701172000112],[105.00848388700007,11.543884277000075],[105.014892578,11.543884277000075],[105.01770019500009,11.545288086000141],[105.02227783199999,11.543273926000097],[105.02832031200012,11.542297363000046],[105.03271484400011,11.541687012000068],[105.03729248000013,11.540283203000172],[105.04168701200012,11.538879395000038],[105.03912353499999,11.535522461000085],[105.03729248000013,11.531311035000158],[105.03509521500013,11.528076172000112],[105.02990722700002,11.523315430000025],[105.02709960900006,11.518676758000083],[105.02630615200007,11.515686035000158],[105.0269165040001,11.512329102000137],[105.02770996100014,11.506896973000039],[105.02850341800013,11.501525879000042],[105.02807617200017,11.497680664000143],[105.02807617200017,11.494506836000085],[105.02911377000004,11.491271973000039],[105.02911377000004,11.488098145000151],[105.02929687500017,11.483520508000026],[105.04907226600011,11.482299805000025],[105.0435180660001,11.480102539000086],[105.03833007800017,11.47772216800007],[105.0344848630001,11.475097656000173],[105.03112793000008,11.472290039000086],[105.02893066400014,11.469299316],[105.02972412100019,11.465698242000144],[105.02410888700007,11.465698242000144],[105.02111816400014,11.465881347999982],[105.01708984400011,11.465881347999982],[105.01367187500017,11.46612548800016],[105.0100708010001,11.46612548800016],[105.007080078,11.46612548800016],[105.00268554700011,11.465881347999982],[104.99792480500003,11.465087891000167],[104.99407959000013,11.464721679999968],[104.9912719730001,11.464111328000115],[104.98748779300013,11.463073730000076],[104.98248291000004,11.461486816000047],[104.97772216800013,11.462280273000033],[104.97308349600019,11.462707520000151],[104.97009277300009,11.463073730000076],[104.9669189450002,11.464111328000115],[104.96331787100013,11.46649169900013],[104.96032714800003,11.46990966800007],[104.95751953100017,11.47430419900013],[104.95532226600017,11.47772216800007],[104.95330810500008,11.481079101999967],[104.95111084000007,11.485107422000056],[104.94891357400019,11.490112305000025],[104.94708252000004,11.493713379000042],[104.93572998000002,11.48968505900018],[104.92150878900014,11.484497069999975],[104.92132568400018,11.480895996000129],[104.92010498000008,11.477111816],[104.9182739260001,11.466674805000025],[104.91931152300003,11.463317871000072],[104.92150878900014,11.46087646500007],[104.92108154300013,11.457702637000182],[104.92187500000011,11.45050048800016],[104.92309570300017,11.447082520000151],[104.92272949200014,11.44390869100016],[104.92230224600013,11.42889404300007],[104.91870117200006,11.429077148000033],[104.91607666000016,11.430297852000137],[104.9129028320001,11.431884766000167],[104.90887451200007,11.43487548800016],[104.90472412100013,11.43572998000019],[104.90069580100004,11.435119629000042],[104.89752197300015,11.435485840000013],[104.89392089800003,11.433898925999983],[104.89111328100017,11.431884766000167],[104.88812255900012,11.4304809570001],[104.88568115200019,11.433715820000145],[104.88208007800012,11.436279297000056],[104.87951660200014,11.434326172],[104.87731933600003,11.429687500000057],[104.87512207000015,11.42547607400013],[104.87292480500014,11.421508789000086],[104.86968994100005,11.424316406000116],[104.86749267600004,11.426879883000026],[104.86291503900009,11.425292969000168],[104.858886719,11.423889160000101],[104.85571289100017,11.425720215000183],[104.85290527300003,11.429687500000057],[104.84869384800015,11.4304809570001],[104.8441162110002,11.4304809570001],[104.8308715820001,11.431274414000086],[104.828125,11.435302734000174],[104.82672119100016,11.438903809000124],[104.82452392600015,11.441284180000025],[104.82287597700014,11.44390869100016],[104.81970214799998,11.44268798800016],[104.81707763700018,11.439514160000101],[104.81909179700006,11.436279297000056],[104.8175048830002,11.432128906000116],[104.81311035200008,11.4304809570001],[104.80889892600015,11.4304809570001],[104.80487060500019,11.431884766000167],[104.8018798830002,11.434509277000132],[104.79852294900007,11.439086914000086],[104.79809570300006,11.44451904300007],[104.79431152300015,11.443725586000028],[104.79272460900012,11.447082520000151],[104.78833007800006,11.445922852000137],[104.78509521500018,11.447082520000151],[104.78289794900007,11.449707031000116],[104.78472900400016,11.453918457000043],[104.78228759800015,11.456115723000153],[104.77850341800018,11.456909179999968],[104.77447509800015,11.45867919900013],[104.77331543000014,11.462280273000033],[104.7686767580002,11.462890625000114],[104.7647094730001,11.463073730000076],[104.76531982400007,11.460327147999976],[104.76409912100007,11.457702637000182],[104.75927734400017,11.458129883000026],[104.7556762700001,11.457275391000167],[104.75769043000014,11.454895020000151],[104.75970459000018,11.452087402000188],[104.75451660200008,11.452697754000042],[104.75292968700012,11.456298828000115],[104.74890136700009,11.455505371000072],[104.74468994100016,11.45532226600011],[104.74487304700017,11.459716797000056],[104.74487304700017,11.463073730000076],[104.74487304700017,11.467285156000173],[104.74487304700017,11.47088623000002],[104.74487304700017,11.474121094000168],[104.7457275390002,11.478515625000057],[104.74627685500019,11.482482910000158],[104.74890136700009,11.485717773000033],[104.75030517600015,11.489318848000153],[104.75408935500013,11.4890747070001],[104.75891113300014,11.490295410000158],[104.76287841800001,11.492675781000173],[104.7634887700001,11.495910645000151],[104.76489257800006,11.498718262000182],[104.76708984400017,11.501281737999989],[104.76849365200013,11.505126953000115],[104.7686767580002,11.509094237999989],[104.76849365200013,11.51507568400001],[104.76727294900013,11.520080566000047],[104.76190185500013,11.523071289000143],[104.75872802700007,11.526489258000083],[104.75592041000004,11.530273437000119],[104.75189209000018,11.529296875000114],[104.74810791000004,11.527893066000047],[104.74468994100016,11.530517578000115],[104.74353027300009,11.534729004000042],[104.74389648400012,11.539672852000024],[104.74188232400007,11.543884277000075],[104.73852539100005,11.545471191000104],[104.73468017600015,11.543884277000075],[104.7313232420002,11.54412841800007],[104.72790527300015,11.54467773400006],[104.72772216800018,11.54827880900001],[104.72729492200017,11.551330566000047],[104.72631835900012,11.55407714800009],[104.72509765600006,11.557128906000173],[104.7224731450001,11.559875488000046],[104.72009277300015,11.561706543000128],[104.72271728500004,11.564514160000158],[104.7224731450001,11.567687988000046],[104.72088623000013,11.57171630900018],[104.71667480500014,11.572082520000038],[104.71350097700008,11.573120116999974],[104.71270752000004,11.576477051000097],[104.71630859400011,11.57592773400006],[104.71972656200012,11.575500488000046],[104.72448730500014,11.575317383000083],[104.72930908199999,11.575683594000111],[104.73291015600006,11.580322266],[104.73547363300014,11.582092284999987],[104.7337036130001,11.585083008000083],[104.73211669900007,11.589111328000172],[104.73211669900007,11.592712402000075],[104.73413085900006,11.59570312500017],[104.73571777300009,11.59851074200003],[104.73571777300009,11.601684570000089],[104.73449707000009,11.605895996000186],[104.73547363300014,11.609497070000089],[104.7380981450001,11.615295410000044],[104.73950195300006,11.61889648400006],[104.74047851600011,11.622497559000067],[104.74090576200012,11.625671387000125],[104.74188232400007,11.629089355000133],[104.74291992200017,11.634887695000089],[104.74389648400012,11.640686035000044],[104.74249267600015,11.646301270000038],[104.74670410200008,11.653320312000119],[104.74890136700009,11.656311035000044],[104.74749755900007,11.660522461000141],[104.74932861300005,11.664489746000015],[104.75231933600014,11.665893555000082],[104.75708007800006,11.666076660000044],[104.7620849610002,11.666320801000097],[104.7669067380001,11.666687012000125],[104.76971435500013,11.668090820000089],[104.7764892580002,11.669494629000155],[104.78027343700018,11.670898437000119],[104.78472900400016,11.671508789000029],[104.78808593700018,11.672119141000053],[104.79211425800014,11.672302246000015],[104.79608154300007,11.671875],[104.79968261700009,11.672302246000015],[104.8031005860002,11.672912598000096],[104.80627441400009,11.673095703000058],[104.80950927700013,11.673095703000058],[104.81329345700004,11.673889160000044],[104.81072998000013,11.67687988299997],[104.81127929700006,11.681518555000082],[104.81292724600007,11.683898926000154],[104.81530761700009,11.68627929700017],[104.81671142600015,11.689270020000095],[104.81469726600011,11.692687988000102],[104.81530761700009,11.697326660000044],[104.81567382800012,11.700683594000168],[104.81530761700009,11.703918457000043],[104.81707763700018,11.706298828000058],[104.81927490200019,11.708496094000168],[104.82330322300015,11.708923340000126],[104.82287597700014,11.713317871000015],[104.82611084000018,11.71752929700017],[104.83007812500006,11.715881348000153],[104.83312988300014,11.715698242000087],[104.836486816,11.715698242000087],[104.8399047850001,11.714477539000086],[104.8416748050002,11.708923340000126],[104.8428955080002,11.705078125000057],[104.8441162110002,11.701110840000126],[104.84490966800007,11.697692871000072],[104.84570312500006,11.694702148000147],[104.8455200200001,11.691711426000154],[104.84967041000016,11.686706543000184],[104.8519287110002,11.682678223000096],[104.85351562500006,11.679321289000029],[104.85650634800015,11.67712402300009],[104.85827636700014,11.672302246000015],[104.86132812500006,11.668518066000104],[104.86267089800003,11.67272949200003],[104.86767578100017,11.67272949200003],[104.87109375000011,11.67272949200003],[104.87530517600004,11.67272949200003],[104.87829589800003,11.67272949200003],[104.88507080100004,11.672302246000015],[104.8927001950002,11.67248535200008],[104.89770507800012,11.672302246000015],[104.89910888700018,11.684326172000112],[104.89929199200014,11.687927246000186],[104.90051269500015,11.691528320000089],[104.90411377000015,11.694519043000184],[104.90692138700018,11.696899414000029],[104.90930175800003,11.70031738300014],[104.91009521500007,11.704895020000095],[104.91131591800007,11.709289551000154],[104.91247558600008,11.712280272999976],[104.91607666000016,11.716918945000089],[104.91711425800003,11.721496582000043]]]}},{"type":"Feature","properties":{"adm1_name":"Kep","adm1_name1":null,"adm1_name2":null,"adm1_name3":null,"adm1_pcode":"KH23","adm0_name":"Cambodia","adm0_name1":null,"adm0_name2":null,"adm0_name3":null,"adm0_pcode":"KH","valid_on":"2018-10-04","valid_to":null,"area_sqkm":151.60651811,"version":"v01","lang":"en","lang1":null,"lang2":null,"lang3":null,"adm1_ref_name":"Kep","center_lat":10.5189209,"center_lon":104.3495527},"geometry":{"type":"MultiPolygon","coordinates":[[[[104.31628418000008,10.43292236300016],[104.31951904300013,10.43670654300007],[104.32128906200012,10.439514160000101],[104.32208252000004,10.44329834000007],[104.32629394500009,10.442687987999989],[104.33068847700008,10.441284180000025],[104.33367919900007,10.438110352000137],[104.33312988300008,10.43389892600004],[104.32928466800018,10.432678223000039],[104.32611084000013,10.430297852000137],[104.32269287100019,10.429870605000076],[104.32031250000017,10.432312012000182],[104.31628418000008,10.43292236300016]]],[[[104.32812500000011,10.39447021500007],[104.32751464800009,10.397888184000124],[104.33111572300004,10.397094727000137],[104.32812500000011,10.39447021500007]]],[[[104.40551757800006,10.467712402000188],[104.40832519500009,10.469726562000062],[104.41229248000013,10.470520020000151],[104.41448974600007,10.473876953000172],[104.41931152300015,10.4714965820001],[104.41809082000015,10.46868896500007],[104.41589355500014,10.466308594000054],[104.41949462899998,10.464904785000158],[104.4216918950001,10.461914062000062],[104.42309570300006,10.45928955100004],[104.42608642600015,10.458129883000026],[104.42431640600006,10.4539184570001],[104.4151000980001,10.4461059570001],[104.41192627000004,10.446899414000086],[104.40869140600012,10.447875977000024],[104.40527343700018,10.448303222999982],[104.40191650400016,10.447875977000024],[104.39788818400012,10.449890137000011],[104.39349365200013,10.451293945000032],[104.38909912100002,10.453491211000085],[104.38549804700017,10.457519531000173],[104.38232421900011,10.460510254000042],[104.38031005900007,10.463928223000153],[104.3775024410001,10.468505859],[104.37487793000014,10.47210693400018],[104.3726806640002,10.47491455100004],[104.37048339800015,10.477905273000033],[104.36853027300009,10.48028564499998],[104.36669921900011,10.482482910000158],[104.36468505900007,10.484924316000047],[104.36151123000013,10.48809814499998],[104.35729980500008,10.491699219000054],[104.35589599600019,10.49432373000002],[104.35272216800013,10.494873047000112],[104.34930419900007,10.496704102000024],[104.34527587900016,10.496520996000129],[104.34228515600006,10.496093750000114],[104.3394775390002,10.493530273000033],[104.33612060500008,10.491088866999974],[104.33190918000008,10.488891602000024],[104.32769775400016,10.486877441000047],[104.32373046900005,10.485107422000056],[104.3209228520002,10.483520508000026],[104.31811523400006,10.481689453000172],[104.31329345700016,10.47991943400018],[104.30828857400002,10.47827148400006],[104.30407714800009,10.476684570000032],[104.29992675800008,10.476684570000032],[104.29528808600014,10.478698730000076],[104.29052734400005,10.4793090820001],[104.28833007800017,10.481689453000172],[104.28869628900014,10.484924316000047],[104.28887939500004,10.488525391000167],[104.28912353500016,10.49212646500007],[104.28887939500004,10.49548339800009],[104.28833007800017,10.498718262000011],[104.2877197270002,10.501525879000098],[104.2877197270002,10.505676270000038],[104.28790283200016,10.50970459000007],[104.28668212900016,10.513488770000038],[104.28491210900006,10.518127441000047],[104.28289794900019,10.522521973000039],[104.28192138700007,10.52532959000007],[104.28088378900014,10.528076172000112],[104.27911376999998,10.531677246000186],[104.27667236300005,10.535278320000089],[104.27508544900019,10.538330078000172],[104.2733154300002,10.540710449000187],[104.27087402300009,10.54431152300009],[104.2678833010001,10.547119141000053],[104.2664794920002,10.551513672000112],[104.26690673800005,10.55468750000017],[104.26611328100017,10.558715820000032],[104.2691040040001,10.560729980000076],[104.27087402300009,10.563110352000024],[104.27111816400014,10.567321777000075],[104.27148437500017,10.572082520000038],[104.2720947270002,10.576110840000126],[104.27288818400001,10.579711913999972],[104.27410888700007,10.584106445000089],[104.27508544900019,10.58789062500017],[104.2769165040001,10.590515137000068],[104.28027343700012,10.588073730000133],[104.28430175800008,10.584716797000112],[104.28747558600014,10.582092285000044],[104.2899169920002,10.579895020000038],[104.29431152300009,10.576721191000047],[104.29827880900007,10.576904297000112],[104.30291748000008,10.575683594000111],[104.30670165999999,10.57507324200003],[104.3110961910001,10.574890137000068],[104.31469726600005,10.574096680000082],[104.31829834000013,10.573486328],[104.32232666000016,10.573730469000054],[104.32751464800009,10.573730469000054],[104.33331298800005,10.574523926000097],[104.33868408199999,10.576110840000126],[104.34289550800014,10.577880859000118],[104.34692382800017,10.578308105000076],[104.35131835900006,10.578125000000114],[104.35467529300018,10.577880859000118],[104.35852050800008,10.578125000000114],[104.36309814500004,10.57751464800009],[104.36932373000013,10.576293945000089],[104.37329101600011,10.570495605000133],[104.3753051760001,10.575500488000046],[104.37829589800015,10.57507324200003],[104.38391113300014,10.571289062000119],[104.38549804700017,10.56811523400006],[104.38610839800015,10.564086914000029],[104.38610839800015,10.560729980000076],[104.38507080100015,10.556884766000053],[104.38549804700017,10.54968261700003],[104.3853149410001,10.546081543000128],[104.38629150400016,10.541687012000068],[104.3909301760001,10.538085937000119],[104.39428710900012,10.535522461000085],[104.39672851600005,10.53210449200003],[104.3975219730001,10.528930664000143],[104.39868164100011,10.52587890600006],[104.4027099610002,10.523925781000173],[104.40692138700012,10.52288818400001],[104.41149902300015,10.52087402300009],[104.41467285200014,10.519714355000076],[104.4138793950001,10.514282227000024],[104.41467285200014,10.508483887000068],[104.41790771500018,10.504089355000076],[104.41632080100015,10.499084473000039],[104.4185180660001,10.496276855000076],[104.4215087890002,10.493530273000033],[104.42010498000013,10.490112305000025],[104.41589355500014,10.488708496000129],[104.412109375,10.487487793000128],[104.40930175800014,10.488891602000024],[104.40612793000008,10.490478516000053],[104.40789794900007,10.493713379000098],[104.4027099610002,10.492919922000056],[104.40087890600012,10.488525391000167],[104.40130615200013,10.484924316000047],[104.40411377000004,10.480712891000167],[104.4072875980001,10.483093262000068],[104.40789794900007,10.479492187000062],[104.40710449200009,10.476074219000054],[104.40509033200004,10.471923828000115],[104.40551757800006,10.467712402000188]],[[104.40191650400016,10.474487305000025],[104.40509033200004,10.471923828000115],[104.40191650400016,10.470886230000076],[104.40191650400016,10.474487305000025]]]]}},{"type":"Feature","properties":{"adm1_name":"Koh Kong","adm1_name1":null,"adm1_name2":null,"adm1_name3":null,"adm1_pcode":"KH09","adm0_name":"Cambodia","adm0_name1":null,"adm0_name2":null,"adm0_name3":null,"adm0_pcode":"KH","valid_on":"2018-10-04","valid_to":null,"area_sqkm":11004.29689034,"version":"v01","lang":"en","lang1":null,"lang2":null,"lang3":null,"adm1_ref_name":"Koh Kong","center_lat":11.48629761,"center_lon":103.52747977},"geometry":{"type":"MultiPolygon","coordinates":[[[[103.06488037100007,11.427307129000042],[103.06488037100007,11.431884766000167],[103.06109619100016,11.433105469000168],[103.0579223630001,11.434509277000132],[103.05511474600007,11.435119629000042],[103.05389404300001,11.4382934570001],[103.05072021500018,11.438720703000058],[103.04730224600007,11.437927246000072],[103.04467773400017,11.441528320000145],[103.04187011700009,11.443298340000013],[103.03991699200009,11.440673828000115],[103.03851318400007,11.438110352000137],[103.03607177700013,11.435119629000042],[103.03228759800015,11.432495117000144],[103.02929687500006,11.429687500000057],[103.02429199200009,11.426513672],[103.02032470699999,11.424682617000144],[103.0186767580002,11.42211914100011],[103.01531982400007,11.422729492000087],[103.01312255900007,11.425903320000145],[103.01190185500013,11.433105469000168],[103.01367187500006,11.43670654300007],[103.0147094730001,11.439880371000129],[103.01507568400012,11.442871094000054],[103.01489257800006,11.4461059570001],[103.01428222700008,11.449707031000116],[103.0134887700001,11.453674316000047],[103.01367187500006,11.457702637000182],[103.01251220700004,11.460327147999976],[103.01092529300018,11.462707520000151],[103.00952148400012,11.465698242000144],[103.00769043000014,11.46868896500007],[103.0054931640002,11.472717285000101],[103.00292968700012,11.476074219000054],[103.00152587900016,11.47869873000002],[102.99969482400007,11.481079101999967],[102.99810791000004,11.484924316],[102.99609375,11.4871215820001],[102.99389648400012,11.48992919900013],[102.99249267600015,11.493713379000042],[102.98870849600019,11.49530029300007],[102.98571777300009,11.499511719],[102.9837036130001,11.503906250000114],[102.98291015600006,11.507690430000025],[102.9849243160001,11.512695312000062],[102.98052978500004,11.518676758000083],[102.97607421900011,11.520690918000128],[102.97149658199999,11.522521972999982],[102.9680786130001,11.524902344000054],[102.96551513700007,11.528076172000112],[102.96368408200004,11.530517578000115],[102.96173095700016,11.533081055000025],[102.95849609400011,11.537109375000114],[102.95568847700008,11.541076659999987],[102.95330810500013,11.544494629000098],[102.95092773400006,11.548889159999987],[102.95068359400011,11.55249023400006],[102.95288085900012,11.555297852000024],[102.95568847700008,11.557922362999989],[102.95349121100014,11.565124512000011],[102.95092773400006,11.566894531],[102.94873046900005,11.569519043000128],[102.94708252000004,11.572509766000053],[102.94549560500013,11.57611084000007],[102.94427490200007,11.580322266],[102.94268798800005,11.584106445000032],[102.93969726600005,11.587707520000038],[102.9360961910001,11.586914062000062],[102.93310546900011,11.586303711000141],[102.93231201200007,11.589294434000067],[102.9312744140002,11.593078613000046],[102.93109130900007,11.596679687000119],[102.9326782230001,11.599670410000044],[102.9360961910001,11.60009765600006],[102.93872070300017,11.601928711000085],[102.9381103520002,11.605895996000186],[102.93707275400016,11.609497070000089],[102.93572998000008,11.613098145000038],[102.93347168000008,11.617492676000097],[102.93109130900007,11.621276855000133],[102.92932128900014,11.624877930000082],[102.92687988300014,11.628723145000038],[102.92352294900019,11.631103516000053],[102.91967773400012,11.630126953000172],[102.9182739260001,11.63452148400006],[102.91687011700003,11.637695312000119],[102.91467285200008,11.641906738000046],[102.91210937500011,11.645874023000147],[102.91131591800013,11.649108887000068],[102.91448974600019,11.652282715000126],[102.91387939500004,11.656677246000072],[102.91308593700012,11.659484863000102],[102.91308593700012,11.663879395000095],[102.91369628900014,11.667907715000126],[102.91308593700012,11.671875],[102.91333007800017,11.675292969000111],[102.91192626999998,11.679077148000147],[102.91131591800013,11.683105469000111],[102.91168212900016,11.687683105000133],[102.91168212900016,11.69250488300014],[102.91229248000008,11.696716309000067],[102.91210937500011,11.701110840000126],[102.91149902300009,11.70568847700008],[102.91131591800013,11.710327148000147],[102.91107177700007,11.713317871000015],[102.91070556600005,11.717102051000154],[102.91070556600005,11.72131347700008],[102.91107177700007,11.725524902000132],[102.91131591800013,11.730529785000044],[102.91088867200011,11.734680175999983],[102.91070556600005,11.739685059000124],[102.91107177700007,11.743530273000147],[102.91052246100008,11.747680664000086],[102.90869140600006,11.751525878999985],[102.90789794900019,11.75610351600011],[102.90692138700007,11.759277344],[102.9061279300002,11.763305664000086],[102.9049072270002,11.767517090000183],[102.90270996100014,11.771911621000072],[102.8992919920002,11.775878906000173],[102.89691162100013,11.778930664000029],[102.89428710900006,11.78289794900013],[102.89251709000007,11.786926270000095],[102.88830566400014,11.789123535000101],[102.88269043000008,11.790527344000168],[102.88232421900005,11.794128418000014],[102.88391113300008,11.796508789000086],[102.88488769500003,11.799682617000144],[102.88128662100019,11.80047607400013],[102.8784790040001,11.802124022999976],[102.87432861300016,11.803527832000043],[102.8687133790001,11.805114746000072],[102.86651611299999,11.806884766000167],[102.86450195300017,11.810302734000174],[102.86352539100017,11.813903809000124],[102.86370849600013,11.817077637000011],[102.86267089800009,11.8211059570001],[102.86132812500011,11.825317383000026],[102.85668945300017,11.826110840000013],[102.85369873000008,11.826293944999975],[102.851318359,11.829895020000151],[102.84887695300017,11.833129883000026],[102.84771728500016,11.83612060500019],[102.84667968700006,11.839904785000158],[102.8452758790001,11.844482422000056],[102.84210205100004,11.847717285000101],[102.83947753900014,11.849670410000158],[102.83612060500002,11.85272216800007],[102.83349609400005,11.85687255900001],[102.83227539100005,11.85968017600004],[102.8306884770002,11.863525391000167],[102.82910156200006,11.867309570000032],[102.82708740200019,11.871520996000129],[102.82470703100017,11.876708984],[102.82348632800017,11.881713867000144],[102.82208252000015,11.885498047000112],[102.8211059570001,11.889709473000039],[102.8198852540001,11.893127441000047],[102.82092285200014,11.896911621000129],[102.8211059570001,11.901916504000098],[102.82208252000015,11.906677246000186],[102.82092285200014,11.91009521500007],[102.81909179700006,11.912719727000024],[102.81970214800003,11.91632080100004],[102.81689453100017,11.918884277000075],[102.81408691400014,11.922485352000024],[102.81347656200006,11.926086426000097],[102.81488037100013,11.92907714800009],[102.81610107400013,11.93249511700003],[102.81530761700014,11.935485840000126],[102.81347656200006,11.937927246000129],[102.81170654300007,11.941528320000032],[102.80950927700019,11.94512939499998],[102.80688476600017,11.946472168000184],[102.80371093700006,11.947692871000186],[102.80108642600004,11.948913574000187],[102.79949951200018,11.952087402000075],[102.79711914100017,11.956481934000067],[102.79687500000011,11.961120605000076],[102.7957153320001,11.964294434000067],[102.79449462900004,11.968322754000098],[102.79327392600004,11.972106934000067],[102.79132080099998,11.97631835900006],[102.78472900400004,11.97790527300009],[102.78350830100004,11.981506348000096],[102.78210449200014,11.98571777300009],[102.78051757800012,11.989929199000017],[102.7800903320001,11.994689941000104],[102.77868652300003,11.998718262000068],[102.77728271500007,12.002929687000119],[102.77667236300016,12.006286621000015],[102.7764892580002,12.009887695000089],[102.7764892580002,12.013916016000053],[102.77868652300003,12.019897460999971],[102.77972412100007,12.023071289000029],[102.79772949200009,12.013488770000095],[102.97271728500004,12.002319336000141],[102.99627685500013,11.996887207000043],[103.00372314500004,11.994079590000126],[103.01007080100015,11.991699219000111],[103.0186767580002,11.988708496000186],[103.02789306600016,11.984680176000154],[103.0374755860002,11.980712891000053],[103.04852294900007,11.975280762000125],[103.05889892600015,11.97070312500017],[103.06567382800012,11.968078613000102],[103.07232666000004,11.965087891000053],[103.07830810500019,11.96228027300009],[103.08691406200018,11.95947265600006],[103.09210205099998,11.956909180000082],[103.09710693400012,11.954284668000184],[103.10131835900017,11.95227050800014],[103.104492187,11.95092773400006],[103.10870361300016,11.949096680000082],[103.11187744100005,11.94787597700008],[103.11572265600012,11.94671630900001],[103.11987304700006,11.945678711000141],[103.12347412100013,11.945312500000114],[103.1284790040001,11.94512939499998],[103.13208007800012,11.944885254000155],[103.13549804700006,11.944519043000128],[103.14007568400018,11.944274902000075],[103.14349365200019,11.944885254000155],[103.14770507800012,11.94671630900001],[103.15252685500019,11.94787597700008],[103.1563110350001,11.946899413999972],[103.15972900400004,11.944274902000075],[103.16229248000008,11.945495605000076],[103.16650390600017,11.945678711000141],[103.17132568400012,11.94970703100006],[103.17431640600017,11.948730469000054],[103.17767334000007,11.94970703100006],[103.18511962900004,11.95251464800009],[103.19427490200007,11.962097168000128],[103.198730469,11.963500977000024],[103.20770263700007,11.962707520000038],[103.21228027300009,11.961120605000076],[103.21929931600005,11.96032714800009],[103.22308349600019,11.956909180000082],[103.22631835900006,11.958496094000111],[103.22949218700012,11.963073730000133],[103.22851562500011,11.968872070000089],[103.23132324200014,11.975891113000046],[103.23529052700007,11.976684570000089],[103.2412719730001,11.975524902000075],[103.2446899410001,11.976684570000089],[103.24652099600013,11.974487305000082],[103.25250244100005,11.973876953000058],[103.257080078,11.978088379000155],[103.25787353500004,11.98291015600006],[103.26330566400014,11.98413085900006],[103.26812744100005,11.988525391000053],[103.2730712890002,11.988525391000053],[103.27648925800014,11.986877441000104],[103.28070068400007,11.985290527000075],[103.28527832000009,11.983276367000087],[103.28930664100005,11.980529784999987],[103.29412841800013,11.981689453000058],[103.2977294920002,11.985290527000075],[103.30267334000013,11.985290527000075],[103.30731201200007,11.985290527000075],[103.31127929700017,11.985900879000155],[103.31390380900007,11.989501953],[103.31610107400007,11.99353027300009],[103.31652832000003,11.99670410200008],[103.31787109400011,12.001281738000102],[103.31927490200013,12.005126953],[103.31951904300013,12.008728027000075],[103.3233032230001,12.01110839800009],[103.3267211910001,12.014099121000015],[103.32891845700016,12.016906738000102],[103.33190918000008,12.019104004000155],[103.33709716800018,12.019897460999971],[103.34130859400011,12.022277832000043],[103.34490966800018,12.025085449000073],[103.34667968700018,12.027526855000133],[103.35052490200007,12.027709960999971],[103.35467529300001,12.029113770000038],[103.35949707000009,12.028930664000029],[103.36267089800015,12.030517578000058],[103.36328125000006,12.033508301000154],[103.36248779300018,12.036926270000038],[103.36132812500017,12.040893555000139],[103.36108398400012,12.044311523000147],[103.36132812500017,12.04772949200003],[103.36187744100016,12.052124023000147],[103.36389160200008,12.055725098000096],[103.3643188480001,12.05969238299997],[103.36669921900011,12.062072754000042],[103.37127685500019,12.066284180000139],[103.37408447300015,12.069885254000042],[103.37792968700012,12.07147216800007],[103.38110351600011,12.071105957000043],[103.38488769500015,12.07049560500019],[103.38647460900017,12.073486328000058],[103.38269043000014,12.076293945000145],[103.38488769500015,12.081481934000124],[103.38232421900011,12.085083008000026],[103.38092041000004,12.089111328000058],[103.38391113300014,12.09252929700017],[103.38208007800006,12.09588623000019],[103.38909912100007,12.103271484000174],[103.39172363300014,12.107299805000139],[103.39532470700004,12.108886719000168],[103.39892578100006,12.109130859000118],[103.40167236300016,12.107482910000101],[103.40332031200018,12.10412597700008],[103.40692138700012,12.103271484000174],[103.41107177700019,12.102478027000188],[103.41369628900009,12.099914551000154],[103.41571044900007,12.096496582000043],[103.41967773400017,12.095520020000095],[103.42248535200014,12.092102051000154],[103.4268798830002,12.091125488000102],[103.4295043950001,12.089721680000139],[103.43249511700009,12.087280272999976],[103.4359130860002,12.089111328000058],[103.44012451200012,12.091918945000089],[103.44348144500015,12.092712402000132],[103.4473266600001,12.093872070000145],[103.45111084000018,12.09588623000019],[103.45550537100007,12.099670410000101],[103.45892334000018,12.101501465000183],[103.46087646500007,12.10467529300007],[103.46411132800012,12.108276367000144],[103.46691894500015,12.111328125000057],[103.46850585900017,12.114685059000124],[103.4714965820001,12.116088867000144],[103.47552490200013,12.115722656000116],[103.47790527300003,12.113708496000072],[103.4805297850001,12.111328125000057],[103.48291015600012,12.10852050799997],[103.48651123000019,12.106079102000137],[103.48791503900009,12.102478027000188],[103.48968505900018,12.099670410000101],[103.49328613300003,12.100097656000116],[103.49749755900018,12.101928711000028],[103.50189209000007,12.103881836000028],[103.50512695300012,12.105102539000086],[103.50872802700019,12.105895996000072],[103.5125122070001,12.104919434000124],[103.51531982400013,12.103515625000057],[103.518127441,12.10211181600016],[103.52069091800013,12.100524902000132],[103.52307128900014,12.097717285000101],[103.52612304700006,12.09790039100011],[103.53027343700006,12.098510742000087],[103.53448486300005,12.096496582000043],[103.5379028320001,12.094909668000014],[103.54028320300017,12.091308594000168],[103.53771972700014,12.088317871000072],[103.53649902300003,12.085693359000174],[103.53851318400018,12.083496094000168],[103.54229736299999,12.081481934000124],[103.54669189499998,12.078918457000043],[103.54888916000016,12.076110840000183],[103.55169677700002,12.074523926000154],[103.55468750000011,12.073486328000058],[103.55767822300004,12.072326660000044],[103.56048584000007,12.069702148000147],[103.56329345700016,12.066284180000139],[103.566894531,12.066711426000154],[103.56927490200007,12.06469726600011],[103.57031250000011,12.060302734000118],[103.57269287100019,12.05688476600011],[103.5764770510001,12.055908203000058],[103.580322266,12.054077147999976],[103.58410644500003,12.053100586000028],[103.58569335900006,12.050109863000102],[103.58709716800013,12.04711914100011],[103.58868408200016,12.044311523000147],[103.59088134800004,12.041076660000101],[103.59527587900016,12.038696289000029],[103.59747314500004,12.035522460999971],[103.60070800800008,12.033325195000089],[103.60229492200011,12.028686523000147],[103.60449218700012,12.025695801000154],[103.60668945300017,12.023498535000044],[103.60913085900006,12.021484375],[103.61248779300013,12.019470215000183],[103.61730957000003,12.01892089800009],[103.62188720700016,12.017700195000089],[103.6253051760001,12.016296387000125],[103.62890625000017,12.015930176000097],[103.63287353500004,12.01428222700008],[103.63507080100015,12.011291504000155],[103.63690185500013,12.007324219000111],[103.63610839800009,12.002929687000119],[103.63269043000008,11.99890136700003],[103.62890625000017,11.995483398000147],[103.63092040999999,11.993103027000075],[103.63348388700012,11.991882324000073],[103.63568115200007,11.987915038999972],[103.63812255900001,11.985290527000075],[103.64111328100006,11.98547363300014],[103.64392089800009,11.986083984000118],[103.64727783200004,11.984680176000154],[103.64990234400011,11.983520508000083],[103.64990234400011,11.980529784999987],[103.65228271500013,11.978881835999971],[103.65527343700018,11.975524902000075],[103.65930175800014,11.974670410000044],[103.66333007800017,11.973693848000096],[103.66668701200012,11.972106934000067],[103.66967773400012,11.97009277300009],[103.6729125980001,11.96728515600006],[103.67651367200011,11.96569824200003],[103.68048095700004,11.965270996000015],[103.68432617200011,11.964904785000044],[103.68792724600019,11.964477539000029],[103.69091796900011,11.964904785000044],[103.69549560500013,11.964294434000067],[103.69848632800006,11.959899902000075],[103.6995239260001,11.956726074000187],[103.69989013700012,11.95251464800009],[103.70031738300014,11.94787597700008],[103.69812011700003,11.94470214800009],[103.6956787110002,11.941101074000017],[103.69989013700012,11.938720703000172],[103.70452880900007,11.938110352000024],[103.70910644500009,11.935485840000126],[103.71148681600016,11.930908203000172],[103.71472168000008,11.92907714800009],[103.71868896500018,11.927673340000126],[103.7224731450001,11.928100586000141],[103.72509765600012,11.930114746000129],[103.728515625,11.933288574000017],[103.73187255900012,11.93530273400006],[103.7354736330002,11.937072754000155],[103.73907470700004,11.939086913999972],[103.74267578100012,11.939270020000038],[103.7457275390002,11.935729980000076],[103.74847412100007,11.932312012000068],[103.75207519500015,11.930114746000129],[103.7556762700001,11.927124023000033],[103.75872802700013,11.926086426000097],[103.76208496100003,11.925476074000017],[103.76489257800012,11.926513672000112],[103.76727294900013,11.92907714800009],[103.76910400400004,11.931884766000053],[103.7725219730001,11.933288574000017],[103.77630615200013,11.931701659999987],[103.77990722700014,11.931884766000053],[103.78332519500015,11.93249511700003],[103.78747558600008,11.932128906000173],[103.79089355500014,11.929321289000143],[103.79370117200006,11.926696777000075],[103.79650878900009,11.923706055000025],[103.79827880900018,11.920288086000141],[103.79827880900018,11.916076660000044],[103.80072021500018,11.911682129000098],[103.80407714800003,11.90850830100004],[103.80767822299998,11.908081055000082],[103.81427002000015,11.900512695000032],[103.81530761700014,11.895690918000128],[103.81909179700006,11.89251709000007],[103.8223266600001,11.888305664000143],[103.82470703100012,11.886291504000098],[103.8308715820001,11.879882812000062],[103.83331298800016,11.875488281],[103.83587646500007,11.871093750000114],[103.83831787100007,11.866699219000054],[103.83831787100007,11.86151123000002],[103.84051513700018,11.857482910000158],[103.84332275400004,11.854125977000137],[103.84692382800012,11.853698730000076],[103.85028076200001,11.851318359000174],[103.85272216800007,11.849487305000025],[103.85467529300013,11.847290039000143],[103.85687255900018,11.843505859],[103.85168457000003,11.842529297000056],[103.84869384799998,11.841674805000025],[103.84570312500011,11.840270996000129],[103.84289550800003,11.838928223000153],[103.84027099600013,11.836914062000062],[103.83630371100008,11.8367309570001],[103.83068847700014,11.835693359],[103.82769775400004,11.83612060500019],[103.82470703100012,11.837280273000033],[103.82128906200006,11.8386840820001],[103.81732177700013,11.838928223000153],[103.8132934570001,11.839477539000143],[103.8079223630001,11.840270996000129],[103.8045043950001,11.84210205100004],[103.80133056600016,11.844116211000085],[103.79632568400012,11.845886230000076],[103.79187011700014,11.847900391000167],[103.78869628900009,11.850280762000068],[103.78472900399998,11.849487305000025],[103.78509521500018,11.845275879000098],[103.78350830100015,11.841308594],[103.78167724600013,11.8367309570001],[103.7813110350001,11.832092285000158],[103.78247070300012,11.826904297000056],[103.7830810550002,11.821472168000128],[103.78332519500015,11.816284180000025],[103.78387451200018,11.812072754000098],[103.7843017580002,11.808715820000145],[103.78649902299998,11.806518554999968],[103.79071044900013,11.804687500000114],[103.79327392600004,11.80108642600004],[103.79290771500018,11.795898437],[103.79290771500018,11.79071044900013],[103.7921142580002,11.787109375000057],[103.78887939500015,11.784729004000042],[103.77752685500013,11.778076172000056],[103.7747192380001,11.775695800999983],[103.7734985350001,11.772888184000124],[103.77368164100017,11.768676758000026],[103.77551269500015,11.765686035000101],[103.77612304700017,11.76232910200008],[103.77868652300003,11.758483887000182],[103.7813110350001,11.755126953000058],[103.78289794900013,11.751708984000118],[103.78247070300012,11.747924805000139],[103.78051757800006,11.743896484000174],[103.77832031200018,11.741088867000087],[103.77587890600012,11.738098145000095],[103.77532959000018,11.733276367000087],[103.77447509800015,11.729919434000067],[103.77410888700012,11.72570800799997],[103.77392578100012,11.72088623000019],[103.7747192380001,11.717285156000116],[103.77532959000018,11.713684082000043],[103.77612304700017,11.710876465000183],[103.77807617200006,11.70812988300014],[103.78027343700006,11.704895020000095],[103.7830810550002,11.701721191000104],[103.78607177700019,11.699279785000101],[103.78991699200009,11.696899414000029],[103.79272460900012,11.693908691000104],[103.79492187500006,11.691894531000116],[103.79730224600007,11.689086914000029],[103.79931640600012,11.686523437000119],[103.80072021500018,11.683715820000089],[103.80108642600004,11.680480957000043],[103.80212402300015,11.677490234000118],[103.80249023400017,11.673522949000073],[103.80249023400017,11.669677734000118],[103.80310058600003,11.666870117000087],[103.80230712900004,11.664123535000044],[103.80090332000015,11.660705566000104],[103.79870605500014,11.657287598000096],[103.79730224600007,11.654724121000186],[103.79650878900009,11.651123047000112],[103.79632568400012,11.648071289000029],[103.79571533200004,11.64392089800009],[103.79528808600008,11.638305664000029],[103.79608154300007,11.633728027000075],[103.79571533200004,11.629699706999986],[103.79528808600008,11.624511719000111],[103.79791259800015,11.622314453000172],[103.80212402300015,11.622314453000172],[103.80609130900012,11.622314453000172],[103.80908203100017,11.621704102000024],[103.8132934570001,11.620117187000119],[103.81890869100016,11.618103027000075],[103.82128906200006,11.615722656],[103.82391357400013,11.613708496000186],[103.82611084000001,11.611083984000118],[103.82849121100008,11.609313965000126],[103.83270263700018,11.607482910000044],[103.83367919900019,11.604492187000119],[103.83569335900017,11.601074219000111],[103.8386840820001,11.596130371000129],[103.84252929700006,11.594116211000141],[103.84448242200006,11.591308594000054],[103.84747314500015,11.590270996000186],[103.852111816,11.588684082000157],[103.8555297850001,11.585510254000098],[103.8585205080002,11.58392334000007],[103.8609008790001,11.581115723000039],[103.86328125000011,11.578918457000157],[103.86187744100005,11.57452392600004],[103.86450195300012,11.573303223000039],[103.86749267600004,11.571105957000157],[103.87109375000011,11.569274902000075],[103.87390136700014,11.567687988000046],[103.87731933600008,11.56671142600004],[103.88171386700014,11.567077637000068],[103.88427734400005,11.564514160000158],[103.88610839800003,11.561279297000112],[103.88769531200006,11.558715820000032],[103.89068603500016,11.557678223000039],[103.89367675800008,11.55749511700003],[103.89727783200016,11.557128906000173],[103.90148925800008,11.556701660000158],[103.9049072270002,11.55609130900001],[103.90771484400005,11.554870605000076],[103.91070556600005,11.553710937000062],[103.91369628900014,11.551513672000056],[103.91571044900019,11.548522949000187],[103.91668701200007,11.544494629000098],[103.91711425800008,11.541076659999987],[103.917724609,11.537109375000114],[103.92169189500004,11.535278320000032],[103.92529296900005,11.535888672000112],[103.92889404300013,11.532897949000187],[103.93072509800004,11.528503418000128],[103.93170166000016,11.524902344000054],[103.93347168000008,11.521301270000151],[103.93750000000011,11.517089844000054],[103.94189453100006,11.516296387000011],[103.94567871100014,11.516906737999989],[103.94989013700007,11.518310547000056],[103.95349121100014,11.518676758000083],[103.95812988300008,11.517272949000187],[103.96252441400014,11.5203247070001],[103.9658813480001,11.522277832000157],[103.96911621100014,11.524475098000039],[103.97271728499999,11.525085449000187],[103.97570800800008,11.526489258000083],[103.9791259770002,11.526672363000046],[103.98211669900019,11.523925781000173],[103.98590087900016,11.524902344000054],[103.98870849600019,11.526489258000083],[103.99291992200011,11.528076172000112],[103.99670410200002,11.530090332000157],[104.00170898400006,11.529907226999967],[104.00653076200007,11.526123047000056],[104.00872802700007,11.524108887000011],[104.01171875000017,11.521911621000129],[104.0145263670002,11.519897461000085],[104.01727294900007,11.516723633000026],[104.02032470700016,11.512329102000137],[104.021484375,11.509521484000174],[104.02368164100011,11.505920410000101],[104.02532959000013,11.501525879000042],[104.02868652300015,11.500488281000173],[104.03192138700007,11.499511719],[104.03552246100014,11.496704101999967],[104.03991699200003,11.494873047000112],[104.04370117200017,11.496520996000129],[104.0465087890002,11.497924804999968],[104.04992675800014,11.497070312000062],[104.0543212890002,11.495117187000062],[104.05651855500008,11.48992919900013],[104.05847168000014,11.485473633000083],[104.06011962900016,11.480712891000167],[104.06127929700017,11.476318359000174],[104.06292724600019,11.4714965820001],[104.06372070300006,11.466674805000025],[104.06451416000004,11.46209716800007],[104.0642700200001,11.457519531000116],[104.06127929700017,11.454101562],[104.05688476600011,11.452880859],[104.05187988300014,11.450927734000174],[104.04888916000004,11.44891357400013],[104.0477294920002,11.445129395000095],[104.04730224600002,11.441894531000116],[104.04467773400012,11.438903809000124],[104.04187011700009,11.435913086000028],[104.03808593700018,11.433715820000145],[104.03271484400011,11.430114746000072],[104.02752685500013,11.42633056600016],[104.02270507800006,11.422485352000137],[104.01849365200007,11.419677734000174],[104.0145263670002,11.41729736300016],[104.01110839800009,11.414916992000087],[104.00769043000008,11.412475586000085],[104.00408935500013,11.409912109000118],[104.00048828100006,11.407104492000087],[103.99670410200002,11.404724121000072],[103.99291992200011,11.40289306600016],[103.98992919900019,11.401306152000132],[103.98712158200016,11.399291992000087],[103.98449707000009,11.396911621000072],[103.98211669900019,11.394287109000174],[103.97869873000013,11.39172363300014],[103.97589111300005,11.38891601600011],[103.9722900390002,11.384887695000145],[103.96911621100014,11.380676270000095],[103.96630859400005,11.376708984000118],[103.96331787100019,11.373107910000044],[103.96112060500008,11.370483397999976],[103.95690918000008,11.365112305000139],[103.9526977540001,11.35852050800014],[103.94909668000008,11.35412597700008],[103.94531250000011,11.349670410000101],[103.94128418000008,11.345092773000147],[103.93670654300013,11.339721680000082],[103.93267822300004,11.33532714800009],[103.9285278320001,11.331115723000096],[103.92529296900005,11.32690429700017],[103.9224853520002,11.323913574000073],[103.92089843700006,11.321105956999986],[103.91632080100004,11.31750488300014],[103.91229248000008,11.31311035200008],[103.90911865200019,11.309509277000075],[103.90667724600019,11.306518555000082],[103.90447998000008,11.303710937000119],[103.90252685500002,11.301086426000154],[103.900878906,11.297302246000186],[103.9019165040001,11.292907715000126],[103.90228271500007,11.288879395000038],[103.90112304700006,11.284484863000102],[103.8983154300002,11.280883789000029],[103.89447021500013,11.277709961000141],[103.89129638700007,11.276306152000075],[103.88671875000011,11.27532959000007],[103.88452148400017,11.272705078],[103.88568115200002,11.269897461000141],[103.88708496100008,11.266296387000068],[103.88427734400005,11.26312255900001],[103.88128662100013,11.260498047000112],[103.87792968700006,11.260070801000097],[103.87591552700019,11.256103516000053],[103.87268066400014,11.253479004000155],[103.87231445300012,11.250122070000032],[103.87371826200018,11.247070312000119],[103.873291016,11.243713379000098],[103.87249755900018,11.240722656],[103.86987304700011,11.239318848000039],[103.86749267600004,11.236328125000114],[103.86492919900013,11.232116699000187],[103.86291503900009,11.229492187000119],[103.86029052700019,11.226074219000111],[103.85491943400012,11.224304199000187],[103.85168457000003,11.22210693400001],[103.85491943400012,11.219726562000062],[103.85791015600017,11.217529297000056],[103.86029052700019,11.21429443400001],[103.86328125000011,11.2117309570001],[103.86688232400019,11.207519531000173],[103.868896484,11.2039184570001],[103.86907959000007,11.200927734],[103.87109375000011,11.197326660000158],[103.87268066400014,11.193481445000032],[103.87347412100013,11.189880371000186],[103.87451171900005,11.186523437000062],[103.87451171900005,11.182128906000173],[103.87707519500003,11.1785278320001],[103.87792968700006,11.174682616999974],[103.88128662100013,11.172302246000129],[103.88128662100013,11.167297362999989],[103.88391113300003,11.164672852000024],[103.88549804700006,11.161682129000098],[103.88671875000011,11.158325194999975],[103.8850708010001,11.155273437000062],[103.882324219,11.153076172000112],[103.87988281200006,11.154724121000129],[103.87731933600008,11.153320312000062],[103.87487793000003,11.150329590000013],[103.8718872070001,11.149108887000182],[103.87109375000011,11.146118164000086],[103.87091064500015,11.143127441],[103.87127685500008,11.139709472999982],[103.8718872070001,11.13592529300007],[103.86853027300003,11.132690430000025],[103.8638916020002,11.131286621000129],[103.8638916020002,11.127929687],[103.86407470700016,11.12249755900018],[103.8609008790001,11.120727539000086],[103.85913085900017,11.117126465000183],[103.85913085900017,11.113281250000114],[103.85687255900018,11.10968017600004],[103.85467529300013,11.10687255900018],[103.85150146500007,11.10369873000019],[103.84851074200014,11.101684569999975],[103.84490966800007,11.100524902000132],[103.84027099600013,11.097106934000124],[103.8399047850001,11.09307861300016],[103.84191894500015,11.089721680000139],[103.84112548800016,11.085327148000147],[103.84490966800007,11.087524414000086],[103.84613037100007,11.08312988299997],[103.84252929700006,11.080688477000137],[103.84509277300003,11.07928466800007],[103.84832763700018,11.078918457000043],[103.84667968700006,11.075927734000118],[103.8464965820001,11.072692871000072],[103.84112548800016,11.072692871000072],[103.83508300800003,11.07250976600011],[103.83209228500016,11.070129395000095],[103.82971191400009,11.067504883000026],[103.82708740200019,11.064514160000101],[103.82489013700018,11.060729980000133],[103.82250976600017,11.057128906000116],[103.81732177700013,11.0554809570001],[103.81408691400009,11.05328369100016],[103.81091308600003,11.051696777000132],[103.80810546900017,11.050109863000102],[103.8054809570001,11.048706055000139],[103.80169677700019,11.047729492000087],[103.79632568400012,11.04711914100011],[103.79388427700019,11.042907715000183],[103.79168701200018,11.040710449000073],[103.79028320300012,11.037109375000057],[103.78588867200006,11.023498535000101],[103.78631591800001,11.018676758000026],[103.7869262700001,11.01452636700003],[103.78747558600008,11.01049804700017],[103.78747558600008,11.006896973000096],[103.78851318400012,11.003112793000184],[103.79071044900013,10.997314453000058],[103.79187011700014,10.99468994100016],[103.792480469,10.991088867000087],[103.79290771500018,10.987304687000119],[103.79309082000015,10.98413085900006],[103.79370117200006,10.98107910200008],[103.79309082000015,10.97729492200017],[103.79187011700014,10.973327637000068],[103.79150390600012,10.968872070000089],[103.7921142580002,10.96569824200003],[103.7921142580002,10.961730957000157],[103.79132080100015,10.957702637000125],[103.79089355500014,10.954101562000119],[103.79187011700014,10.950683594000111],[103.79351806600016,10.947082520000038],[103.79510498000019,10.943725586000141],[103.79711914100011,10.939514160000044],[103.79290771500018,10.937927246000186],[103.78790283200004,10.93627929700017],[103.78448486300016,10.93530273400006],[103.78088378900009,10.935485840000126],[103.77691650400004,10.93408203100006],[103.77307128900009,10.931701660000044],[103.77032470700004,10.930908203],[103.76727294900013,10.931518555000082],[103.7656860350001,10.92712402300009],[103.76232910200008,10.92407226600011],[103.75750732400007,10.922302246000186],[103.75347900400004,10.920715332000157],[103.75128173800016,10.917480469000111],[103.75292968700018,10.914306641000053],[103.74908447300015,10.914489746000186],[103.74627685500019,10.91192626999998],[103.74511718700018,10.907287598000096],[103.74310302700013,10.905090332000157],[103.74011230500014,10.903503418000128],[103.73712158200004,10.901916504000098],[103.7366943360002,10.898925781],[103.73327636700009,10.901306152000075],[103.73071289100011,10.904724121000129],[103.72747802700013,10.902526855000076],[103.72747802700013,10.897277831999986],[103.72448730500014,10.895507812000119],[103.72149658200004,10.896118164000143],[103.71850585900012,10.896728516],[103.71630859400011,10.900085449000017],[103.71228027300015,10.903503418000128],[103.71289062500006,10.908325195000032],[103.70892334000013,10.906311034999987],[103.70568847700008,10.906311034999987],[103.70428466800018,10.909301758000083],[103.70391845699999,10.912475585999971],[103.70312500000017,10.915893555000082],[103.7017211910001,10.91931152300009],[103.70007324200009,10.923706055000082],[103.69812011700003,10.928100586000141],[103.69628906200018,10.931884766000053],[103.69488525399998,10.935729980000076],[103.6926879880001,10.939697266000053],[103.69030761700003,10.944274902000132],[103.68750000000017,10.947326659999987],[103.68548584000018,10.95092773400006],[103.68572998000013,10.954101562000119],[103.68530273400012,10.957092285000044],[103.68328857400007,10.961303710999971],[103.68109130900007,10.965270996000072],[103.67889404300018,10.968688965000126],[103.67651367200011,10.972473145000095],[103.67407226600011,10.976074219000168],[103.67230224600019,10.978698730000133],[103.67047119100016,10.98107910200008],[103.66809082000009,10.984497070000089],[103.66589355500008,10.987487793000184],[103.66351318400007,10.990295410000044],[103.66088867200017,10.994079590000183],[103.65869140600006,10.997924805000082],[103.66168212900016,10.999328613000046],[103.6636962890002,11.003295898000147],[103.66448974600002,11.008483887000125],[103.66271972700002,11.01232910200008],[103.66107177700013,11.01611328100006],[103.66229248000013,11.019287109000118],[103.66412353500004,11.022888184000124],[103.66308593700012,11.025695801000154],[103.66271972700002,11.029724121000015],[103.65930175800014,11.033874512000182],[103.6571044920002,11.03771972700008],[103.65429687500017,11.040710449000073],[103.65209960900012,11.044311523000147],[103.65051269500009,11.047485352000137],[103.64831543000008,11.049499512000125],[103.64892578100006,11.052917480000133],[103.6528930660001,11.055297852000137],[103.65649414100005,11.057495117000087],[103.66009521500013,11.060119628999985],[103.6607055660001,11.067871094],[103.65869140600006,11.071289062],[103.65911865200007,11.076110840000183],[103.65930175800014,11.08032226600011],[103.65490722700002,11.078491211000028],[103.65087890600006,11.07928466800007],[103.647705078,11.0808715820001],[103.64331054700011,11.083312988000102],[103.63909912100019,11.085327148000147],[103.6353149410001,11.086730957000043],[103.63092040999999,11.08807373000002],[103.62548828100006,11.088928223000153],[103.62188720700016,11.089111328000115],[103.6187133790001,11.08807373000002],[103.61468505900007,11.08612060500019],[103.61047363300014,11.086914062000176],[103.60687255900007,11.08807373000002],[103.60308837900016,11.090087891000167],[103.59912109400005,11.09149169900013],[103.59552001999998,11.092712402000132],[103.59228515600006,11.094116211000028],[103.59130859400005,11.098510742000087],[103.58990478500016,11.102294922000056],[103.58728027300009,11.10687255900018],[103.58471679700011,11.110473633000026],[103.58270263700007,11.112915039000086],[103.58007812500017,11.115905762000182],[103.57812500000011,11.121093750000114],[103.5750732420002,11.126098633000026],[103.57312011700014,11.1296997070001],[103.57232666000016,11.13250732400013],[103.57110595700016,11.135681152000188],[103.56951904300013,11.138305664000086],[103.56707763700007,11.141296387000011],[103.56469726600005,11.144287109],[103.56268310500008,11.148071289000143],[103.55987548800005,11.151306152000188],[103.55767822300004,11.154479980000076],[103.55450439500015,11.158081055000025],[103.55310058600008,11.162292480000076],[103.55310058600008,11.16790771500007],[103.54809570300017,11.167297362999989],[103.54431152300003,11.167480469000054],[103.54132080100004,11.168090820000032],[103.53833007800012,11.168273926000097],[103.53472900400004,11.168701172000056],[103.531494141,11.168884277000018],[103.52832031200006,11.168884277000018],[103.52551269499997,11.168273926000097],[103.5220947270002,11.168090820000032],[103.5191040040001,11.168273926000097],[103.51611328100017,11.168273926000097],[103.51232910200014,11.168090820000032],[103.50549316400014,11.166076660000158],[103.50109863300003,11.164123535000101],[103.50012207000015,11.16131591800007],[103.49707031200006,11.15850830100004],[103.49249267600004,11.154113770000151],[103.4890747070001,11.150329590000013],[103.48571777300003,11.147521973000153],[103.48071289100017,11.1453247070001],[103.47387695300012,11.143493652000188],[103.4727172850001,11.140686035000158],[103.47192382800012,11.136718750000057],[103.4714965820001,11.133728027000132],[103.4702758790001,11.130920410000101],[103.46832275400004,11.127502441],[103.46588134799998,11.12432861300016],[103.46392822300015,11.121704102000137],[103.46069335900017,11.118896484000174],[103.4558715820001,11.116271973000039],[103.45269775400004,11.112670898000033],[103.450683594,11.10968017600004],[103.44812011700009,11.10711669900013],[103.44610595700004,11.10467529300007],[103.4437255860002,11.102294922000056],[103.44451904300001,11.098510742000087],[103.44970703100012,11.099487305000025],[103.45391845700004,11.100708008000026],[103.45831298800016,11.10211181600016],[103.46087646500007,11.10369873000019],[103.46429443400012,11.105102539000086],[103.46887207000003,11.102905273000033],[103.46868896500007,11.098510742000087],[103.46911621100003,11.095520020000095],[103.46850585900017,11.092102050999983],[103.467529297,11.089111328000115],[103.46411132800012,11.085327148000147],[103.4600830080002,11.082519531000116],[103.45727539100017,11.080078125000057],[103.45391845700004,11.077087402000188],[103.45129394500015,11.074890137000182],[103.44989013700018,11.072082520000151],[103.44873046900017,11.068115234000118],[103.44830322300015,11.064514160000101],[103.44812011700009,11.061279297000056],[103.44769287100007,11.057922363000102],[103.44769287100007,11.05487060500019],[103.44708252000015,11.05151367200017],[103.4473266600001,11.047912598000096],[103.44647216800007,11.044311523000147],[103.44409179700006,11.040710449000073],[103.44207763700018,11.037475586000028],[103.43988037100013,11.033508301000154],[103.43847656200006,11.028930664000029],[103.43670654300007,11.025695801000154],[103.43530273400017,11.021911621000072],[103.43328857400013,11.017883301000154],[103.43127441400009,11.01452636700003],[103.42987060500019,11.011901855000133],[103.42852783200004,11.008728027000075],[103.4268798830002,11.00451660200008],[103.42633056600016,10.999877930000139],[103.42492675800014,10.995727539000029],[103.4238891600001,10.990905762000125],[103.42309570300012,10.986694336000028],[103.42108154300007,10.982299805000082],[103.41851806600016,10.978271484000118],[103.41650390600012,10.975891113000102],[103.41491699200009,10.973083496000072],[103.41412353500004,10.970275878999985],[103.41333007800006,10.96728515600006],[103.41168212900004,10.963073730000133],[103.4105224610002,10.958312988000046],[103.41070556600016,10.954284668000184],[103.410888672,10.951110840000126],[103.41149902300015,10.94812011700003],[103.41247558600003,10.94470214800009],[103.41369628900009,10.940124512000068],[103.41589355500014,10.935913086000141],[103.41827392600004,10.932312012000068],[103.42010498000019,10.929077148000147],[103.42108154300007,10.924926758000083],[103.42071533200004,10.92132568400001],[103.42010498000019,10.917480469000111],[103.41992187500006,10.91351318400001],[103.42010498000019,10.909729004000098],[103.42089843700018,10.905883789000029],[103.42211914100011,10.902709961000141],[103.42407226600017,10.898498534999987],[103.42492675800014,10.893493652000075],[103.4216918950001,10.89251709000007],[103.418701172,10.89392089800009],[103.41510009800015,10.89367675800014],[103.41168212900004,10.89367675800014],[103.40887451200018,10.892883301000097],[103.40649414100011,10.891113281],[103.40429687500006,10.888916016000053],[103.40289306600016,10.885314941000047],[103.39807128900009,10.882873535000044],[103.39410400399998,10.880920410000158],[103.39007568400012,10.879516602000024],[103.38690185500013,10.876525879000098],[103.38330078100012,10.877319336000085],[103.37969970700004,10.880126953000172],[103.37548828100012,10.881713866999974],[103.3707275390002,10.881103516000053],[103.3665161130001,10.879272461000141],[103.36407470700004,10.877075195000089],[103.36108398400012,10.87548828100006],[103.35791015600006,10.873107910000158],[103.35552978500004,10.869873047000112],[103.35449218700018,10.865905762000068],[103.3508911130001,10.86767578100006],[103.3508911130001,10.871520996000129],[103.35150146500013,10.874328612999989],[103.35009765600006,10.877075195000089],[103.3499145510001,10.880493163999972],[103.34887695300006,10.884094238000046],[103.346923828,10.887512207000157],[103.34448242200017,10.890319824000187],[103.34228515600012,10.892700195000032],[103.34051513700012,10.894897461000141],[103.337890625,10.897521973000039],[103.33428955100015,10.900512695000032],[103.3311157230001,10.902282715000126],[103.32647705100015,10.904479980000133],[103.32147216800018,10.90429687500017],[103.31848144500009,10.907470703000058],[103.31512451200007,10.908081055000082],[103.31231689500004,10.910095215000126],[103.31170654300018,10.91491699200003],[103.30731201200007,10.913085937000119],[103.30432128900014,10.914123534999987],[103.30187988300014,10.915893555000082],[103.2977294920002,10.915100098000039],[103.29168701200012,10.915283203],[103.28747558600014,10.916320801000097],[103.2877197270002,10.920471191000104],[103.28430175800008,10.923889160000044],[103.27850341800013,10.922912598000039],[103.27551269500003,10.92187500000017],[103.27191162100019,10.92272949200003],[103.2678833010001,10.923522949000187],[103.26409912100019,10.923095703],[103.2600708010001,10.923522949000187],[103.25531005900001,10.92272949200003],[103.25207519500009,10.92132568400001],[103.24932861299999,10.919921875000114],[103.24591064499998,10.918701172000112],[103.24328613300008,10.917480469000111],[103.24151611300005,10.913879395000038],[103.23968505900007,10.90991210900006],[103.2359008790001,10.908874512000125],[103.23211669900019,10.90710449200003],[103.22869873000008,10.90429687500017],[103.2280883790001,10.901123047000112],[103.22827148400006,10.898071289000029],[103.22570800800008,10.895507812000119],[103.22192382800012,10.894104004000098],[103.217285156,10.893310547000112],[103.21429443400018,10.890502930000082],[103.21228027300009,10.887695312000119],[103.21148681600005,10.883911133000083],[103.21148681600005,10.880493163999972],[103.2069091800002,10.879699707000157],[103.20312500000011,10.878112793000128],[103.2000732420002,10.876892090000126],[103.19708251999998,10.876098633000083],[103.19409179700011,10.875122070000032],[103.19110107400019,10.873474121000186],[103.18768310500008,10.87249755900001],[103.18469238300008,10.873107910000158],[103.18292236300016,10.87091064499998],[103.18090820300012,10.866699219000054],[103.17950439500015,10.8621215820001],[103.18109130900018,10.858093262000068],[103.17712402300003,10.858703613000046],[103.17352294900013,10.859130859],[103.17010498000002,10.86267089800009],[103.16748046900005,10.86608886700003],[103.16448974600013,10.868103027000018],[103.1616821290001,10.871093750000114],[103.15649414100017,10.873718262000068],[103.15167236299999,10.874511719000054],[103.1472778320001,10.872924805000025],[103.14648437500011,10.868713379000098],[103.14587402300003,10.864318848000039],[103.14331054700006,10.862487793000128],[103.13970947300015,10.862915039000143],[103.13531494100016,10.86468505900001],[103.13031005900012,10.866699219000054],[103.12707519500003,10.868713379000098],[103.12371826200018,10.87048339800009],[103.12152099600007,10.874328612999989],[103.12469482400013,10.875305176000097],[103.12792968700018,10.874511719000054],[103.13049316400009,10.877075195000089],[103.13171386700014,10.880920410000158],[103.13208007800012,10.88647460900006],[103.13049316400009,10.891723633000083],[103.12927246100008,10.895324707000157],[103.12707519500003,10.897888184000067],[103.12512207000015,10.900695801000097],[103.1231079100001,10.902893066000104],[103.12072753900009,10.905090332000157],[103.1182861330002,10.90710449200003],[103.11450195300012,10.90991210900006],[103.11132812500006,10.91192626999998],[103.10772705100015,10.913696288999972],[103.10308837900004,10.915527344000054],[103.09887695300012,10.91650390600006],[103.09808349600013,10.920288086000141],[103.09747314500015,10.92431640600006],[103.09710693400012,10.928100586000141],[103.09631347700014,10.931518555000082],[103.09588623000019,10.93627929700017],[103.09710693400012,10.940490723000096],[103.09808349600013,10.944274902000132],[103.0964965820001,10.948730469000054],[103.0977172850001,10.95227050800014],[103.09930419900013,10.95568847700008],[103.1019287110002,10.959289551000154],[103.1055297850001,10.960876465000183],[103.10791015600012,10.962890625],[103.1085205080002,10.96728515600006],[103.1085205080002,10.971130371000186],[103.10827636700014,10.975280762000125],[103.10870361300016,10.980285645000095],[103.108886719,10.98547363299997],[103.108886719,10.99072265600006],[103.10913085900012,10.99609375],[103.108886719,10.999511719000111],[103.10870361300016,11.002929687000119],[103.10827636700014,11.006286621000072],[103.10791015600012,11.010681152000132],[103.10711669900013,11.015930176000097],[103.10711669900013,11.02008056600016],[103.10632324200009,11.022888184000124],[103.1055297850001,11.025695801000154],[103.10467529300007,11.02947998000019],[103.10388183600008,11.032714844000111],[103.10308837900004,11.036499023000147],[103.10229492200006,11.040283203000115],[103.10131835900017,11.044677734000174],[103.09991455100015,11.048889160000101],[103.09710693400012,11.053527832000043],[103.09710693400012,11.056884766000167],[103.09692382800006,11.061706543000014],[103.09667968700006,11.067504883000026],[103.09692382800006,11.071105957000043],[103.09692382800006,11.074096679999968],[103.09509277300003,11.07672119100016],[103.08972168000014,11.07830810500019],[103.09149169900013,11.081481934000124],[103.09527587900004,11.08312988299997],[103.09747314500015,11.079711914000086],[103.10009765600012,11.077270508000026],[103.10412597700008,11.078491211000028],[103.10772705100015,11.082092285000101],[103.10992431600016,11.08587646500007],[103.11071777299998,11.090087891000167],[103.11132812500006,11.094726562000176],[103.11370849600007,11.097717285000101],[103.11712646500018,11.100524902000132],[103.11712646500018,11.10467529300007],[103.11669921900017,11.108093262000182],[103.11608886700014,11.111877441000047],[103.11590576200018,11.115478516000167],[103.11547851600017,11.119873047000056],[103.11492919900013,11.125671387000011],[103.1140747070001,11.130493164000086],[103.11328125000011,11.133728027000132],[103.11212158200004,11.138671875000114],[103.11108398400017,11.142700194999975],[103.11108398400017,11.147521973000153],[103.10949707000015,11.150512694999975],[103.1074829100001,11.152709961000085],[103.10607910200014,11.156494141],[103.10467529300007,11.161682129000098],[103.10351562500006,11.165893555000025],[103.10247802700019,11.169494629000098],[103.10150146500018,11.172729492000144],[103.10028076200018,11.176696777000018],[103.09930419900013,11.180114746000129],[103.09790039100017,11.184326172000056],[103.09631347700014,11.188476562000119],[103.09490966800007,11.192077637000068],[103.09368896500001,11.195129395000151],[103.09210205099998,11.198913574000187],[103.09027099600013,11.203125000000114],[103.08850097700014,11.20648193400001],[103.08709716800007,11.20947265600006],[103.08532714800015,11.212524414000143],[103.08367919900013,11.214904785000158],[103.08190918000014,11.217529297000056],[103.07971191400009,11.220275879000155],[103.076904297,11.222900391000053],[103.07312011700009,11.223510741999974],[103.0687255860002,11.222900391000053],[103.06549072300015,11.22210693400001],[103.06292724600007,11.219909668000128],[103.05987548800016,11.219116211000085],[103.05688476600011,11.217529297000056],[103.05328369100016,11.216491699000187],[103.05072021500018,11.218872070000089],[103.0479125980001,11.223327637000011],[103.04992675800014,11.22631835900006],[103.0518798830002,11.229125977000024],[103.0557250980001,11.230102539000143],[103.05651855500014,11.233520508000083],[103.05908203100012,11.235107422000112],[103.06188964799998,11.23571777300009],[103.06469726600011,11.237304687000119],[103.06768798800016,11.23828125000017],[103.07067871100003,11.23828125000017],[103.07110595700004,11.24267578100006],[103.06970214800015,11.247497559000067],[103.06768798800016,11.251281738000046],[103.06567382800012,11.255676270000038],[103.06652832000009,11.25952148400006],[103.069091797,11.260681152000075],[103.07250976600011,11.260681152000075],[103.07592773400012,11.26428222700008],[103.07672119100016,11.269714355000076],[103.07531738300014,11.274108887000068],[103.07391357400007,11.277526855000076],[103.07232666000004,11.280517578000172],[103.07092285200008,11.283081055000082],[103.07189941400009,11.286315918000128],[103.07489013700018,11.285522461000141],[103.078125,11.28491210900006],[103.08270263700018,11.28588867200017],[103.08752441400003,11.28649902300009],[103.09307861300016,11.286682129000155],[103.09368896500001,11.291076660000044],[103.09472656200018,11.295471191000104],[103.09332275400004,11.299499512000125],[103.09613037100007,11.298889160000044],[103.09912109400017,11.298278809000067],[103.10308837900004,11.298278809000067],[103.10650634800015,11.300720215000126],[103.10809326200018,11.303894043000184],[103.112304687,11.304321288999972],[103.11547851600017,11.306091309000067],[103.11871337900004,11.309509277000075],[103.119689941,11.314270020000095],[103.11987304700006,11.317871094000168],[103.1231079100001,11.31750488300014],[103.12548828100017,11.315917969000111],[103.12792968700018,11.313293457000043],[103.13153076200018,11.312316895000038],[103.13629150400004,11.313476562000176],[103.13970947300015,11.316284180000139],[103.14288330100004,11.318481445000089],[103.14508056600005,11.320495605000133],[103.144287109,11.323913574000073],[103.14190673800016,11.32751464800009],[103.13970947300015,11.332092285000044],[103.13690185500019,11.336914062000119],[103.13452148400017,11.339904785000044],[103.13488769499997,11.343322754000155],[103.13671875000006,11.346496582000043],[103.13452148400017,11.349304199000073],[103.1309204100001,11.35070800800014],[103.12707519500003,11.349670410000101],[103.12292480500014,11.348876953000058],[103.11907959000007,11.348876953000058],[103.11511230500014,11.34631347700008],[103.11291503900009,11.344299316000104],[103.10931396500018,11.34289550800014],[103.10412597700008,11.344299316000104],[103.10168457000015,11.348327637000125],[103.09692382800006,11.350524902000075],[103.0941162110002,11.353698730000133],[103.09228515600012,11.357116699000073],[103.09069824200009,11.360473633000026],[103.09027099600013,11.36352539100011],[103.08947753900009,11.367309570000089],[103.0889282230001,11.370117187000176],[103.08807373000019,11.373718262000125],[103.08789062500006,11.377685547],[103.08752441400003,11.382507324000073],[103.08673095700004,11.38671875],[103.0863037110002,11.390075684000124],[103.08569335900017,11.393920898000147],[103.08587646500001,11.397705078000058],[103.08807373000019,11.401306152000132],[103.08648681600016,11.405700684000124],[103.08612060500019,11.409118652000132],[103.08392334000018,11.411682129000042],[103.08251953100012,11.414489746000072],[103.0808715820001,11.417480469],[103.076904297,11.420715332000043],[103.07489013700018,11.416076660000101],[103.07189941400009,11.417907715000183],[103.07092285200008,11.420715332000043],[103.07049560500019,11.424499512000182],[103.07110595700004,11.42767334000007],[103.07171630900012,11.431274414000086],[103.06787109400017,11.429077148000033],[103.06488037100007,11.427307129000042]]],[[[102.98510742200017,11.41271972700008],[102.98529052700013,11.408508301000154],[102.98870849600019,11.408325195000089],[102.99188232400007,11.409729003999985],[102.99511718700012,11.41070556600016],[102.99731445300006,11.413085937],[103.00048828100012,11.416076660000101],[103.005126953,11.41827392600004],[103.00872802700007,11.418090820000145],[103.0133056640002,11.41851806600016],[103.01708984400017,11.416320801000154],[103.01928710900012,11.413513184000124],[103.02069091800018,11.410522461000028],[103.0225219730001,11.407714844000168],[103.02331543000008,11.40447998000019],[103.02307128900009,11.400512695000145],[103.02532959000013,11.39672851600011],[103.02832031200012,11.390319824000073],[103.03009033200004,11.387084961000028],[103.03167724600007,11.38391113299997],[103.03369140600012,11.380126953000058],[103.03430175800014,11.377319336000028],[103.03472900400016,11.374328613000102],[103.03369140600012,11.370910645000095],[103.03149414100011,11.366516113000102],[103.03070068400012,11.361511230000133],[103.02990722700008,11.357482910000101],[103.02850341800018,11.353088378999985],[103.02832031200012,11.348693848000096],[103.0291137700001,11.345703125],[103.03131103500004,11.343505859000118],[103.0344848630001,11.34008789100011],[103.03808593700018,11.337890625],[103.04071044900007,11.33532714800009],[103.04168701200012,11.331481934000124],[103.0410766600001,11.328491211000028],[103.03948974600007,11.32531738300014],[103.03869628900003,11.320678711000028],[103.04028320300006,11.317321777000075],[103.04187011700009,11.31311035200008],[103.04370117200017,11.309509277000075],[103.04412841800018,11.305908203],[103.04272460900012,11.302490234000118],[103.04187011700009,11.299499512000125],[103.04248046900017,11.295471191000104],[103.0410766600001,11.291076660000044],[103.04052734400011,11.287902831999986],[103.03912353500004,11.285278320000089],[103.0374755860002,11.282287598000096],[103.03570556600016,11.278930664000143],[103.03332519500009,11.27532959000007],[103.03387451200018,11.272521973000039],[103.03289794900007,11.26867675800014],[103.03131103500004,11.26452636700003],[103.02868652300015,11.260070801000097],[103.02728271500018,11.255493163999972],[103.02587890600012,11.25170898400006],[103.02532959000013,11.24890136700003],[103.02368164100011,11.246520996000129],[103.02087402300015,11.244689941000104],[103.01727294900013,11.243530273000033],[103.0134887700001,11.24389648400006],[103.01049804700017,11.24609375000017],[103.00732421900011,11.250122070000032],[103.00329589800015,11.250122070000032],[102.99969482400007,11.248291016000053],[102.99987793000014,11.251525879000098],[102.99810791000004,11.255126953000172],[102.99432373000013,11.256530762000068],[102.98950195300006,11.255493163999972],[102.99151611300005,11.259887695000089],[102.9912719730001,11.263916016000053],[102.98968505900007,11.26892089800009],[102.98651123000013,11.270080566000104],[102.98413085900006,11.272094727000024],[102.98168945300006,11.275695801000097],[102.98547363300014,11.27807617200017],[102.98449707000009,11.281494141000053],[102.98468017600015,11.285522461000141],[102.98388671900011,11.290100098000096],[102.98388671900011,11.293518066000104],[102.98529052700013,11.296508789000029],[102.98449707000009,11.300109863000046],[102.98168945300006,11.302307129000155],[102.98089599600002,11.305480957000043],[102.98327636700009,11.309326172000112],[102.98632812500017,11.312683105000133],[102.98828125,11.316101074000073],[102.98992919900002,11.319274902000132],[102.98870849600019,11.324279785000044],[102.98730468700012,11.32867431600016],[102.98590087900016,11.333312988000102],[102.98468017600015,11.336730956999986],[102.98352050800014,11.340270996000072],[102.98211669900007,11.343872070000145],[102.98071289100005,11.34790039100011],[102.97949218700012,11.35070800800014],[102.97692871100014,11.352905273000147],[102.97570800800014,11.357727051000097],[102.97790527300009,11.361694336000028],[102.97851562500017,11.365905762000125],[102.9801025390002,11.370483397999976],[102.97949218700012,11.373718262000125],[102.97827148400012,11.376708984000118],[102.9771118160001,11.380493164000086],[102.9758911130001,11.383728027000132],[102.97467041000004,11.38732910200008],[102.97210693400007,11.392089844000168],[102.97113037100019,11.396118164000029],[102.97113037100019,11.400512695000145],[102.97210693400007,11.40447998000019],[102.9735107420002,11.407714844000168],[102.97467041000004,11.411682129000042],[102.97668457000009,11.415527344000168],[102.97827148400012,11.418701172],[102.98211669900007,11.421325684000124],[102.98388671900011,11.41851806600016],[102.9866943360002,11.416870117000144],[102.98510742200017,11.41271972700008]]],[[[103.17987060500008,10.833496094000054],[103.18347168000003,10.83612060500002],[103.18627929700011,10.833679199000187],[103.18890380900018,10.831909180000025],[103.19067382800017,10.827514648000033],[103.19451904300007,10.826293945000032],[103.19689941400014,10.824096680000025],[103.19512939500015,10.8211059570001],[103.18988037100013,10.81951904300007],[103.18408203100017,10.819091797000056],[103.1802978520002,10.81829834000007],[103.17749023400006,10.817077637000068],[103.17468261700014,10.817871094000054],[103.1724853520002,10.819702148000033],[103.1707153320001,10.822692871000129],[103.168518066,10.826721191000047],[103.16729736300016,10.831298828000172],[103.17150878900009,10.830322266000167],[103.17547607400019,10.831909180000025],[103.17987060500008,10.833496094000054]]],[[[103.08367919900013,10.898498534999987],[103.08709716800007,10.895080566000104],[103.09027099600013,10.89392089800009],[103.09088134800015,10.890075684000067],[103.08709716800007,10.888488770000038],[103.08392334000018,10.888916016000053],[103.08007812500006,10.88867187500017],[103.07708740200013,10.887878418000128],[103.07312011700009,10.88812255900018],[103.06927490200019,10.888305664000143],[103.06732177700013,10.890502930000082],[103.06829834000018,10.89392089800009],[103.06927490200019,10.897277831999986],[103.07147216800007,10.89929199200003],[103.0720825200001,10.902709961000141],[103.07269287100007,10.905700684000067],[103.07629394500015,10.904724121000129],[103.07971191400009,10.901916504000098],[103.08367919900013,10.898498534999987]]],[[[103.07568359400017,10.93469238300014],[103.07330322300015,10.931091309000067],[103.0720825200001,10.933898926000097],[103.07312011700009,10.938110352000024],[103.07611084000018,10.942321777000075],[103.07971191400009,10.944885254000155],[103.08050537100007,10.942077637000125],[103.07971191400009,10.939086914000029],[103.07751464800015,10.937072754000155],[103.07568359400017,10.93469238300014]]],[[[103.07348632800012,10.97729492200017],[103.06787109400017,10.974487305000139],[103.0687255860002,10.97851562500017],[103.07128906200018,10.981506348000096],[103.07489013700018,10.982482910000044],[103.07891845700004,10.981872559000124],[103.07788085900017,10.97851562500017],[103.07348632800012,10.97729492200017]]],[[[103.19927978500016,10.80291748000002],[103.19427490200007,10.801330566],[103.19232177700019,10.804077148000033],[103.1948852540001,10.805725098000153],[103.19970703100017,10.807312012000182],[103.20452880900018,10.805297851999967],[103.19927978500016,10.80291748000002]]],[[[103.05487060500019,10.95751953100006],[103.05328369100016,10.954528809000067],[103.04992675800014,10.954711914000029],[103.04748535200014,10.956481934000067],[103.05047607400013,10.96008300800014],[103.05548095700004,10.960876465000183],[103.05487060500019,10.95751953100006]]],[[[103.05731201200012,10.911071777000075],[103.06048584000018,10.90991210900006],[103.06268310500019,10.908081055000082],[103.05889892600015,10.906494141000053],[103.05731201200012,10.911071777000075]]],[[[103.06170654300001,11.424072266000167],[103.06488037100007,11.427307129000042],[103.0645141600001,11.421508789000086],[103.06170654300001,11.424072266000167]]],[[[103.0056762700001,11.436096191],[103.00927734400017,11.43487548800016],[103.00653076200007,11.433105469000168],[103.0056762700001,11.436096191]]]]}},{"type":"Feature","properties":{"adm1_name":"Kratie","adm1_name1":null,"adm1_name2":null,"adm1_name3":null,"adm1_pcode":"KH10","adm0_name":"Cambodia","adm0_name1":null,"adm0_name2":null,"adm0_name3":null,"adm0_pcode":"KH","valid_on":"2018-10-04","valid_to":null,"area_sqkm":11984.7525471,"version":"v01","lang":"en","lang1":null,"lang2":null,"lang3":null,"adm1_ref_name":"Kratie","center_lat":12.67828369,"center_lon":106.05832433},"geometry":{"type":"Polygon","coordinates":[[[106.32489013700007,13.400329590000126],[106.32867431600005,13.399902344000111],[106.33312988300003,13.399291992000087],[106.33709716800013,13.399475098000096],[106.350097656,13.400085449000073],[106.35070800800008,13.396728516000053],[106.35131835900006,13.392517090000126],[106.35150146500007,13.388305664000029],[106.35107421900011,13.383728027000075],[106.3530883790001,13.379699706999986],[106.3530883790001,13.37548828100006],[106.35247802700007,13.372070312000176],[106.35229492200011,13.366699219000111],[106.35070800800008,13.361328125000114],[106.35247802700007,13.358886719000111],[106.3541259770002,13.355285645000038],[106.35388183600014,13.350891113000046],[106.35467529300013,13.347717284999987],[106.35650634800004,13.34350585900006],[106.35650634800004,13.338073730000133],[106.35449218700012,13.33288574200003],[106.35211181600005,13.328308105000076],[106.35107421900011,13.32507324200003],[106.35028076200007,13.322326660000158],[106.34967041000004,13.319091797000112],[106.34991455100004,13.314880371000186],[106.350097656,13.310119629000098],[106.350097656,13.306518555000025],[106.34869384800004,13.302673340000126],[106.34692382800012,13.29968261700003],[106.34588623000008,13.294494629000098],[106.34649658200016,13.289916991999974],[106.34771728500016,13.28649902300009],[106.34948730500008,13.284118652000188],[106.35070800800008,13.281311035000158],[106.35107421900011,13.277709961000085],[106.35229492200011,13.274108887000011],[106.35430908200016,13.27087402300009],[106.35632324200014,13.267700195000032],[106.359130859,13.264099121000129],[106.36108398400006,13.261108398000033],[106.3662719730001,13.251525879000042],[106.3674926760001,13.248718262000182],[106.36853027300003,13.244506836000085],[106.36853027300003,13.23992919900013],[106.36907959000013,13.236877441000047],[106.37072753900014,13.234497070000032],[106.3729248050002,13.23272705100004],[106.37567138700007,13.231323242000144],[106.37890625000011,13.229675293000128],[106.38189697300004,13.228088379000098],[106.38549804700011,13.226928711000028],[106.38928222700002,13.225524902000188],[106.39251709000007,13.224121094],[106.39727783199999,13.2214965820001],[106.40112304700011,13.219482422000056],[106.40447998000013,13.216674805000025],[106.4072875980001,13.21429443400018],[106.40948486300005,13.211914062],[106.41149902300009,13.208923340000013],[106.41430664100005,13.205688476999967],[106.41687011700009,13.201904297000056],[106.41949462900016,13.199707031000116],[106.42169189500004,13.197692871000129],[106.42468261700003,13.193908691],[106.42687988300014,13.189086914000086],[106.42852783200016,13.184509277000132],[106.42968750000017,13.181091309000124],[106.43072509800004,13.177307129000042],[106.4312744140002,13.174499512000182],[106.430908203,13.171325684000124],[106.42889404300018,13.169128418000014],[106.42407226600011,13.169677734000174],[106.41931152300009,13.170471191000047],[106.41589355500008,13.168884277000188],[106.41229248000013,13.17010498000019],[106.40911865200007,13.171875000000114],[106.40527343700012,13.17327880900018],[106.4016723630001,13.174499512000182],[106.398925781,13.17547607400013],[106.39428710900006,13.174072266000167],[106.38909912100019,13.172302246000072],[106.3850708010001,13.172729492000087],[106.38128662100019,13.172729492000087],[106.37792968700006,13.172485352000137],[106.37451171900005,13.172302246000072],[106.37048339800009,13.172302246000072],[106.3662719730001,13.172485352000137],[106.3621215820001,13.172912598000153],[106.35711669900019,13.17352294900013],[106.35272216800013,13.172912598000153],[106.34967041000004,13.171508789000086],[106.34808349600019,13.167907715000183],[106.34692382800012,13.163879395000151],[106.34490966800013,13.160278319999975],[106.34429931600005,13.155883789000086],[106.34387207000003,13.152099609000174],[106.34149169900019,13.148071289000086],[106.33892822299998,13.13391113299997],[106.34088134800004,13.12951660200008],[106.34112548800016,13.122070312],[106.33911132800017,13.116088867000087],[106.34088134800004,13.110290527000132],[106.34149169900019,13.10571289100011],[106.34307861300005,13.101928710999971],[106.34448242200011,13.099304199000073],[106.34832763700001,13.097717285000044],[106.35131835900006,13.095092773000147],[106.35491943400018,13.093078613000102],[106.35748290999999,13.089721680000082],[106.35992431600005,13.086730956999986],[106.36071777300003,13.08251953100006],[106.36328125000017,13.079528809000067],[106.37207031200012,13.06909179700017],[106.37487793000008,13.065490723000096],[106.37872314499998,13.057678223000096],[106.3817138670002,13.054321289000029],[106.38848877000004,13.050720215000126],[106.3941040040001,13.049499512000125],[106.40350341800013,13.045288085999971],[106.40551757800017,13.041870117000087],[106.40570068400007,13.036926270000038],[106.4083251950002,13.030883789000029],[106.41088867200011,13.028930663999972],[106.41308593700012,13.027099609000118],[106.41528320300006,13.024719238000046],[106.41748046900011,13.021728516000053],[106.42108154300018,13.020690918000184],[106.42529296900011,13.021118163999972],[106.42968750000017,13.019104004000155],[106.43371582000009,13.016906738000046],[106.43627929700017,13.014709473000039],[106.4390869140002,13.014099121000186],[106.44110107400007,13.011291504000155],[106.44427490200013,13.011291504000155],[106.4481201170002,13.013671875],[106.45129394500009,13.014709473000039],[106.4547119140002,13.01428222700008],[106.45867919900007,13.012878418000184],[106.46270752000004,13.013305663999972],[106.46667480500014,13.011291504000155],[106.4771118160001,13.004089355000133],[106.47967529300001,13.002319336000141],[106.49670410200008,12.991882324000073],[106.50048828100012,12.990295410000044],[106.51092529300018,12.985290527000075],[106.51910400399998,12.981506348000039],[106.52410888700012,12.978881836000141],[106.52728271500018,12.977478027000075],[106.53247070300012,12.974304199000187],[106.53607177700019,12.972290038999972],[106.54132080100015,12.969482422000112],[106.54510498000019,12.967102051000097],[106.54992675800014,12.964111328000172],[106.55468750000006,12.961120605000076],[106.56048584000001,12.957275391000053],[106.56909179700006,12.951721191000047],[106.575683594,12.947326660000158],[106.58587646500007,12.939880371000186],[106.59210205100004,12.935119629000098],[106.59570312500006,12.932128906000173],[106.60052490200013,12.92749023400006],[106.60351562500006,12.924072266000053],[106.60589599600013,12.9207153320001],[106.60791015600012,12.917480469000054],[106.61010742200006,12.914123535000158],[106.61309814500015,12.911071777000075],[106.61267089800003,12.907287598000039],[106.61370849600013,12.903320312000062],[106.61370849600013,12.900329590000013],[106.61352539100017,12.896301270000151],[106.61370849600013,12.893127441],[106.61370849600013,12.889526367000144],[106.61370849600013,12.886108398000033],[106.61328125000011,12.88250732400013],[106.61291503900009,12.878906250000114],[106.61230468700006,12.87469482400013],[106.61187744100005,12.871704102000137],[106.61169433600008,12.868530272999976],[106.611083984,12.863525391000167],[106.61010742200006,12.859130859000174],[106.60931396500001,12.855712891000167],[106.60748291000016,12.851318359000174],[106.60571289100017,12.847717285000101],[106.60308837900004,12.84368896500007],[106.6007080080002,12.840515137000182],[106.59869384800015,12.837890625000057],[106.59588623000002,12.835083008000026],[106.59368896500007,12.832275391000167],[106.59051513700018,12.82928466800007],[106.58831787100007,12.827270508000026],[106.58587646500007,12.825317383000026],[106.58349609400017,12.822875977000137],[106.57971191400009,12.819702147999976],[106.57672119100016,12.816894531000116],[106.57312011700009,12.813720703000058],[106.56890869100016,12.810302734000174],[106.56530761700009,12.806884766000167],[106.5623168950001,12.804077148000033],[106.55987548800016,12.801696777000132],[106.55767822300015,12.799682617000144],[106.5545043950001,12.796875],[106.5501098630001,12.793701172],[106.54528808600003,12.789916992000087],[106.54150390600012,12.78729248000019],[106.53710937500006,12.786071777000188],[106.53210449200009,12.787475586000028],[106.52709960900012,12.786315918000014],[106.52270507800006,12.784729003999985],[106.51910400399998,12.783325195000089],[106.51531982400007,12.782104492000087],[106.51147460900017,12.779113770000095],[106.5068969730001,12.778503418000014],[106.50347900400004,12.779113770000095],[106.49951171900011,12.77667236300016],[106.49731445300006,12.774291992000087],[106.49353027300009,12.77209472700008],[106.49047851600011,12.769897461000028],[106.48730468700018,12.767089844000168],[106.48510742200017,12.763671875000057],[106.48309326200012,12.760314941000104],[106.48168945300006,12.757324219000111],[106.47869873000013,12.755493164000029],[106.4749145510001,12.75250244100016],[106.47052002000004,12.749694824000073],[106.46771240200007,12.748474121000072],[106.46490478500004,12.746887207000043],[106.4625244140002,12.745300293000184],[106.45947265600012,12.74291992200017],[106.45648193400007,12.740905762000125],[106.4534912110002,12.739074707000043],[106.4495239260001,12.73687744100016],[106.44628906200012,12.734680176000154],[106.44329834000013,12.732727051000097],[106.44012451200007,12.729919434000067],[106.43688964800015,12.72729492200017],[106.43450927700007,12.72509765600006],[106.43188476600011,12.722717285000044],[106.42987060500013,12.720520020000038],[106.42687988300014,12.716308594000111],[106.42468261700003,12.712524414000029],[106.42291259800004,12.709899902000075],[106.4215087890002,12.707092285000044],[106.42028808600014,12.704284668000184],[106.41912841800013,12.701477051000154],[106.41687011700009,12.697509766000053],[106.41448974600019,12.693481445000089],[106.41229248000013,12.689880371000015],[106.41009521500013,12.686523437000119],[106.40692138700007,12.684509277000075],[106.40551757800017,12.67968750000017],[106.40350341800013,12.676513672000112],[106.40228271500013,12.671875],[106.40148925800014,12.667114258000083],[106.40148925800014,12.661926270000038],[106.4016723630001,12.656494141000053],[106.40130615200007,12.651672363000102],[106.40032959000007,12.646728516000053],[106.3992919920002,12.642089844000111],[106.39788818400007,12.63812255900001],[106.39672851600005,12.634277344000111],[106.39569091800013,12.631530762000068],[106.39392089800009,12.627319336000085],[106.39190673800005,12.622680663999972],[106.39068603500004,12.619873047000112],[106.38928222700002,12.616882324000017],[106.38751220700016,12.61267089800009],[106.38531494100005,12.608093262000068],[106.38330078100006,12.60327148400006],[106.3817138670002,12.599670410000044],[106.38049316400014,12.596923828000115],[106.37890625000011,12.593078613000046],[106.37768554700011,12.590270996000186],[106.37670898400006,12.587524414000143],[106.3753051760001,12.58447265600006],[106.3739013670002,12.581298828000172],[106.37207031200012,12.577514648000033],[106.37030029300013,12.572692871000129],[106.3687133790001,12.568908691000047],[106.3673095700002,12.565673828000172],[106.3660888670002,12.562500000000114],[106.36492919900019,12.559692383000083],[106.3638916020002,12.556274414000143],[106.36291503900014,12.553283691000047],[106.3621215820001,12.55010986300016],[106.36151123000008,12.546875000000114],[106.3609008790001,12.54290771500007],[106.3594970700002,12.536682129000098],[106.35888671900005,12.532470703000172],[106.359130859,12.528686523000033],[106.36132812500011,12.524902344],[106.36328125000017,12.521484375000114],[106.36651611300005,12.51812744100016],[106.37072753900014,12.514282226999967],[106.37469482400019,12.51190185500002],[106.37847900400016,12.509277344000054],[106.38250732400019,12.507690430000025],[106.38787841800018,12.505676270000151],[106.39251709000007,12.50408935500002],[106.39569091800013,12.50311279300007],[106.49731445300006,12.438903809000124],[106.50189209000018,12.437927246000072],[106.5056762700001,12.439514160000101],[106.50927734400017,12.439086914000086],[106.51269531200018,12.43768310500019],[106.5156860350001,12.43768310500019],[106.5198974610002,12.435485840000183],[106.52270507800006,12.43328857400013],[106.52392578100006,12.429687500000057],[106.52508544900013,12.42651367200017],[106.52728271500018,12.424499512000125],[106.53167724600007,12.421508789000029],[106.53631591800018,12.41870117200017],[106.54010009800015,12.417724609000118],[106.54449462900004,12.417480469000168],[106.54730224600007,12.415893555000139],[106.5488891600001,12.413085937000176],[106.55291748000019,12.411499023000147],[106.55651855500014,12.409484863000102],[106.56011962900004,12.409484863000102],[106.56372070300006,12.408325195000089],[106.56829834000018,12.404296875000057],[106.5701293950001,12.40112304700017],[106.57092285200008,12.396484375000057],[106.57391357400013,12.38928222700008],[106.57647705100004,12.382080078000058],[106.57928466800007,12.375671387000125],[106.58190918000014,12.370727539000029],[106.58447265600017,12.36328125],[106.58612060500019,12.35791015600006],[106.58831787100007,12.35009765600006],[106.59069824200014,12.343688965000126],[106.59271240200013,12.33850097700008],[106.59509277300003,12.334106445000089],[106.59710693400012,12.329711913999972],[106.59967041000016,12.324890137000125],[106.60272216800007,12.319885254000155],[106.60491943400012,12.317687988000046],[106.60827636700014,12.314514159999987],[106.61352539100017,12.313110352000024],[106.61853027299998,12.311523437000119],[106.62127685500008,12.309875488000102],[106.624511719,12.307678223000096],[106.62811279300007,12.305908203000172],[106.63330078100017,12.305480956999986],[106.63952636700014,12.305480956999986],[106.6453247070001,12.303710937000119],[106.648681641,12.300903320000032],[106.65130615200019,12.299072266000053],[106.65472412100013,12.298278809000067],[106.659912109,12.298095703],[106.66387939499998,12.297485352000024],[106.6668701170002,12.296508788999972],[106.67028808600008,12.294921875000114],[106.6737060550002,12.293273926000097],[106.67767334000013,12.291687012000068],[106.68188476600005,12.290527344000054],[106.68627929700011,12.290527344000054],[106.68951416000016,12.290283203],[106.69329834000007,12.28967285200008],[106.69708252000004,12.289306641000053],[106.700927734,12.288330078000172],[106.7036743160001,12.287719727000024],[106.70751953100017,12.286071777000075],[106.71087646500013,12.283874512000068],[106.71411132800017,12.281494141000053],[106.71807861300005,12.277893066000104],[106.72247314500004,12.274719238000046],[106.72631835900006,12.273315430000025],[106.7291259770002,12.272521973000039],[106.73211669900019,12.272888184000067],[106.73651123000008,12.271118164000143],[106.74011230500008,12.268920898000033],[106.74353027300009,12.26647949200003],[106.7467041020002,12.264282227000024],[106.74829101600005,12.260925293000128],[106.7503051760001,12.256530762000011],[106.75372314500004,12.254272461000141],[106.75653076200007,12.252319336000085],[106.75927734400011,12.250122070000032],[106.7623291020002,12.249511719000054],[106.76428222700008,12.24548339800009],[106.76507568400007,12.240478516000053],[106.76672363300008,12.236877441000047],[106.76812744100005,12.233520508000026],[106.77032470700016,12.231323242000144],[106.77368164100011,12.228881836000141],[106.77587890600006,12.226318359],[106.77807617200017,12.223327637000182],[106.78112793000008,12.219726562000062],[106.78509521500013,12.215087891],[106.78692627000004,12.21069335900006],[106.7888793950001,12.20648193400018],[106.79290771500013,12.20288085900006],[106.79608154300018,12.199096680000025],[106.79870605500008,12.194885254000098],[106.8013305660001,12.191284180000025],[106.80151367200011,12.187072754000098],[106.80029296900011,12.18389892600004],[106.796875,12.179504395000151],[106.79589843700012,12.174316406000116],[106.79711914100005,12.170288086000085],[106.7977294920002,12.167480469000054],[106.79907226600011,12.164672851999967],[106.79809570300006,12.158874512000011],[106.7952880860002,12.155883789000086],[106.79327392600015,12.15350341800007],[106.79388427700013,12.14971923800016],[106.79589843700012,12.146301270000151],[106.79730224600019,12.14190673800016],[106.79748535200008,12.138122559000124],[106.79870605500008,12.134521484000174],[106.796875,12.130310059000124],[106.79571533200016,12.126098633000026],[106.79370117200017,12.120910645000095],[106.79107666000004,12.116516113000102],[106.79150390600006,12.111694336000028],[106.7935180660001,12.10852050799997],[106.79388427700013,12.104919434000124],[106.79547119100016,12.100280762000182],[106.79827880900007,12.094726562000176],[106.79949951200012,12.089721680000139],[106.79931640600006,12.085083008000026],[106.79449462900016,12.082519531000116],[106.79187011700009,12.08032226600011],[106.79028320300006,12.076477050999983],[106.78692627000004,12.076110840000183],[106.78491210900006,12.073120117000087],[106.78192138700007,12.072082520000095],[106.7808837890002,12.069091797],[106.78131103500004,12.065490723000153],[106.77850341800018,12.061706543000184],[106.77551269500009,12.059082031000116],[106.77410888700007,12.056518555000082],[106.77148437500017,12.053527831999986],[106.76867675800014,12.04931640600006],[106.76849365200007,12.045288086000028],[106.76550293000008,12.042297363000102],[106.76190185500013,12.040527344000111],[106.76110839800009,12.03771972700008],[106.7603149410001,12.034484863000102],[106.7581176760001,12.032470703000058],[106.75927734400011,12.02990722700008],[106.75610351600005,12.028503418000184],[106.75427246100014,12.02392578100006],[106.75067138700012,12.021728516000053],[106.74731445300017,12.020874023000147],[106.74688720700016,12.017089844000111],[106.7476806640002,12.012695312000119],[106.74627685500013,12.008117676000097],[106.74487304700017,12.005126953],[106.74432373000008,12.001708984000118],[106.74029541000004,12.00048828100006],[106.73950195300017,11.997680664000029],[106.73828125000017,11.994506836000141],[106.7359008790001,11.992492676000097],[106.73492431600005,11.989501953],[106.73272705100004,11.986083984000118],[106.72949218700012,11.98413085900006],[106.72692871100008,11.981689453000058],[106.72552490200002,11.97851562500017],[106.72247314500004,11.975524902000075],[106.72070312500011,11.97070312500017],[106.7156982420002,11.971923828000172],[106.71331787100013,11.969726562000119],[106.71069335900006,11.96850585900006],[106.70751953100017,11.968078613000102],[106.7036743160001,11.96789550800014],[106.69909668000003,11.968688965000126],[106.69512939500015,11.964721680000082],[106.69030761700014,11.964294434000067],[106.68688964800009,11.965270996000015],[106.6837158200002,11.965270996000015],[106.68127441400014,11.96850585900006],[106.67791748000008,11.972900391000053],[106.67572021500007,11.977722168000128],[106.67047119100005,11.97790527300009],[106.66729736299999,11.980895996000186],[106.66430664100017,11.983886719000111],[106.66070556600005,11.986511230000133],[106.65771484400005,11.987670898000147],[106.65472412100013,11.989074707000043],[106.65307617200011,11.98571777300009],[106.65167236300005,11.982299805000082],[106.64990234400005,11.979675293000184],[106.65148925800008,11.97631835900006],[106.65393066400009,11.973327637000068],[106.65728759800004,11.97009277300009],[106.65972900400004,11.966918945000032],[106.65728759800004,11.965087891000053],[106.65429687500011,11.964477539000029],[106.65112304700006,11.965515137000068],[106.64727783200016,11.964721680000082],[106.6441040040001,11.96789550800014],[106.64190673800016,11.97070312500017],[106.6427001950002,11.974121094000054],[106.63909912100013,11.973327637000068],[106.63592529300007,11.968322754000098],[106.635314941,11.965087891000053],[106.63470459000007,11.961914062000119],[106.63110351600017,11.962097168000128],[106.63012695300012,11.965087891000053],[106.6309204100001,11.968078613000102],[106.63031005900018,11.971313477000024],[106.62567138700007,11.973693848000096],[106.62072753900009,11.973876953000058],[106.60272216800007,11.972900391000053],[106.5850830080002,11.971923828000172],[106.55731201200012,11.970275879000155],[106.52990722700008,11.969726562000119],[106.53167724600007,11.97351074200003],[106.53631591800018,11.974914551000097],[106.53247070300012,11.978088379000155],[106.5289306640002,11.977478027000075],[106.52508544900013,11.978698730000133],[106.52270507800006,11.980285645000038],[106.51928710900017,11.980895996000186],[106.51629638700012,11.980285645000038],[106.51092529300018,11.979492187000119],[106.50592041000004,11.975891113000046],[106.50030517600015,11.973327637000068],[106.49810791000004,11.971313477000024],[106.4957275390002,11.969299316000104],[106.49212646500013,11.969116211000141],[106.48889160200008,11.970275879000155],[106.48608398400012,11.971679687000119],[106.48291015600006,11.972106934000067],[106.47912597700008,11.972290039000029],[106.47528076200012,11.972717284999987],[106.47113037100019,11.972900391000053],[106.46789550800014,11.975708008000083],[106.46667480500014,11.979492187000119],[106.4639282230001,11.983520508000083],[106.45928955100015,11.98571777300009],[106.45629882800006,11.987915038999972],[106.4534912110002,11.988525391000053],[106.44970703100006,11.986877441000104],[106.44647216800018,11.985900879000155],[106.4426879880001,11.986511230000133],[106.43988037100002,11.98413085900006],[106.43707275400016,11.98132324200003],[106.43347168000014,11.978088379000155],[106.43347168000014,11.973083496000015],[106.43029785200008,11.972290039000029],[106.42730712900016,11.972717284999987],[106.42407226600011,11.972473145000038],[106.42071533200016,11.971923828000172],[106.41772460900006,11.973327637000068],[106.41387939500004,11.97351074200003],[106.41107177700007,11.97509765600006],[106.40771484400005,11.97631835900006],[106.40350341800013,11.977294922000112],[106.39971923800005,11.977294922000112],[106.39788818400007,11.973083496000015],[106.39331054700011,11.971130371000186],[106.39093017600004,11.96789550800014],[106.38830566400014,11.966308594000111],[106.38531494100005,11.963684081999986],[106.38452148400006,11.959289551000097],[106.3817138670002,11.957092285000044],[106.37890625000011,11.955322266000053],[106.3753051760001,11.95452880900001],[106.37207031200012,11.952880859000118],[106.36828613300008,11.951293945000089],[106.36547851600005,11.953674316000104],[106.36291503900014,11.954895020000038],[106.36029052700007,11.953491211000141],[106.35668945300017,11.952087402000075],[106.35351562500011,11.949890137000068],[106.35028076200007,11.951904297000112],[106.34729003900014,11.954284668000184],[106.34271240200019,11.955871581999986],[106.33911132800017,11.957702637000068],[106.33331298799999,11.959716797000112],[106.33007812500011,11.96032714800009],[106.32672119100005,11.96069335900006],[106.32232666000016,11.96228027300009],[106.31787109400005,11.96228027300009],[106.3132934570001,11.963928223000039],[106.30810546900005,11.963684081999986],[106.3035278320001,11.96289062500017],[106.2987060550002,11.961486816000104],[106.29547119100005,11.95892334000007],[106.29168701200001,11.95892334000007],[106.28833007800012,11.95788574200003],[106.28588867200006,11.960510254000098],[106.28247070300017,11.958496094000111],[106.28088378900014,11.95507812500017],[106.27709960900017,11.956298828],[106.27429199200014,11.954711913999972],[106.269287109,11.95507812500017],[106.26391601600017,11.954284668000184],[106.2589111330002,11.955688477000024],[106.2559204100001,11.953674316000104],[106.25311279300007,11.954284668000184],[106.2493286130001,11.956481934000067],[106.24670410200014,11.958496094000111],[106.24230957000015,11.959289551000097],[106.24047851600017,11.963500977000024],[106.23608398400017,11.965881348000096],[106.23327636700014,11.963317871000186],[106.23089599600007,11.96032714800009],[106.22790527299998,11.958679199000073],[106.22509765600012,11.957519531],[106.22113037100007,11.958129883000083],[106.21868896500001,11.96228027300009],[106.21472168000014,11.963928223000039],[106.21112060500019,11.964904785000044],[106.20672607400007,11.966125488000046],[106.203125,11.96569824200003],[106.19970703100012,11.965087891000053],[106.1992797850001,11.96850585900006],[106.19647216800007,11.967712402000075],[106.1951293950001,11.964721680000082],[106.19171142600015,11.962524414000143],[106.188476562,11.961120605000076],[106.18652343700018,11.956726074000187],[106.18310546900017,11.954284668000184],[106.17968750000006,11.953125000000114],[106.17651367200017,11.956115723000039],[106.17370605500014,11.96032714800009],[106.17547607400013,11.963684081999986],[106.17230224600007,11.96569824200003],[106.16711425800014,11.966674805000082],[106.16888427700013,11.969726562000119],[106.171875,11.969299316000104],[106.17407226600017,11.971313477000024],[106.17449951200012,11.975524902000075],[106.17407226600017,11.978698730000133],[106.17150878900003,11.981689453000058],[106.17089843700018,11.986083984000118],[106.17071533200004,11.989074707000043],[106.17089843700018,11.992492676000097],[106.17150878900003,11.99670410200008],[106.1751098630001,11.99829101600011],[106.17590332000015,12.002929687000119],[106.17968750000006,12.005493164000029],[106.18109130900012,12.010314941000104],[106.17987060500019,12.015319824000073],[106.17669677700013,12.016906738000102],[106.17968750000006,12.019287109000118],[106.17907714799998,12.02392578100006],[106.17608642600015,12.027526855000133],[106.17230224600007,12.030517578000058],[106.17272949200009,12.034912109000118],[106.16967773400017,12.036926270000038],[106.16571044900007,12.038085937000176],[106.1624755860002,12.04211425800014],[106.15771484400011,12.040710449000073],[106.15588378900009,12.04492187500017],[106.1541137700001,12.048278809000124],[106.15032959000013,12.048706055000139],[106.14831543000008,12.051696777000132],[106.14672851600005,12.054321289000029],[106.14331054700017,12.052124023000147],[106.13989257800006,12.04907226600011],[106.13671875000017,12.05187988299997],[106.13629150399998,12.048278809000124],[106.13330078100006,12.046081543000014],[106.13269043000014,12.04992675800014],[106.1328735350001,12.052917480000133],[106.13110351600011,12.055908203000058],[106.12872314500004,12.054321289000029],[106.12670898400012,12.05688476600011],[106.12292480500008,12.05529785200008],[106.12011718700012,12.05712890600006],[106.12152099600019,12.060729980000133],[106.11810302700007,12.062316895000095],[106.11712646500013,12.065124512000125],[106.11791992200011,12.067871094000168],[106.11547851600011,12.07049560500019],[106.11309814500004,12.072875977000137],[106.11132812500017,12.07531738300014],[106.1077270510001,12.073486328000058],[106.10467529300018,12.074890137000125],[106.10028076200012,12.074890137000125],[106.09588623000013,12.072082520000095],[106.0942993160001,12.074890137000125],[106.09069824200003,12.073486328000058],[106.08673095700016,12.074523926000154],[106.08630371100014,12.071289062000176],[106.08392334000013,12.069702148000147],[106.08032226600005,12.069519043000184],[106.07727050800014,12.070129395000038],[106.07391357400002,12.07250976600011],[106.07489013700012,12.077087402000132],[106.07592773400006,12.081481934000124],[106.07171630900007,12.082092285000101],[106.0689086910001,12.080078125000057],[106.06329345700016,12.081481934000124],[106.05908203100006,12.082519531000116],[106.05969238300014,12.085327148000147],[106.057128906,12.08648681600016],[106.05310058600014,12.085083008000026],[106.05133056600005,12.081909180000139],[106.04852294900019,12.081115723000096],[106.04492187500011,12.082519531000116],[106.04687500000017,12.085876465000013],[106.04949951200007,12.089477539000086],[106.04632568400018,12.091674804999968],[106.04351806600005,12.092895508000026],[106.04168701200007,12.096679687],[106.04351806600005,12.100280762000182],[106.04669189500004,12.099670410000101],[106.04888916000004,12.101928711000028],[106.0496826170002,12.106689453000115],[106.05352783200016,12.108093262000182],[106.057128906,12.110107422],[106.05932617200011,12.112670898000033],[106.05969238300014,12.117126465000183],[106.05572509800004,12.120483398000033],[106.05590820300017,12.123718262000125],[106.05950927700007,12.124328613000102],[106.0598754880001,12.127929687000176],[106.05908203100006,12.131896973000153],[106.05548095699999,12.13409423800016],[106.05133056600005,12.135681152000188],[106.04992675800008,12.139892578000115],[106.04809570300017,12.144897461000085],[106.04388427700007,12.146118164000086],[106.04492187500011,12.14971923800016],[106.04510498000008,12.153076172000056],[106.04467773400012,12.156311035000101],[106.0413208010001,12.154907227000137],[106.03967285200008,12.151306152000188],[106.03491210900006,12.14971923800016],[106.03009033200016,12.147521973000153],[106.02728271500013,12.148315429999968],[106.0244750980001,12.1472778320001],[106.02148437500017,12.149108887000182],[106.01751709000007,12.1472778320001],[106.01629638700007,12.15008544900013],[106.01831054700011,12.1550903320001],[106.01831054700011,12.158874512000011],[106.01892089800003,12.161682129000098],[106.01593017600004,12.163696289000086],[106.01312255900018,12.16571044900013],[106.01348877000004,12.168884277000188],[106.00952148400006,12.172912598000153],[106.00732421900005,12.17608642600004],[106.01068115200007,12.17889404300007],[106.00891113300008,12.182678223000039],[106.00427246100014,12.184082031000173],[106.0001220700002,12.184509277000188],[105.99591064500015,12.185302734],[105.99310302700002,12.183288574000187],[105.99072265600017,12.186523437],[105.98651123000008,12.188110352000137],[105.98529052700002,12.191284180000025],[105.98907470700016,12.193725586000085],[105.99047851600005,12.190490723000039],[105.99353027300003,12.190673828000172],[105.99328613300008,12.193908691000047],[105.99310302700002,12.19708251999998],[105.99468994100005,12.19952392600004],[105.99310302700002,12.201904297000056],[105.9901123050002,12.202697754000098],[105.98669433600008,12.202697754000098],[105.9844970700002,12.200073241999974],[105.9832763670002,12.203674316000047],[105.9793090820001,12.204711914000086],[105.97369384800004,12.201293945000032],[105.97192382800012,12.19671630900018],[105.96612548800016,12.19671630900018],[105.96069335900006,12.196289062000062],[105.95727539100005,12.197692871000129],[105.95489502000015,12.200927734000174],[105.951721191,12.199096680000025],[105.94750976600017,12.197875977000024],[105.94427490200002,12.199890137000011],[105.94427490200002,12.204101562000062],[105.94512939500015,12.207092285000158],[105.94207763700007,12.209472656],[105.94049072300004,12.212524414000086],[105.93670654300007,12.214111328000115],[105.93328857400019,12.213073730000076],[105.9315185550002,12.216491699000187],[105.92987060500008,12.220275879000098],[105.92633056600016,12.217529297000056],[105.92248535200014,12.215881348000039],[105.91870117200006,12.215515137000011],[105.9158935550002,12.21429443400018],[105.9141235350001,12.216491699000187],[105.91009521500007,12.21868896500007],[105.90911865200013,12.214477539000143],[105.90551757800012,12.214721680000025],[105.901123047,12.213317871000129],[105.8972778320001,12.212097168000128],[105.89349365200019,12.21087646500007],[105.88970947300015,12.212524414000086],[105.88610839799998,12.213500976999967],[105.88311767600015,12.213073730000076],[105.88031005900012,12.215881348000039],[105.87707519500015,12.217895508000083],[105.8731079100001,12.215698241999974],[105.8695068360002,12.217529297000056],[105.86730957000015,12.219726562000062],[105.86468505900012,12.221923828000115],[105.86071777300015,12.219299316000047],[105.85931396500018,12.213073730000076],[105.85510253900009,12.20892334000007],[105.85388183600003,12.205871582000157],[105.8519287110002,12.20330810500002],[105.8477172850001,12.204711914000086],[105.84252929700017,12.204895020000151],[105.84228515600012,12.20831298800016],[105.8411254880001,12.212524414000086],[105.83831787100007,12.216918944999975],[105.83691406200018,12.220703125000114],[105.8377075200001,12.22491455100004],[105.83807373000019,12.227905273000033],[105.83728027299998,12.231079102000024],[105.83471679700017,12.232910156000173],[105.83410644500015,12.236877441000047],[105.83129882800006,12.23968505900001],[105.83007812500006,12.243530273000033],[105.83068847700014,12.24749755900001],[105.8311157230001,12.252075195000032],[105.8311157230001,12.256896973000039],[105.8284912110002,12.25811767600004],[105.82470703100012,12.258483887000068],[105.82110595700004,12.258911133000083],[105.81689453100012,12.259887695000032],[105.8123168950001,12.259887695000032],[105.80889892600015,12.259887695000032],[105.8057250980001,12.259887695000032],[105.80108642600015,12.25970459000007],[105.79608154300001,12.259094238000046],[105.79168701200012,12.258728027000188],[105.78710937500017,12.258728027000188],[105.78192138700012,12.258728027000188],[105.7778930660001,12.259094238000046],[105.77508544900007,12.25970459000007],[105.7711181640002,12.259887695000032],[105.76489257800006,12.257873535000044],[105.76007080100015,12.257690430000082],[105.75653076200007,12.257873535000044],[105.75231933600014,12.258483887000068],[105.74548339800015,12.258911133000083],[105.73992919900019,12.260498047000112],[105.73547363300014,12.263305664000143],[105.73052978499999,12.266113281],[105.72467041000004,12.269470215000126],[105.72113037100019,12.274475098000096],[105.72113037100019,12.277526855000076],[105.72552490200007,12.27911376999998],[105.72827148400012,12.279907227000024],[105.73327636700009,12.282287598000039],[105.73651123000013,12.285278320000089],[105.74011230500008,12.286682129000155],[105.74530029300018,12.288085937000119],[105.74511718700012,12.29150390600006],[105.74450683600014,12.294677734000118],[105.74188232400007,12.298522949000187],[105.7424926760001,12.301330566000047],[105.74652099600019,12.303710937000119],[105.74969482400007,12.30468750000017],[105.75311279300018,12.305908203000172],[105.75592041000004,12.309875488000102],[105.75927734400011,12.312683105000133],[105.76367187500006,12.311523437000119],[105.76708984400011,12.313476562000119],[105.77050781200012,12.315673828000058],[105.77209472700008,12.320129395000038],[105.77331543000008,12.323730469000054],[105.77429199200009,12.327697754000155],[105.77490234400011,12.331115723000039],[105.77587890600012,12.336303711000141],[105.77587890600012,12.339294434000067],[105.77587890600012,12.342712402000075],[105.77569580100015,12.345886230000133],[105.77551269500009,12.35131835900006],[105.77508544900007,12.354919434000067],[105.77490234400011,12.358276367000087],[105.77471923800005,12.361511230000133],[105.77429199200009,12.36547851600011],[105.77368164100011,12.369506835999971],[105.77331543000008,12.37329101600011],[105.77270507800006,12.376708984000118],[105.77191162100019,12.381530762000068],[105.7711181640002,12.386291503999985],[105.77032470700016,12.391479492000087],[105.76928710900012,12.396728516000053],[105.76831054700017,12.40148925799997],[105.76727294900007,12.405517578000058],[105.7659301760001,12.409912109000118],[105.76489257800006,12.413330078000058],[105.76269531200012,12.418884277000132],[105.76190185500013,12.423706055000139],[105.76092529300013,12.42651367200017],[105.75970459000013,12.429687500000057],[105.7581176760001,12.434692383000026],[105.7567138670002,12.439086914000086],[105.75531005900007,12.443725586000028],[105.75390625000017,12.448120117000087],[105.7525024410001,12.45147705100004],[105.7512817380001,12.455505371000072],[105.74987793000014,12.459472656000173],[105.74847412100007,12.462707520000095],[105.747314453,12.465698242000087],[105.7446899410001,12.468872069999975],[105.74230957000009,12.471313477000137],[105.73992919900019,12.474670410000158],[105.73870849600019,12.477905272999976],[105.73748779300018,12.481689453000115],[105.73608398400012,12.485900879000042],[105.7349243160001,12.489501953000115],[105.73413085900006,12.492675781000173],[105.73431396500013,12.497314453000115],[105.73352050800008,12.50128173800016],[105.73352050800008,12.505310059000124],[105.73327636700009,12.508300781000173],[105.73327636700009,12.512329102000137],[105.73291015600006,12.518676758000083],[105.73107910200008,12.522094726999967],[105.73089599600019,12.525329590000013],[105.73071289100005,12.529113770000151],[105.73071289100005,12.532470703000172],[105.73052978499999,12.535888672000056],[105.73071289100005,12.539489746000129],[105.7301025390002,12.543518066],[105.72949218700012,12.547119141000167],[105.72827148400012,12.551513672000056],[105.72668457000009,12.554687500000114],[105.72528076200012,12.557495116999974],[105.72412109400005,12.56048584000007],[105.72308349600019,12.56390380900018],[105.72247314500004,12.567077637000068],[105.72210693400007,12.571899414000143],[105.7222900390002,12.576721191000047],[105.72192382800017,12.58148193400001],[105.72088623000013,12.584289551000097],[105.71948242200017,12.586914062000062],[105.7180786130001,12.591674805000082],[105.71752929700011,12.595275879000098],[105.71728515600006,12.598327637000011],[105.71752929700011,12.603515625000114],[105.71752929700011,12.606872559000067],[105.71789550800014,12.612304687000062],[105.71789550800014,12.616516113000046],[105.7183227540001,12.619506836000141],[105.71948242200017,12.622924805000025],[105.7213134770002,12.626281738000046],[105.7222900390002,12.629272461000141],[105.72271728499999,12.633117676000097],[105.72271728499999,12.63812255900001],[105.7222900390002,12.64147949200003],[105.72149658200016,12.646118164000143],[105.72052002000004,12.652526855000076],[105.7192993160001,12.65710449200003],[105.71868896500013,12.660522461000141],[105.71789550800014,12.664306641000053],[105.7156982420002,12.670104980000133],[105.71411132800017,12.672912598000039],[105.71209716800013,12.67687988300014],[105.71191406200012,12.68029785200008],[105.71209716800013,12.683715820000089],[105.71228027300009,12.687683105000133],[105.71228027300009,12.692321777000075],[105.70989990200007,12.696289062000119],[105.70709228500004,12.699279785000044],[105.70489502000004,12.702087402000132],[105.70251464800009,12.704711914000029],[105.70050048800005,12.706909180000082],[105.69787597700008,12.71008300800014],[105.69647216800018,12.713684082000043],[105.69549560500008,12.717529297000112],[105.69207763700007,12.721679687000176],[105.69250488300008,12.726074219000168],[105.69189453100006,12.730102539000029],[105.6917114260001,12.73352050800014],[105.69329834000013,12.737487793000014],[105.69567871100014,12.741516113000102],[105.69732666000016,12.746520996000015],[105.69488525400016,12.75109863299997],[105.69128418000008,12.755310059000067],[105.68951416000016,12.75891113300014],[105.68829345700016,12.761901855000133],[105.68731689499998,12.764892578000058],[105.68670654300013,12.768676758000026],[105.68530273400006,12.773315430000139],[105.6812744140002,12.775329590000126],[105.67651367200011,12.77947998000019],[105.67889404300013,12.787475586000028],[105.67889404300013,12.790527344000111],[105.6802978520002,12.79327392600004],[105.6802978520002,12.797302246000072],[105.68011474600013,12.800720215000183],[105.67968750000017,12.806884766000167],[105.68432617200011,12.810729980000133],[105.68170165999999,12.816894531000116],[105.67950439500004,12.819274902000188],[105.6759033200002,12.821899414000086],[105.67388915999999,12.825317383000026],[105.67187500000017,12.827697754000042],[105.67150878900014,12.831115723000153],[105.67407226600005,12.835083008000026],[105.6773071290001,12.837524414000086],[105.68090820300017,12.841125488000102],[105.68328857400002,12.844299316],[105.68487548800005,12.847473145000151],[105.6860961910001,12.850708008000026],[105.68750000000017,12.855895996000129],[105.6890869140002,12.860290527000188],[105.69012451200007,12.865722656000116],[105.68847656200012,12.869506836000085],[105.68707275400016,12.873901367000144],[105.6860961910001,12.878479004000098],[105.68450927700007,12.882080078000172],[105.6824951170002,12.886291504000098],[105.67767334000013,12.896301270000151],[105.6746826170002,12.898315430000025],[105.66387939500004,12.90228271500007],[105.66149902300009,12.903930664000086],[105.65948486300005,12.908081055000025],[105.65649414100005,12.916503906000173],[105.65527343700012,12.9207153320001],[105.6561279300002,12.924926758000026],[105.65887451200007,12.926696777000018],[105.66131591800013,12.928710937000062],[105.66931152300009,12.932678223000039],[105.67108154300013,12.935913086000085],[105.6724853520002,12.940124512000011],[105.6759033200002,12.946472168000128],[105.6773071290001,12.949890137000068],[105.67810058600014,12.953125000000114],[105.67687988300008,12.956298828000172],[105.67187500000017,12.95947265600006],[105.66809082000003,12.963500977000024],[105.66430664100005,12.967895508000083],[105.6616821290001,12.969726562000062],[105.65728759800004,12.97009277300009],[105.65368652300009,12.971923828000172],[105.65008544900019,12.973083496000186],[105.64770507800017,12.975280762000068],[105.64587402300009,12.977478027000075],[105.64367675800008,12.980285645000038],[105.64251709000007,12.98431396500007],[105.64312744100005,12.987487793000128],[105.64489746100008,12.990478516000053],[105.64672851600017,12.99389648400006],[105.64892578100017,12.997680664000029],[105.64990234400005,13.003112793000128],[105.64947509800004,13.00671386700003],[105.64807128900014,13.009887695000089],[105.64672851600017,13.01312255900001],[105.64508056600005,13.017700195000089],[105.64428710900006,13.02148437500017],[105.64349365200002,13.02429199200003],[105.6427001950002,13.027709961000141],[105.64172363300003,13.031311035000044],[105.64031982400019,13.03491210900006],[105.6392822270002,13.038085937000119],[105.63830566400014,13.040893555000082],[105.63708496100014,13.043884277000132],[105.63568115200007,13.04748535200008],[105.63427734400005,13.052307129000155],[105.63171386700014,13.058471680000139],[105.63348388700007,13.063293457000043],[105.63610839800003,13.066711426000097],[105.63690185500008,13.069519043000184],[105.63732910200014,13.07287597700008],[105.63848876999998,13.076110840000126],[105.64031982400019,13.079284668000014],[105.64093017600004,13.084289551000154],[105.64251709000007,13.08850097700008],[105.64447021500013,13.092285156000116],[105.64611816400014,13.096923828000058],[105.64672851600017,13.10070800800014],[105.64788818400001,13.105102539000029],[105.64788818400001,13.108703613000102],[105.6470947270002,13.113281250000057],[105.6441040040001,13.115905762000125],[105.6414794920002,13.117492676000154],[105.63952636700014,13.11968994100016],[105.63891601600017,13.122497559000124],[105.63812255900018,13.125671387000182],[105.63647460900006,13.128723145000095],[105.63311767600004,13.130920410000044],[105.62927246100014,13.131713867000087],[105.62609863300008,13.13391113299997],[105.62310791000016,13.135498047],[105.62091064500015,13.137695312000176],[105.61712646500007,13.139892578000115],[105.61352539100017,13.142517090000183],[105.61267089800009,13.146301270000095],[105.6109008790001,13.149719238000102],[105.60809326200001,13.15112304700017],[105.60491943400018,13.152526855000133],[105.60369873000008,13.155517578000058],[105.60247802700002,13.159118652000132],[105.6016845700002,13.163085937],[105.6016845700002,13.167480469],[105.60150146500007,13.172485352000137],[105.60028076200007,13.178710937],[105.59887695300017,13.183715820000145],[105.5977172850001,13.187927246000072],[105.59613037100007,13.191711425999983],[105.59448242200006,13.195922852000137],[105.59252929700006,13.200317383000026],[105.59088134800004,13.203491211000085],[105.58911132800012,13.207275391],[105.58770752000015,13.212524414000086],[105.58728027300003,13.21649169900013],[105.58770752000015,13.220520020000151],[105.58789062500011,13.22430419900013],[105.58850097700014,13.227111816],[105.58929443400018,13.230102539000086],[105.59368896500007,13.230712891000167],[105.59808349600013,13.230712891000167],[105.60211181600005,13.230712891000167],[105.6085205080002,13.229125977000137],[105.61267089800009,13.225524902000188],[105.6151123050002,13.222900391000167],[105.617675781,13.221130371000072],[105.62109375000011,13.21990966800007],[105.62469482400019,13.21868896500007],[105.62792968700006,13.218078612999989],[105.63128662100013,13.217285156000173],[105.63470459000007,13.21649169900013],[105.63891601600017,13.215698242000144],[105.64190673799999,13.214721679999968],[105.64587402300009,13.213317871000072],[105.64990234400005,13.211914062],[105.65350341800013,13.209472656000173],[105.65667724600019,13.207702637000182],[105.65930175800008,13.20648193400018],[105.66247558600014,13.205688476999967],[105.66552734400005,13.205505371000129],[105.66931152300009,13.205688476999967],[105.67230224600019,13.206115723000153],[105.67547607400002,13.20648193400018],[105.67932128900014,13.207092285000158],[105.68310546900005,13.207275391],[105.68627929700011,13.207702637000182],[105.690673828,13.207519531000116],[105.69512939499998,13.20648193400018],[105.69787597700008,13.205078125000114],[105.70068359400011,13.2039184570001],[105.70391845700016,13.202514648000033],[105.70672607400019,13.200927734000174],[105.71032714800009,13.19891357400013],[105.71307373000013,13.197326660000101],[105.71612548800005,13.195678711000085],[105.71911621100014,13.194091797000056],[105.72167968700012,13.192504883000026],[105.7249145510001,13.190673828000115],[105.72772216800013,13.189086914000086],[105.7313232420002,13.187072754000098],[105.73510742200011,13.185119629000042],[105.7424926760001,13.18328857400013],[105.74627685500013,13.180297852000137],[105.74890136700003,13.178527832000043],[105.75170898400012,13.17608642600004],[105.75207519500009,13.172729492000087],[105.75408935500013,13.169311522999976],[105.75750732400007,13.166503906000116],[105.76007080100015,13.165100098000153],[105.7647094730001,13.161926270000095],[105.7711181640002,13.157287598000153],[105.7844848630001,13.147521973000096],[105.78912353500004,13.145507812000176],[105.79187011700009,13.142700195000145],[105.7935180660001,13.139282227000137],[105.7952880860002,13.136291504000042],[105.7979125980001,13.134277344000168],[105.80108642600015,13.132324219000111],[105.8043212890002,13.131286621000072],[105.80712890600006,13.129699707000043],[105.8109130860002,13.127929687000176],[105.81469726600011,13.128112793000014],[105.81787109400017,13.128112793000014],[105.82147216800007,13.126708984000118],[105.8272705080002,13.125671387000182],[105.83190918000014,13.123718262000125],[105.83532714800015,13.12329101600011],[105.83807373000019,13.121887207000043],[105.84069824200009,13.120300293000014],[105.84332275399998,13.119079590000183],[105.84692382800006,13.117492676000154],[105.84991455100015,13.116516113000102],[105.85290527300015,13.114929199000073],[105.85729980500014,13.114074707000043],[105.86352539100011,13.114074707000043],[105.86627197300015,13.115112305000139],[105.86791992200017,13.117675781000116],[105.87207031200006,13.116088867000087],[105.87567138700018,13.11688232400013],[105.87811279300007,13.118896484000118],[105.88067627000015,13.120727539000029],[105.88470459000018,13.120910645000095],[105.88732910200008,13.12329101600011],[105.88989257800012,13.124877929999968],[105.89312744100016,13.127319336000028],[105.89630127000015,13.128479004000042],[105.89770507800012,13.131286621000072],[105.90130615200019,13.133300781000116],[105.90527343700006,13.13690185500019],[105.90911865200013,13.13732910200008],[105.9129028320001,13.136108398000147],[105.91632080099998,13.138122559000124],[105.91992187500006,13.139709473000153],[105.9237060550002,13.140319824000073],[105.92767334000007,13.141113281000116],[105.92950439500015,13.143676758000026],[105.93212890600012,13.145874023000033],[105.93548584000007,13.1472778320001],[105.93811035200014,13.149108887000125],[105.94207763700007,13.149902344000168],[105.94531250000011,13.152099609000174],[105.94427490200002,13.156494141000167],[105.94390869100005,13.15948486300016],[105.9461059570001,13.161499022999976],[105.94689941400014,13.165100098000153],[105.94830322299998,13.16851806600016],[105.951721191,13.170898437],[105.95410156200006,13.175292969],[105.95751953100017,13.179504395000095],[105.96069335900006,13.18548584000007],[105.96148681600005,13.190307617000144],[105.9635009770002,13.193115234000174],[105.96527099600019,13.196289062000062],[105.96551513700018,13.20050048800016],[105.96527099600019,13.2039184570001],[105.96447753900014,13.208496094],[105.96447753900014,13.213500977000137],[105.96447753900014,13.218505859000174],[105.965087891,13.223083496000129],[105.96551513700018,13.226318359000174],[105.96752929700006,13.231689453000115],[105.97308349600013,13.230102539000086],[105.97851562500011,13.22869873000002],[105.98291015600017,13.227294922000056],[105.98632812500011,13.225524902000188],[105.98931884800004,13.223876953000172],[105.99407959000013,13.220703125000114],[105.99731445300017,13.218322754000042],[106.00067138700007,13.215881348000039],[106.00567627000004,13.215087891000167],[106.00970459000007,13.217712402000188],[106.01269531200012,13.21990966800007],[106.01507568400007,13.221923828000115],[106.01831054700011,13.223083496000129],[106.02252197300004,13.225891112999989],[106.0244750980001,13.230285645000151],[106.0256958010001,13.23370361300016],[106.0255126950002,13.238891601999967],[106.02612304700011,13.243286133000083],[106.0255126950002,13.247314453000115],[106.02392578100017,13.250915527000188],[106.0256958010001,13.255126953000115],[106.0255126950002,13.259094237999989],[106.02807617200011,13.262695312000062],[106.03051757800017,13.265686035000158],[106.03271484400005,13.26928710900006],[106.03369140600006,13.272705078000172],[106.03631591800013,13.27569580100004],[106.03930664100005,13.279479980000076],[106.04412841800013,13.282104491999974],[106.04730224600019,13.285888672000112],[106.04711914100005,13.289916991999974],[106.04888916000004,13.294311523000033],[106.05267334000013,13.296081543000128],[106.05590820300017,13.296081543000128],[106.05828857400007,13.297912598000039],[106.05908203100006,13.302124023000033],[106.05932617200011,13.306518555000025],[106.06188964800009,13.31030273400006],[106.0665283200002,13.31188964800009],[106.07012939500004,13.314514160000158],[106.07171630900007,13.318725586000085],[106.07348632800006,13.323913574000187],[106.07629394500009,13.327697754000098],[106.07769775400016,13.331298828000172],[106.081298828,13.33392334000007],[106.08508300800014,13.33569335900006],[106.08630371100014,13.339111328000172],[106.08587646500013,13.34228515600006],[106.08471679700011,13.345275879000155],[106.08288574200003,13.348327637000068],[106.08251953100006,13.35131835900006],[106.08587646500013,13.353698730000133],[106.09112548800005,13.355895996000186],[106.09387207000009,13.357116699000017],[106.09631347700002,13.358886719000111],[106.10009765600006,13.359924316000047],[106.10412597700002,13.363525391000053],[106.10711669900007,13.36389160200008],[106.10931396500013,13.36572265600006],[106.11328125,13.36608886700003],[106.11669921900011,13.367309570000089],[106.12170410200008,13.367309570000089],[106.12689209000018,13.365905762000068],[106.13092041000004,13.365905762000068],[106.1328735350001,13.369323730000076],[106.13592529300018,13.368713379000155],[106.14031982400007,13.367126465000126],[106.14410400400016,13.36608886700003],[106.1475219730001,13.365112305000082],[106.15148925800014,13.365112305000082],[106.15429687500006,13.365905762000068],[106.15747070300012,13.36828613300014],[106.16107177700013,13.367919922000112],[106.16448974600007,13.369506836000141],[106.16809082000015,13.368713379000155],[106.17248535200014,13.368103027000075],[106.1768798830002,13.367126465000126],[106.18048095700004,13.366516113000046],[106.18408203100012,13.367309570000089],[106.18792724600007,13.367492676000097],[106.19171142600015,13.366271973000096],[106.19451904300018,13.365112305000082],[106.1970825200001,13.363098145000038],[106.19989013700018,13.361877441000104],[106.20288085900017,13.36047363300014],[106.20788574200014,13.362487793000184],[106.21331787100007,13.361511230000076],[106.21771240200013,13.36047363300014],[106.22131347700014,13.360900879000155],[106.22552490200013,13.362670898000147],[106.23651123000019,13.367919922000112],[106.23889160200014,13.369689941000104],[106.23931884800015,13.374328613000046],[106.2390747070001,13.379272461000028],[106.23950195300012,13.38330078100006],[106.24108886700014,13.387878418000184],[106.24353027300015,13.390930176000097],[106.24548339800003,13.393493652000075],[106.2537231450001,13.392089844000111],[106.26007080100004,13.398071289000029],[106.26647949200014,13.405517578],[106.26971435500019,13.403930663999972],[106.27392578100012,13.403686523000147],[106.278320312,13.40307617200017],[106.28192138700018,13.401916504000155],[106.28509521500007,13.402526855000133],[106.28930664100017,13.40307617200017],[106.29229736300016,13.40148925800014],[106.29730224600013,13.400085449000073],[106.29931640600017,13.404113770000038],[106.30249023400006,13.40649414100011],[106.30627441400014,13.40710449200003],[106.30908203100017,13.405273437000176],[106.31250000000011,13.403686523000147],[106.31610107400019,13.402099609000118],[106.32128906200006,13.400695801000154],[106.32489013700007,13.400329590000126]]]}},{"type":"Feature","properties":{"adm1_name":"Mondul Kiri","adm1_name1":null,"adm1_name2":null,"adm1_name3":null,"adm1_pcode":"KH11","adm0_name":"Cambodia","adm0_name1":null,"adm0_name2":null,"adm0_name3":null,"adm0_pcode":"KH","valid_on":"2018-10-04","valid_to":null,"area_sqkm":13663.56895802,"version":"v01","lang":"en","lang1":null,"lang2":null,"lang3":null,"adm1_ref_name":"Mondul Kiri","center_lat":12.74029541,"center_lon":107.00952537},"geometry":{"type":"Polygon","coordinates":[[[106.52008056600016,13.351501465000126],[106.52429199200009,13.349304199000017],[106.52728271500018,13.349304199000017],[106.53051757800006,13.348876953000058],[106.53387451200018,13.348083496000186],[106.53869628900009,13.348876953000058],[106.54168701200018,13.349670410000044],[106.54510498000019,13.350708008000083],[106.54968261700014,13.350708008000083],[106.55328369100016,13.351074219000111],[106.55810546900017,13.350524902000075],[106.5609130860002,13.347473145000038],[106.56372070300006,13.344726562000062],[106.56652832000015,13.342102051000097],[106.56848144500015,13.339904784999987],[106.57067871100008,13.33789062500017],[106.57330322300015,13.334716797000112],[106.57751464799998,13.333129883000083],[106.58190918000014,13.332092285000044],[106.58551025400004,13.329895020000038],[106.58947753900009,13.32788085900006],[106.5928955080002,13.325500488000046],[106.59588623000002,13.323120116999974],[106.59851074200014,13.320922852000024],[106.60089111300016,13.319091797000112],[106.60449218700006,13.31970214800009],[106.60809326200018,13.322875977000024],[106.63372802700019,13.305480957000157],[106.665527344,13.28350830100004],[106.7117309570001,13.25189209000007],[106.71850585900006,13.247070312000062],[106.74591064500004,13.227478027000018],[106.77630615200007,13.199523925999983],[106.77929687500017,13.197875976999967],[106.78411865200007,13.197692871000129],[106.78833007800017,13.196899414000086],[106.79248046900011,13.1961059570001],[106.79669189500004,13.195312500000057],[106.80090332000009,13.194091797000056],[106.80407714800015,13.193115234000174],[106.83190918000008,13.185302734000174],[106.83532714800009,13.182922363000102],[106.84368896500018,13.180725098000153],[106.84887695300006,13.179687500000057],[106.86071777300015,13.175903320000145],[106.86352539100011,13.17510986300016],[106.86688232400013,13.174682617000144],[106.87371826200012,13.174316406000116],[106.87670898400012,13.174682617000144],[106.88092041000004,13.17510986300016],[106.88452148400012,13.175720215000183],[106.88952636700009,13.17608642600004],[106.89428710900017,13.17547607400013],[106.8984985350001,13.17510986300016],[106.9027099610002,13.176879883000026],[106.90667724600013,13.178710937],[106.91168212900004,13.178710937],[106.91589355500014,13.178527832000043],[106.91931152299998,13.176696777000188],[106.92352294900013,13.17547607400013],[106.92669677700019,13.174499512000182],[106.9304809570001,13.17492675799997],[106.93389892600004,13.173889160000101],[106.93688964800003,13.174316406000116],[106.94067382800012,13.175292969],[106.9437255860002,13.176696777000188],[106.94787597700014,13.177307129000042],[106.9539184570001,13.17791748000019],[106.95831298800016,13.180297852000137],[106.96032714799998,13.182495117000144],[106.96331787100007,13.18389892600004],[106.96691894500015,13.182922363000102],[106.97113037100007,13.182495117000144],[106.97467041000016,13.181518555000139],[106.97747802700019,13.179504395000095],[106.98028564500015,13.17791748000019],[106.98370361300016,13.179321289000086],[106.98669433600008,13.180725098000153],[106.9901123050002,13.181274414000086],[106.99310302700019,13.182312012000182],[106.9968872070001,13.184509277000132],[107.00152587900004,13.185913086000028],[107.00512695300012,13.18768310500002],[107.00891113300003,13.187072754000098],[107.01232910200014,13.185913086000028],[107.01531982400013,13.184509277000132],[107.01947021500013,13.186096191],[107.02392578100017,13.18670654300007],[107.02770996100008,13.185913086000028],[107.03088378900014,13.185119629000042],[107.03228759800004,13.182312012000182],[107.03491210900006,13.180908203000115],[107.03649902300009,13.178100586000028],[107.03729248000008,13.174072266000167],[107.04089355500003,13.172912598000153],[107.04467773400006,13.173095703000115],[107.04870605500003,13.173706054999968],[107.05187988300008,13.177490234000174],[107.0552978520002,13.1804809570001],[107.05950927700002,13.182128906000116],[107.06030273400006,13.185119629000042],[107.06268310500008,13.18768310500002],[107.06390380900001,13.190490722999982],[107.0667114260001,13.19268798800016],[107.06927490200007,13.194885254000042],[107.07250976600005,13.194091797000056],[107.07489013700007,13.195922852000137],[107.07568359400011,13.19891357400013],[107.07891845700016,13.199523925999983],[107.08111572300004,13.202270508000083],[107.08367919900007,13.205322266000167],[107.08209228500004,13.209716797000056],[107.08392334000007,13.212524414000086],[107.0828857420002,13.215515137000182],[107.082519531,13.218872070000032],[107.08471679700011,13.223083496000129],[107.08489990200007,13.226928711000028],[107.08349609400011,13.230102539000086],[107.08709716800013,13.232299805000025],[107.08911132800017,13.235107422000056],[107.08691406200012,13.237304687000062],[107.08990478499999,13.238281250000114],[107.09307861300005,13.240905762000011],[107.09307861300005,13.244506836000085],[107.09112548800005,13.248474121000129],[107.08728027300009,13.252319336000085],[107.09051513700007,13.25531005900018],[107.08770752000004,13.259277344000054],[107.08911132800017,13.262878418000128],[107.08868408200016,13.26593017600004],[107.08990478499999,13.2703247070001],[107.08911132800017,13.274291991999974],[107.0864868160001,13.276489258000083],[107.08172607400019,13.279296875000114],[107.08068847700002,13.283081055000082],[107.08129882800017,13.288085937000119],[107.07727050800014,13.290283203000172],[107.07452392600004,13.294311523000033],[107.0776977540001,13.294494629000098],[107.07592773400006,13.297912598000039],[107.07128906200012,13.299499512000068],[107.0750732420002,13.302307129000098],[107.07287597700002,13.305114746000129],[107.07031250000011,13.307922362999989],[107.07049560500008,13.311096191000047],[107.0750732420002,13.311706543000128],[107.07849121100014,13.313720703000172],[107.07592773400006,13.317321777000018],[107.07849121100014,13.321105957000157],[107.08209228500004,13.317871094000111],[107.08392334000007,13.31530761700003],[107.08728027300009,13.312683105000076],[107.0906982420002,13.310485840000126],[107.0942993160001,13.30908203100006],[107.09887695300006,13.308105469000054],[107.10247802700007,13.308105469000054],[107.10650634800004,13.308471680000082],[107.11090087900016,13.309692383000083],[107.11468505900007,13.311279297000112],[107.11730957000009,13.312500000000114],[107.12091064500004,13.314086913999972],[107.1239013670002,13.316101074000187],[107.12567138700012,13.318908691000047],[107.12768554700017,13.322082520000038],[107.12908935500013,13.324707031],[107.13128662100002,13.32727050800014],[107.13348388700012,13.329895020000038],[107.13690185500013,13.330871581999986],[107.14147949200009,13.331115723000039],[107.14569091800018,13.330871581999986],[107.14971923800005,13.328918457000157],[107.15350341800018,13.326904297000112],[107.15747070300006,13.323730469000054],[107.1585083010001,13.319091797000112],[107.15869140600006,13.314880371000186],[107.15930175800014,13.31188964800009],[107.1624755860002,13.30908203100006],[107.16571044900007,13.30749511700003],[107.1685180660001,13.306518555000025],[107.17248535200008,13.306274413999972],[107.17687988300014,13.306701659999987],[107.17987060500019,13.306884766000053],[107.1848754880001,13.307678223000039],[107.18969726600011,13.307922362999989],[107.19409179700017,13.310119629000098],[107.1983032230001,13.312683105000076],[107.20288085900017,13.315124512000068],[107.20648193400012,13.316528320000032],[107.2100830080002,13.318298340000126],[107.21350097700008,13.321472168000184],[107.21411132800006,13.325500488000046],[107.21667480500014,13.329101562000119],[107.21972656200018,13.331481934000067],[107.22290039100011,13.332519531],[107.22711181600016,13.333496094000111],[107.23168945300012,13.334899902000075],[107.23468017599998,13.336730957000157],[107.23687744100016,13.340881348000096],[107.23748779300007,13.345886230000133],[107.23651123000019,13.35009765600006],[107.23529052700013,13.354309082000157],[107.23510742200017,13.357482910000044],[107.23608398400017,13.36047363300014],[107.23767089800003,13.363098145000038],[107.2402954100001,13.36608886700003],[107.2432861330002,13.367309570000089],[107.24652099600007,13.367309570000089],[107.2493286130001,13.366516113000046],[107.25207519500015,13.36547851600011],[107.25567627000015,13.36389160200008],[107.25988769500015,13.362670898000147],[107.26367187500011,13.362304687000119],[107.26708984400017,13.36071777300009],[107.26971435500019,13.358703613000046],[107.27111816400009,13.35607910200008],[107.27270507800012,13.353271484000118],[107.2747192380001,13.349487305000082],[107.2764892580002,13.345886230000133],[107.27807617200006,13.342102051000097],[107.27929687500006,13.339111328000172],[107.28088378900009,13.334106445000032],[107.2830810550002,13.328674316000104],[107.2852783200002,13.323486328],[107.28710937500006,13.318908691000047],[107.28808593700006,13.316101074000187],[107.28948974600013,13.312927246000129],[107.29107666000016,13.310119629000098],[107.29370117200006,13.308715820000032],[107.29852294900013,13.307922362999989],[107.30230712900004,13.307312012000068],[107.30511474600007,13.307922362999989],[107.30969238300003,13.30908203100006],[107.31347656200006,13.31231689499998],[107.31829834000007,13.315490723000039],[107.32373046900017,13.315917969000054],[107.32928466800013,13.315673828],[107.33471679700006,13.316101074000187],[107.33850097700014,13.316101074000187],[107.34027099600013,13.313476562000119],[107.34252929700006,13.310485840000126],[107.34429931600005,13.307312012000068],[107.34692382800012,13.303894043000128],[107.34991455100004,13.301879883000083],[107.3530883790001,13.299499512000068],[107.35650634800004,13.296691895000038],[107.35809326200007,13.293090820000032],[107.35913085900017,13.289489746000186],[107.36047363300008,13.286926270000151],[107.36309814500015,13.283325195000032],[107.3660888670002,13.279724121000129],[107.37030029300013,13.27709960900006],[107.3751220700002,13.279113770000151],[107.37872314500015,13.28070068400018],[107.38153076200018,13.281921387000011],[107.3848876950002,13.281921387000011],[107.38952636700014,13.280517578000115],[107.3927001950002,13.283081055000082],[107.3928833010001,13.286682129000098],[107.39569091800013,13.288085937000119],[107.39910888700007,13.286926270000151],[107.40228271500013,13.285522461000085],[107.40527343700012,13.286682129000098],[107.40509033200016,13.290527344000054],[107.40350341800013,13.293884277000075],[107.40289306600005,13.297119141],[107.40588378900014,13.298278809000067],[107.40887451200007,13.299072266000053],[107.41229248000008,13.302307129000098],[107.41528320300017,13.30468750000017],[107.4182739260001,13.306274413999972],[107.42108154300013,13.307312012000068],[107.4246826170002,13.308715820000032],[107.4282836910001,13.309692383000083],[107.4324951170002,13.310485840000126],[107.43530273400006,13.311279297000112],[107.43829345700016,13.312072754000155],[107.44268798800005,13.314514160000158],[107.44451904300013,13.319274902000075],[107.448486328,13.320922852000024],[107.45227050800014,13.319091797000112],[107.45532226600005,13.319091797000112],[107.45568847700008,13.32452392600004],[107.456298828,13.327697754000098],[107.45788574200003,13.330871581999986],[107.46228027300015,13.33392334000007],[107.46728515600006,13.33447265600006],[107.47070312500017,13.331481934000067],[107.4724731450001,13.328491211000141],[107.47467041000004,13.325683594000111],[107.4771118160001,13.322509766000053],[107.47991943400007,13.318908691000047],[107.48309326200012,13.31530761700003],[107.48547363300014,13.312500000000114],[107.48669433600014,13.309875488000046],[107.48889160200008,13.306701659999987],[107.49188232400007,13.305114746000129],[107.49511718700012,13.301513672000112],[107.49688720700004,13.297302246000129],[107.50067138700012,13.296691895000038],[107.50390625000017,13.299499512000068],[107.50732421900011,13.30249023400006],[107.51110839800015,13.301696777000075],[107.51287841800018,13.298522949000187],[107.51672363300014,13.2957153320001],[107.52069091800018,13.296691895000038],[107.52410888700012,13.297485352000024],[107.52850341800018,13.298706055000025],[107.53289794900007,13.29968261700003],[107.53631591800018,13.298095703000172],[107.53991699200009,13.29632568400018],[107.54290771500018,13.29467773400006],[107.54571533200004,13.29412841800007],[107.54968261700009,13.293518066000047],[107.55328369100016,13.290710449000187],[107.55609130900012,13.287292480000076],[107.56072998000013,13.285522461000085],[107.56488037100007,13.283874512000068],[107.56970214800015,13.286682129000098],[107.57189941400009,13.290527344000054],[107.5742797850001,13.293518066000047],[107.57708740200013,13.294494629000098],[107.5811157230001,13.295288086000141],[107.58288574200009,13.298522949000187],[107.58270263700012,13.302124023000033],[107.58447265600012,13.304870605000133],[107.5877075200001,13.305908203000172],[107.59210205100015,13.306274413999972],[107.59527587900004,13.305725098000039],[107.5977172850001,13.3035278320001],[107.60009765600012,13.301879883000083],[107.60290527299998,13.30249023400006],[107.59350585900017,13.278320312000062],[107.58227539100017,13.25189209000007],[107.5772705080002,13.240722656000173],[107.56951904300018,13.22210693400018],[107.55688476600011,13.19268798800016],[107.54809570300006,13.170288086000085],[107.53790283200004,13.142883300999983],[107.53149414100011,13.124877929999968],[107.52612304700017,13.11010742200017],[107.50927734400017,13.064514160000044],[107.49511718700012,13.026916504000155],[107.49432373000013,13.023498535000044],[107.49212646500013,13.019897461000141],[107.49072265600006,13.015686035000044],[107.49249267600015,13.012695312000119],[107.49230957000009,13.00952148400006],[107.4912719730001,13.005126953000172],[107.4912719730001,13.00170898400006],[107.49450683600014,13.000305176000097],[107.49792480500008,12.998718262000068],[107.49810791000004,12.994079590000126],[107.49670410200008,12.989318848000039],[107.49688720700004,12.98571777300009],[107.49871826200007,12.981506348000039],[107.5025024410001,12.978088379000155],[107.5025024410001,12.974304199000187],[107.49707031200018,12.973693848000039],[107.49230957000009,12.973083496000186],[107.48907470700004,12.971496582000157],[107.48748779300018,12.968872070000089],[107.48968505900007,12.964721680000025],[107.48748779300018,12.962097168000128],[107.48669433600014,12.959289551000097],[107.48730468700012,12.956115723000039],[107.48590087900016,12.953491211000141],[107.48748779300018,12.950500488000046],[107.48529052700007,12.946899414000143],[107.48608398400012,12.942687988000046],[107.48870849600019,12.941528320000032],[107.49169921900011,12.939086914000143],[107.49371337900016,12.93548584000007],[107.49389648400012,12.930908203000172],[107.49291992200011,12.926696777000018],[107.49407959000018,12.923889160000158],[107.4957275390002,12.921508789000143],[107.497314453,12.918884277000018],[107.50067138700012,12.91687011700003],[107.49969482400007,12.912475586000141],[107.49609375000017,12.911071777000075],[107.49487304700017,12.906921387000182],[107.49627685500013,12.903320312000062],[107.49291992200011,12.899291991999974],[107.49310302700007,12.89471435500002],[107.49670410200008,12.89251709000007],[107.49749755900007,12.888122559000124],[107.49792480500008,12.883911133000026],[107.49847412100007,12.880493164000143],[107.49987793000014,12.877319336000085],[107.50292968700012,12.873718262000182],[107.5056762700001,12.870910645000151],[107.50891113300014,12.870483398000033],[107.51190185500013,12.868530272999976],[107.51312255900007,12.865295410000158],[107.51251220699999,12.8621215820001],[107.51190185500013,12.858276367000144],[107.51672363300014,12.856079101999967],[107.52008056600016,12.855102539000086],[107.5225219730001,12.85272216800007],[107.52447509800015,12.84930419900013],[107.52569580100015,12.84490966800007],[107.5266723630001,12.841125488000102],[107.53009033200004,12.839721680000139],[107.53369140600012,12.838928223000153],[107.53631591800018,12.837524414000086],[107.53948974600007,12.83587646500007],[107.54211425800014,12.83312988299997],[107.5422973630001,12.829711914000086],[107.54327392600015,12.82672119100016],[107.54571533200004,12.823486328000115],[107.5501098630001,12.822875977000137],[107.55151367200017,12.819274902000188],[107.55389404300001,12.817321777000132],[107.55291748000013,12.813476562000062],[107.55291748000013,12.80987548800016],[107.55389404300001,12.805114746000072],[107.55767822300015,12.803527832000043],[107.55908203100012,12.799499512000182],[107.56030273400012,12.795715332000043],[107.56207275400004,12.791870117000144],[107.5623168950001,12.787475586000028],[107.5596923830002,12.784912109000118],[107.55950927700013,12.77990722700008],[107.56170654300018,12.775878906000116],[107.561279297,12.772521973000096],[107.55987548800016,12.768920898000147],[107.55950927700013,12.764282227000137],[107.55889892600015,12.760070800999983],[107.5596923830002,12.755126953000058],[107.55987548800016,12.752075195000145],[107.56030273400012,12.748474121000072],[107.5642700200001,12.745117187000119],[107.56347656200018,12.739685059000124],[107.56469726600011,12.73547363299997],[107.56732177700013,12.732482910000101],[107.56750488300014,12.72851562500017],[107.56512451200012,12.724670410000101],[107.56268310500019,12.720520020000038],[107.5596923830002,12.716491699000073],[107.55932617200017,12.712707520000038],[107.5609130860002,12.708496094000111],[107.56347656200018,12.704711914000029],[107.56787109400017,12.70227050799997],[107.56927490200013,12.697692871000015],[107.57049560500019,12.693908691000104],[107.57391357400007,12.692321777000075],[107.57531738300014,12.688720703],[107.5772705080002,12.685729980000076],[107.5784912110002,12.682678223000096],[107.5811157230001,12.680725098000039],[107.57891845700004,12.678527832000157],[107.57690429700017,12.675109863000046],[107.57611084000018,12.670898437000119],[107.57147216800007,12.666687012000125],[107.57128906200018,12.66210937500017],[107.56951904300018,12.657897949000017],[107.57049560500019,12.65368652300009],[107.57348632800012,12.65087890600006],[107.57067871100003,12.648315430000082],[107.56970214800015,12.643127441000047],[107.57171630900012,12.639892578],[107.57128906200018,12.63610839800009],[107.57287597700014,12.632324219000054],[107.57269287100007,12.628479004000155],[107.57507324200014,12.625122070000032],[107.57830810500019,12.621704102000024],[107.5811157230001,12.618713379000098],[107.58227539100017,12.61608886700003],[107.58349609400017,12.613525391],[107.58172607400007,12.610290527000075],[107.58288574200009,12.606872559000067],[107.58489990200013,12.603515625000114],[107.58532714800015,12.598693848000039],[107.58392334000018,12.595703125000114],[107.58227539100017,12.592712402000018],[107.58227539100017,12.589721680000025],[107.58227539100017,12.5867309570001],[107.58007812500006,12.584106445000032],[107.58007812500006,12.578674316000047],[107.58068847700014,12.574279784999987],[107.58227539100017,12.571899414000143],[107.58288574200009,12.568725586000085],[107.5850830080002,12.565307617000144],[107.58807373000019,12.561889648000033],[107.58947753900009,12.558288574000187],[107.58807373000019,12.555725097999982],[107.58569335900017,12.553894043000128],[107.5833129880001,12.551879883000083],[107.58190918000014,12.549316406000173],[107.57910156200018,12.546081543000128],[107.57629394500015,12.54132080100004],[107.57751464800015,12.537109375000114],[107.57611084000018,12.53350830100004],[107.57330322300015,12.531677246000129],[107.57110595700004,12.529724121000072],[107.56811523400012,12.528686523000033],[107.56469726600011,12.526123047000056],[107.56311035200008,12.522521973000153],[107.5625,12.51788330100004],[107.56512451200012,12.515502930000025],[107.56787109400017,12.513305664000086],[107.56890869100016,12.508728027000132],[107.56951904300018,12.504516602000137],[107.57128906200018,12.501708984000174],[107.57409668000014,12.499511719000168],[107.57769775400004,12.497924805000139],[107.57971191400003,12.49530029300007],[107.5784912110002,12.490478516000167],[107.57690429700017,12.486083984000174],[107.57708740200013,12.482727051000154],[107.57568359400017,12.478881836000085],[107.57250976600011,12.476928711000028],[107.56970214800015,12.47589111300016],[107.56689453100012,12.473327637000125],[107.56567382800012,12.470275879000042],[107.56689453100012,12.467102050999983],[107.5676879880001,12.463317871000072],[107.56591796900011,12.460327148000147],[107.56530761700009,12.457519531000116],[107.56671142600015,12.454528809000124],[107.56530761700009,12.449890137000182],[107.56188964800015,12.44647216800007],[107.56030273400012,12.441894531000116],[107.55828857400013,12.43811035200008],[107.55609130900012,12.43487548800016],[107.55468750000006,12.430480957000043],[107.55407714799998,12.427673340000013],[107.55328369100016,12.42492675800014],[107.55108642600015,12.42108154300007],[107.54748535200008,12.418273925999983],[107.54467773400017,12.416503906000116],[107.54388427700013,12.412475586000028],[107.54492187500017,12.407287598000153],[107.54547119100016,12.403076172],[107.54449462899998,12.39868164100011],[107.54589843700018,12.393920898000147],[107.5479125980001,12.390930176000097],[107.54852294900007,12.388122559000067],[107.55108642600015,12.384521484000118],[107.55389404300001,12.379089355000133],[107.5513305660001,12.375488281000116],[107.54827880900012,12.374084473000096],[107.54449462899998,12.373474121000072],[107.5465087890002,12.368713379000155],[107.546875,12.364318848000096],[107.54730224600007,12.360290527000132],[107.54632568400007,12.356872559000124],[107.54492187500017,12.352722168000128],[107.54187011700009,12.350280762000125],[107.53930664100011,12.351501465000126],[107.53607177700013,12.350891113000102],[107.53491210900012,12.346923828],[107.53210449200009,12.345275878999985],[107.52850341800018,12.345886230000133],[107.52789306600016,12.343078613000102],[107.52630615200013,12.34008789100011],[107.52331543000008,12.34008789100011],[107.52050781200012,12.339294434000067],[107.51788330100015,12.33789062500017],[107.51550293000008,12.335876465000126],[107.51367187500006,12.333312988000046],[107.51232910200002,12.329711913999972],[107.50750732400007,12.327880859000118],[107.5042724610002,12.326293945000089],[107.5012817380001,12.324096680000082],[107.49707031200018,12.322692871000186],[107.49291992200011,12.321472168000184],[107.48907470700004,12.319885254000155],[107.48608398400012,12.319274902000075],[107.48248291000004,12.317871094000111],[107.47967529300018,12.316528320000032],[107.4771118160001,12.314514159999987],[107.4736938480001,12.313293456999986],[107.4692993160001,12.31127929700017],[107.46752929700011,12.308898926000097],[107.46752929700011,12.304504395000038],[107.4656982420002,12.300903320000032],[107.46392822300004,12.298706055000082],[107.46130371100014,12.296691895000038],[107.45892334000013,12.295104980000076],[107.456298828,12.293884277000075],[107.45349121100014,12.293273926000097],[107.45007324200003,12.292480469000111],[107.4459228520002,12.290283203],[107.4439086910001,12.286682129000155],[107.44409179700011,12.280883788999972],[107.44311523400006,12.277893066000104],[107.43988037100019,12.275085449000017],[107.43927002000004,12.269714355000076],[107.44207763700012,12.265502930000025],[107.44091796900005,12.262512207000157],[107.43768310500013,12.258728027000188],[107.4360961910001,12.253479004000098],[107.43432617200011,12.24749755900001],[107.43090820300017,12.246276855000076],[107.4273071290001,12.247070312000119],[107.42388916000004,12.247070312000119],[107.42108154300013,12.246520996000129],[107.41851806600005,12.243530273000033],[107.41607666000004,12.245727539000143],[107.41333007800017,12.248474121000186],[107.4097290040001,12.250915527000018],[107.4061279300002,12.252075195000032],[107.40289306600005,12.253723145000151],[107.39910888700007,12.256530762000011],[107.39892578100017,12.260314941000047],[107.39569091800013,12.264709473000039],[107.39129638700007,12.267883301000097],[107.3875122070001,12.271118164000143],[107.38769531200006,12.27532959000007],[107.38671875000011,12.27868652300009],[107.38812255900018,12.281921387000068],[107.38867187500017,12.285095215000126],[107.3848876950002,12.287902832000157],[107.38330078100017,12.290893555000082],[107.38250732400019,12.294494629000155],[107.3784790040001,12.296081543000184],[107.37811279300013,12.300476074000073],[107.375488281,12.305114746000186],[107.37249755900018,12.307922363000046],[107.37011718700006,12.31030273400006],[107.36688232400019,12.31250000000017],[107.36468505900018,12.31689453100006],[107.36071777300003,12.320495605000133],[107.35632324200014,12.321289062000119],[107.35327148400006,12.324096680000082],[107.35009765600017,12.326721191000104],[107.34832763700018,12.330078125],[107.34570312500011,12.333679199000073],[107.34271240200019,12.332092285000044],[107.34112548800016,12.329101562000119],[107.33831787100013,12.32727050800014],[107.3341064450002,12.326477051000154],[107.33032226600017,12.326110840000126],[107.32647705100004,12.326110840000126],[107.32348632800012,12.32470703100006],[107.32067871100008,12.322509766000053],[107.31671142600004,12.322082520000038],[107.31292724600007,12.322692871000186],[107.31231689500015,12.325500488000046],[107.31231689500015,12.32952880900001],[107.30889892600004,12.33227539100011],[107.30529785200014,12.330322266000053],[107.30249023400017,12.328491210999971],[107.29791259800015,12.329284668000184],[107.29412841800007,12.328674316000104],[107.29132080099998,12.327880859000118],[107.28851318400012,12.326477051000154],[107.28607177700019,12.324096680000082],[107.2830810550002,12.322509766000053],[107.27832031200018,12.323303223000096],[107.27429199200014,12.324890137000125],[107.270080566,12.325317383000083],[107.26690673800016,12.321899414000029],[107.26428222700014,12.317871094000111],[107.26007080100004,12.314880371000015],[107.25610351600011,12.313720703000172],[107.25311279300001,12.312316895000038],[107.24969482400013,12.309326172000112],[107.24511718700018,12.307128906],[107.2415161130001,12.303527832000157],[107.23730468700018,12.301086426000097],[107.23492431600016,12.298522949000187],[107.23071289100011,12.29632568400001],[107.22570800800014,12.29632568400001],[107.22088623000019,12.296691895000038],[107.21929931600016,12.299316406],[107.21551513700012,12.298278809000067],[107.21228027299998,12.299072266000053],[107.2083129880001,12.298889160000044],[107.20507812500006,12.297302246000186],[107.20147705100015,12.298095703],[107.19891357400007,12.295898437000119],[107.19610595700004,12.295288086000141],[107.19311523400012,12.295471191000104],[107.1904907230001,12.293090820000089],[107.18627929700017,12.28991699200003],[107.18530273400012,12.28649902300009],[107.18347168000014,12.284118652000018],[107.17968750000006,12.284484863000046],[107.17608642600015,12.282287598000039],[107.17230224600002,12.279907227000024],[107.1685180660001,12.27911376999998],[107.16448974600007,12.278076172000112],[107.16149902300015,12.278930664000143],[107.15747070300006,12.278503418000128],[107.15350341800018,12.276306152000075],[107.15252685500013,12.273498534999987],[107.15228271500018,12.2703247070001],[107.15112304700011,12.266723633000083],[107.14691162100019,12.264282227000024],[107.14770507800006,12.25970459000007],[107.14428710900012,12.25811767600004],[107.14587402300015,12.254699707000157],[107.14489746100014,12.250671387000068],[107.14172363300008,12.25030517600004],[107.14050293000008,12.24749755900001],[107.1383056640002,12.24389648400006],[107.13787841800018,12.23809814499998],[107.1395263670002,12.233886719000054],[107.1383056640002,12.23028564499998],[107.13470459000013,12.228881836000141],[107.1306762700001,12.226074219000054],[107.12609863300014,12.226684570000032],[107.12231445300017,12.223327637000182],[107.11932373000008,12.219726562000062],[107.11547851600011,12.216918944999975],[107.11267089800015,12.218872070000032],[107.11010742200011,12.215087891],[107.10687255900007,12.21087646500007],[107.10308837900016,12.20831298800016],[107.10070800800008,12.205871582000157],[107.10107421900011,12.201721191],[107.09771728499999,12.198120117000144],[107.09771728499999,12.195129395000151],[107.09790039100005,12.191894531000173],[107.09552002000004,12.190307617000144],[107.09509277300009,12.186096191000047],[107.09167480500008,12.181274414000143],[107.08752441400014,12.182312012000182],[107.08752441400014,12.18572998000019],[107.08367919900007,12.186096191000047],[107.08050537100019,12.185302734],[107.07788085900006,12.186889648000033],[107.07452392600004,12.187927246000072],[107.07427978500004,12.184082031000173],[107.07269287100019,12.1804809570001],[107.07012939500015,12.17791748000019],[107.07189941400014,12.175720215000013],[107.07452392600004,12.174499512000182],[107.07708740200007,12.17108154300007],[107.07989502000004,12.16827392600004],[107.07830810500008,12.164123535000101],[107.0750732420002,12.163879395000151],[107.07250976600005,12.162719727000137],[107.06927490200007,12.160278320000032],[107.06610107400019,12.160705566],[107.0631103520002,12.158691406000173],[107.06048584000013,12.16131591800007],[107.05767822300004,12.157714844000168],[107.05847168000008,12.154724121000072],[107.05548095700016,12.151916504000042],[107.05371093700006,12.148315429999968],[107.05450439499998,12.143920897999976],[107.05072021500007,12.14227294900013],[107.04870605500003,12.136108397999976],[107.0454711910001,12.132873535000158],[107.0418701170002,12.132324219000168],[107.03790283200016,12.131103516000167],[107.03527832000003,12.12811279300007],[107.02929687500011,12.114318848000153],[107.01568603500016,12.106506348000153],[107.00671386700014,12.093688965000183],[107.00268554700011,12.089294434000124],[106.99670410200014,12.087097168000014],[106.977111816,12.081298828000058],[106.96289062500011,12.077270508000026],[106.95892334000018,12.076477050999983],[106.95349121100008,12.074890137000125],[106.94891357400013,12.073120117000087],[106.94628906200006,12.069091797],[106.9437255860002,12.067687988000102],[106.94030761700014,12.068725585999971],[106.93670654300007,12.06750488299997],[106.9329223630001,12.066711426000154],[106.92767334000007,12.063903809000124],[106.92309570300012,12.064270020000095],[106.91827392600004,12.06268310500019],[106.91448974600007,12.063903809000124],[106.91168212900004,12.066711426000154],[106.90869140600012,12.06750488299997],[106.9050903320001,12.067687988000102],[106.90191650400004,12.066528320000089],[106.89831543000014,12.066101074000073],[106.89447021500001,12.067687988000102],[106.89129638700018,12.070129395000038],[106.88812255900012,12.071899414000029],[106.8840942380001,12.072692871000072],[106.87969970700004,12.073303223000096],[106.87548828100012,12.072692871000072],[106.8707275390002,12.073120117000087],[106.86590576200012,12.071105957000043],[106.86108398400017,12.069885254000042],[106.85772705100015,12.068725585999971],[106.85430908200004,12.067077637000182],[106.8508911130001,12.069885254000042],[106.84771728500004,12.07147216800007],[106.84429931600016,12.073913574000073],[106.83990478500004,12.073486328000058],[106.83587646500018,12.07250976600011],[106.83312988300014,12.074523926000154],[106.83050537100002,12.078125],[106.82788085900012,12.081298828000058],[106.8242797850001,12.082885742000087],[106.82049560500013,12.08312988300014],[106.81628418000014,12.08312988300014],[106.81469726600011,12.080505371000072],[106.81091308600014,12.079711914000029],[106.80627441400003,12.079895020000095],[106.80169677700007,12.081726074000073],[106.79931640600006,12.085083008000026],[106.79949951200012,12.089721680000139],[106.79827880900007,12.094726562000176],[106.79547119100016,12.100280762000182],[106.79388427700013,12.104919434000124],[106.7935180660001,12.10852050799997],[106.79150390600006,12.111694336000028],[106.79107666000004,12.116516113000102],[106.79370117200017,12.120910645000095],[106.79571533200016,12.126098633000026],[106.796875,12.130310059000124],[106.79870605500008,12.134521484000174],[106.79748535200008,12.138122559000124],[106.79730224600019,12.14190673800016],[106.79589843700012,12.146301270000151],[106.79388427700013,12.14971923800016],[106.79327392600015,12.15350341800007],[106.7952880860002,12.155883789000086],[106.79809570300006,12.158874512000011],[106.79907226600011,12.164672851999967],[106.7977294920002,12.167480469000054],[106.79711914100005,12.170288086000085],[106.79589843700012,12.174316406000116],[106.796875,12.179504395000151],[106.80029296900011,12.18389892600004],[106.80151367200011,12.187072754000098],[106.8013305660001,12.191284180000025],[106.79870605500008,12.194885254000098],[106.79608154300018,12.199096680000025],[106.79290771500013,12.20288085900006],[106.7888793950001,12.20648193400018],[106.78692627000004,12.21069335900006],[106.78509521500013,12.215087891],[106.78112793000008,12.219726562000062],[106.77807617200017,12.223327637000182],[106.77587890600006,12.226318359],[106.77368164100011,12.228881836000141],[106.77032470700016,12.231323242000144],[106.76812744100005,12.233520508000026],[106.76672363300008,12.236877441000047],[106.76507568400007,12.240478516000053],[106.76428222700008,12.24548339800009],[106.7623291020002,12.249511719000054],[106.75927734400011,12.250122070000032],[106.75653076200007,12.252319336000085],[106.75372314500004,12.254272461000141],[106.7503051760001,12.256530762000011],[106.74829101600005,12.260925293000128],[106.7467041020002,12.264282227000024],[106.74353027300009,12.26647949200003],[106.74011230500008,12.268920898000033],[106.73651123000008,12.271118164000143],[106.73211669900019,12.272888184000067],[106.7291259770002,12.272521973000039],[106.72631835900006,12.273315430000025],[106.72247314500004,12.274719238000046],[106.71807861300005,12.277893066000104],[106.71411132800017,12.281494141000053],[106.71087646500013,12.283874512000068],[106.70751953100017,12.286071777000075],[106.7036743160001,12.287719727000024],[106.700927734,12.288330078000172],[106.69708252000004,12.289306641000053],[106.69329834000007,12.28967285200008],[106.68951416000016,12.290283203],[106.68627929700011,12.290527344000054],[106.68188476600005,12.290527344000054],[106.67767334000013,12.291687012000068],[106.6737060550002,12.293273926000097],[106.67028808600008,12.294921875000114],[106.6668701170002,12.296508788999972],[106.66387939499998,12.297485352000024],[106.659912109,12.298095703],[106.65472412100013,12.298278809000067],[106.65130615200019,12.299072266000053],[106.648681641,12.300903320000032],[106.6453247070001,12.303710937000119],[106.63952636700014,12.305480956999986],[106.63330078100017,12.305480956999986],[106.62811279300007,12.305908203000172],[106.624511719,12.307678223000096],[106.62127685500008,12.309875488000102],[106.61853027299998,12.311523437000119],[106.61352539100017,12.313110352000024],[106.60827636700014,12.314514159999987],[106.60491943400012,12.317687988000046],[106.60272216800007,12.319885254000155],[106.59967041000016,12.324890137000125],[106.59710693400012,12.329711913999972],[106.59509277300003,12.334106445000089],[106.59271240200013,12.33850097700008],[106.59069824200014,12.343688965000126],[106.58831787100007,12.35009765600006],[106.58612060500019,12.35791015600006],[106.58447265600017,12.36328125],[106.58190918000014,12.370727539000029],[106.57928466800007,12.375671387000125],[106.57647705100004,12.382080078000058],[106.57391357400013,12.38928222700008],[106.57092285200008,12.396484375000057],[106.5701293950001,12.40112304700017],[106.56829834000018,12.404296875000057],[106.56372070300006,12.408325195000089],[106.56011962900004,12.409484863000102],[106.55651855500014,12.409484863000102],[106.55291748000019,12.411499023000147],[106.5488891600001,12.413085937000176],[106.54730224600007,12.415893555000139],[106.54449462900004,12.417480469000168],[106.54010009800015,12.417724609000118],[106.53631591800018,12.41870117200017],[106.53167724600007,12.421508789000029],[106.52728271500018,12.424499512000125],[106.52508544900013,12.42651367200017],[106.52392578100006,12.429687500000057],[106.52270507800006,12.43328857400013],[106.5198974610002,12.435485840000183],[106.5156860350001,12.43768310500019],[106.51269531200018,12.43768310500019],[106.50927734400017,12.439086914000086],[106.5056762700001,12.439514160000101],[106.50189209000018,12.437927246000072],[106.49731445300006,12.438903809000124],[106.39569091800013,12.50311279300007],[106.39251709000007,12.50408935500002],[106.38787841800018,12.505676270000151],[106.38250732400019,12.507690430000025],[106.37847900400016,12.509277344000054],[106.37469482400019,12.51190185500002],[106.37072753900014,12.514282226999967],[106.36651611300005,12.51812744100016],[106.36328125000017,12.521484375000114],[106.36132812500011,12.524902344],[106.359130859,12.528686523000033],[106.35888671900005,12.532470703000172],[106.3594970700002,12.536682129000098],[106.3609008790001,12.54290771500007],[106.36151123000008,12.546875000000114],[106.3621215820001,12.55010986300016],[106.36291503900014,12.553283691000047],[106.3638916020002,12.556274414000143],[106.36492919900019,12.559692383000083],[106.3660888670002,12.562500000000114],[106.3673095700002,12.565673828000172],[106.3687133790001,12.568908691000047],[106.37030029300013,12.572692871000129],[106.37207031200012,12.577514648000033],[106.3739013670002,12.581298828000172],[106.3753051760001,12.58447265600006],[106.37670898400006,12.587524414000143],[106.37768554700011,12.590270996000186],[106.37890625000011,12.593078613000046],[106.38049316400014,12.596923828000115],[106.3817138670002,12.599670410000044],[106.38330078100006,12.60327148400006],[106.38531494100005,12.608093262000068],[106.38751220700016,12.61267089800009],[106.38928222700002,12.616882324000017],[106.39068603500004,12.619873047000112],[106.39190673800005,12.622680663999972],[106.39392089800009,12.627319336000085],[106.39569091800013,12.631530762000068],[106.39672851600005,12.634277344000111],[106.39788818400007,12.63812255900001],[106.3992919920002,12.642089844000111],[106.40032959000007,12.646728516000053],[106.40130615200007,12.651672363000102],[106.4016723630001,12.656494141000053],[106.40148925800014,12.661926270000038],[106.40148925800014,12.667114258000083],[106.40228271500013,12.671875],[106.40350341800013,12.676513672000112],[106.40551757800017,12.67968750000017],[106.40692138700007,12.684509277000075],[106.41009521500013,12.686523437000119],[106.41229248000013,12.689880371000015],[106.41448974600019,12.693481445000089],[106.41687011700009,12.697509766000053],[106.41912841800013,12.701477051000154],[106.42028808600014,12.704284668000184],[106.4215087890002,12.707092285000044],[106.42291259800004,12.709899902000075],[106.42468261700003,12.712524414000029],[106.42687988300014,12.716308594000111],[106.42987060500013,12.720520020000038],[106.43188476600011,12.722717285000044],[106.43450927700007,12.72509765600006],[106.43688964800015,12.72729492200017],[106.44012451200007,12.729919434000067],[106.44329834000013,12.732727051000097],[106.44628906200012,12.734680176000154],[106.4495239260001,12.73687744100016],[106.4534912110002,12.739074707000043],[106.45648193400007,12.740905762000125],[106.45947265600012,12.74291992200017],[106.4625244140002,12.745300293000184],[106.46490478500004,12.746887207000043],[106.46771240200007,12.748474121000072],[106.47052002000004,12.749694824000073],[106.4749145510001,12.75250244100016],[106.47869873000013,12.755493164000029],[106.48168945300006,12.757324219000111],[106.48309326200012,12.760314941000104],[106.48510742200017,12.763671875000057],[106.48730468700018,12.767089844000168],[106.49047851600011,12.769897461000028],[106.49353027300009,12.77209472700008],[106.49731445300006,12.774291992000087],[106.49951171900011,12.77667236300016],[106.50347900400004,12.779113770000095],[106.5068969730001,12.778503418000014],[106.51147460900017,12.779113770000095],[106.51531982400007,12.782104492000087],[106.51910400399998,12.783325195000089],[106.52270507800006,12.784729003999985],[106.52709960900012,12.786315918000014],[106.53210449200009,12.787475586000028],[106.53710937500006,12.786071777000188],[106.54150390600012,12.78729248000019],[106.54528808600003,12.789916992000087],[106.5501098630001,12.793701172],[106.5545043950001,12.796875],[106.55767822300015,12.799682617000144],[106.55987548800016,12.801696777000132],[106.5623168950001,12.804077148000033],[106.56530761700009,12.806884766000167],[106.56890869100016,12.810302734000174],[106.57312011700009,12.813720703000058],[106.57672119100016,12.816894531000116],[106.57971191400009,12.819702147999976],[106.58349609400017,12.822875977000137],[106.58587646500007,12.825317383000026],[106.58831787100007,12.827270508000026],[106.59051513700018,12.82928466800007],[106.59368896500007,12.832275391000167],[106.59588623000002,12.835083008000026],[106.59869384800015,12.837890625000057],[106.6007080080002,12.840515137000182],[106.60308837900004,12.84368896500007],[106.60571289100017,12.847717285000101],[106.60748291000016,12.851318359000174],[106.60931396500001,12.855712891000167],[106.61010742200006,12.859130859000174],[106.611083984,12.863525391000167],[106.61169433600008,12.868530272999976],[106.61187744100005,12.871704102000137],[106.61230468700006,12.87469482400013],[106.61291503900009,12.878906250000114],[106.61328125000011,12.88250732400013],[106.61370849600013,12.886108398000033],[106.61370849600013,12.889526367000144],[106.61370849600013,12.893127441],[106.61352539100017,12.896301270000151],[106.61370849600013,12.900329590000013],[106.61370849600013,12.903320312000062],[106.61267089800003,12.907287598000039],[106.61309814500015,12.911071777000075],[106.61010742200006,12.914123535000158],[106.60791015600012,12.917480469000054],[106.60589599600013,12.9207153320001],[106.60351562500006,12.924072266000053],[106.60052490200013,12.92749023400006],[106.59570312500006,12.932128906000173],[106.59210205100004,12.935119629000098],[106.58587646500007,12.939880371000186],[106.575683594,12.947326660000158],[106.56909179700006,12.951721191000047],[106.56048584000001,12.957275391000053],[106.55468750000006,12.961120605000076],[106.54992675800014,12.964111328000172],[106.54510498000019,12.967102051000097],[106.54132080100015,12.969482422000112],[106.53607177700019,12.972290038999972],[106.53247070300012,12.974304199000187],[106.52728271500018,12.977478027000075],[106.52410888700012,12.978881836000141],[106.51910400399998,12.981506348000039],[106.51092529300018,12.985290527000075],[106.50048828100012,12.990295410000044],[106.49670410200008,12.991882324000073],[106.47967529300001,13.002319336000141],[106.4771118160001,13.004089355000133],[106.46667480500014,13.011291504000155],[106.46270752000004,13.013305663999972],[106.45867919900007,13.012878418000184],[106.4547119140002,13.01428222700008],[106.45129394500009,13.014709473000039],[106.4481201170002,13.013671875],[106.44427490200013,13.011291504000155],[106.44110107400007,13.011291504000155],[106.4390869140002,13.014099121000186],[106.43627929700017,13.014709473000039],[106.43371582000009,13.016906738000046],[106.42968750000017,13.019104004000155],[106.42529296900011,13.021118163999972],[106.42108154300018,13.020690918000184],[106.41748046900011,13.021728516000053],[106.41528320300006,13.024719238000046],[106.41308593700012,13.027099609000118],[106.41088867200011,13.028930663999972],[106.4083251950002,13.030883789000029],[106.40570068400007,13.036926270000038],[106.40551757800017,13.041870117000087],[106.40350341800013,13.045288085999971],[106.3941040040001,13.049499512000125],[106.38848877000004,13.050720215000126],[106.3817138670002,13.054321289000029],[106.37872314499998,13.057678223000096],[106.37487793000008,13.065490723000096],[106.37207031200012,13.06909179700017],[106.36328125000017,13.079528809000067],[106.36071777300003,13.08251953100006],[106.35992431600005,13.086730956999986],[106.35748290999999,13.089721680000082],[106.35491943400018,13.093078613000102],[106.35131835900006,13.095092773000147],[106.34832763700001,13.097717285000044],[106.34448242200011,13.099304199000073],[106.34307861300005,13.101928710999971],[106.34149169900019,13.10571289100011],[106.34088134800004,13.110290527000132],[106.33911132800017,13.116088867000087],[106.34112548800016,13.122070312],[106.34088134800004,13.12951660200008],[106.33892822299998,13.13391113299997],[106.34149169900019,13.148071289000086],[106.34387207000003,13.152099609000174],[106.34429931600005,13.155883789000086],[106.34490966800013,13.160278319999975],[106.34692382800012,13.163879395000151],[106.34808349600019,13.167907715000183],[106.34967041000004,13.171508789000086],[106.35272216800013,13.172912598000153],[106.35711669900019,13.17352294900013],[106.3621215820001,13.172912598000153],[106.3662719730001,13.172485352000137],[106.37048339800009,13.172302246000072],[106.37451171900005,13.172302246000072],[106.37792968700006,13.172485352000137],[106.38128662100019,13.172729492000087],[106.3850708010001,13.172729492000087],[106.38909912100019,13.172302246000072],[106.39428710900006,13.174072266000167],[106.398925781,13.17547607400013],[106.4016723630001,13.174499512000182],[106.40527343700012,13.17327880900018],[106.40911865200007,13.171875000000114],[106.41229248000013,13.17010498000019],[106.41589355500008,13.168884277000188],[106.41931152300009,13.170471191000047],[106.42407226600011,13.169677734000174],[106.42889404300018,13.169128418000014],[106.430908203,13.171325684000124],[106.4312744140002,13.174499512000182],[106.43072509800004,13.177307129000042],[106.42968750000017,13.181091309000124],[106.42852783200016,13.184509277000132],[106.42687988300014,13.189086914000086],[106.42468261700003,13.193908691],[106.42169189500004,13.197692871000129],[106.41949462900016,13.199707031000116],[106.41687011700009,13.201904297000056],[106.41430664100005,13.205688476999967],[106.41149902300009,13.208923340000013],[106.40948486300005,13.211914062],[106.4072875980001,13.21429443400018],[106.40447998000013,13.216674805000025],[106.40112304700011,13.219482422000056],[106.39727783199999,13.2214965820001],[106.39251709000007,13.224121094],[106.38928222700002,13.225524902000188],[106.38549804700011,13.226928711000028],[106.38189697300004,13.228088379000098],[106.37890625000011,13.229675293000128],[106.37567138700007,13.231323242000144],[106.3729248050002,13.23272705100004],[106.37072753900014,13.234497070000032],[106.36907959000013,13.236877441000047],[106.36853027300003,13.23992919900013],[106.36853027300003,13.244506836000085],[106.3674926760001,13.248718262000182],[106.3662719730001,13.251525879000042],[106.36108398400006,13.261108398000033],[106.359130859,13.264099121000129],[106.35632324200014,13.267700195000032],[106.35430908200016,13.27087402300009],[106.35229492200011,13.274108887000011],[106.35107421900011,13.277709961000085],[106.35070800800008,13.281311035000158],[106.34948730500008,13.284118652000188],[106.34771728500016,13.28649902300009],[106.34649658200016,13.289916991999974],[106.34588623000008,13.294494629000098],[106.34692382800012,13.29968261700003],[106.34869384800004,13.302673340000126],[106.350097656,13.306518555000025],[106.350097656,13.310119629000098],[106.34991455100004,13.314880371000186],[106.34967041000004,13.319091797000112],[106.35028076200007,13.322326660000158],[106.35107421900011,13.32507324200003],[106.35211181600005,13.328308105000076],[106.35449218700012,13.33288574200003],[106.35650634800004,13.338073730000133],[106.35650634800004,13.34350585900006],[106.35467529300013,13.347717284999987],[106.35388183600014,13.350891113000046],[106.3541259770002,13.355285645000038],[106.35247802700007,13.358886719000111],[106.35070800800008,13.361328125000114],[106.35229492200011,13.366699219000111],[106.35247802700007,13.372070312000176],[106.3530883790001,13.37548828100006],[106.3530883790001,13.379699706999986],[106.35107421900011,13.383728027000075],[106.35150146500007,13.388305664000029],[106.35131835900006,13.392517090000126],[106.35070800800008,13.396728516000053],[106.350097656,13.400085449000073],[106.35870361300005,13.401306152000075],[106.3660888670002,13.402526855000133],[106.37109375000017,13.403320312000119],[106.37451171900005,13.403930663999972],[106.37731933600008,13.404479980000133],[106.38049316400014,13.405517578],[106.38427734400011,13.406677246000072],[106.38708496100014,13.407470703000058],[106.39007568400007,13.40869140600006],[106.39367675800014,13.410095215000126],[106.40429687500017,13.41467285200008],[106.41992187500017,13.41711425800014],[106.42510986300005,13.41467285200008],[106.43591308600014,13.408081055000139],[106.44671630900007,13.40148925800014],[106.4495239260001,13.399719238000046],[106.45312500000017,13.397705078000058],[106.45788574200009,13.395080566000104],[106.46228027300015,13.392700195000089],[106.46630859400011,13.390930176000097],[106.47131347700008,13.38928222700008],[106.47570800800014,13.388122559000067],[106.48052978500004,13.38610839800009],[106.48413085900012,13.384277344000111],[106.48687744100016,13.382690430000082],[106.49047851600011,13.380310059000067],[106.49353027300009,13.37768554700017],[106.49652099600002,13.374877930000082],[106.49969482400007,13.371276855000133],[106.50189209000018,13.36853027300009],[106.50408935500019,13.36608886700003],[106.50708007800006,13.362487793000184],[106.50988769500015,13.35913085900006],[106.5120849610002,13.355285645000038],[106.51647949200009,13.353881835999971],[106.52008056600016,13.351501465000126]]]}},{"type":"Feature","properties":{"adm1_name":"Oddar Meanchey","adm1_name1":null,"adm1_name2":null,"adm1_name3":null,"adm1_pcode":"KH22","adm0_name":"Cambodia","adm0_name1":null,"adm0_name2":null,"adm0_name3":null,"adm0_pcode":"KH","valid_on":"2018-10-04","valid_to":null,"area_sqkm":6634.42119887,"version":"v01","lang":"en","lang1":null,"lang2":null,"lang3":null,"adm1_ref_name":"Oddar Meanchey","center_lat":14.15890503,"center_lon":103.78275153},"geometry":{"type":"Polygon","coordinates":[[[103.69207763700012,14.438903809000067],[103.69671630900007,14.436706543000184],[103.70092773400012,14.434326172000112],[103.70452880900007,14.433898926000097],[103.70751953100006,14.43249511700003],[103.7083129880001,14.428100585999971],[103.70770263700012,14.422912598000096],[103.70727539100011,14.418884277000075],[103.70727539100011,14.415893555000082],[103.70648193400012,14.412292480000133],[103.70330810500013,14.409729004000098],[103.70251464800015,14.404907227000024],[103.70208740200013,14.39929199200003],[103.70068359400017,14.394470215000126],[103.70068359400017,14.390686035000044],[103.70330810500013,14.385070801000097],[103.70629882800006,14.381530762000068],[103.70971679700017,14.379882812000119],[103.7139282230001,14.380126953000172],[103.7180786130001,14.380676270000038],[103.72149658200004,14.381103516000053],[103.72528076200012,14.38171386700003],[103.72790527300015,14.38330078100006],[103.7315063480001,14.385314941000047],[103.73590087899998,14.382324219000054],[103.73907470700004,14.379089355000133],[103.74230957000009,14.377685547000112],[103.74530029300001,14.377929687000062],[103.74890136700009,14.374084473000096],[103.75292968700018,14.372314453000172],[103.75592041000004,14.375305176000097],[103.7590942380001,14.377319336000141],[103.76269531200018,14.374328613000046],[103.76550293000014,14.371520996000129],[103.76831054700017,14.368713379000098],[103.77111816400003,14.366271973000096],[103.77447509800015,14.364501953000172],[103.77532959000018,14.361328125000114],[103.77893066400003,14.361328125000114],[103.78210449200009,14.363891602000024],[103.78668212900004,14.366699219000054],[103.79028320300012,14.366882324000017],[103.79449462900004,14.366882324000017],[103.79870605500014,14.368103027000075],[103.80249023400017,14.369079590000126],[103.80389404300007,14.36608886700003],[103.80389404300007,14.363098145000038],[103.80310058600003,14.360290527000075],[103.803283691,14.356872559000067],[103.80731201200018,14.355529785000158],[103.81170654300007,14.355285645000038],[103.81591796900017,14.355529785000158],[103.81890869100016,14.355529785000158],[103.8223266600001,14.354309082000157],[103.82629394499997,14.353088379000098],[103.83007812500011,14.354309082000157],[103.82830810500019,14.356872559000067],[103.82910156200006,14.360107422000112],[103.8308715820001,14.363891602000024],[103.833496094,14.368286133000083],[103.83789062500011,14.371276855000133],[103.8416748050002,14.371704102000024],[103.84490966800007,14.37109375000017],[103.84851074200014,14.370117187000062],[103.85272216800007,14.36889648400006],[103.85687255900018,14.368286133000083],[103.86010742200006,14.36712646500007],[103.86230468700006,14.364685059000067],[103.86108398400006,14.361877441000104],[103.86151123000002,14.357299805000082],[103.86492919900013,14.356323241999974],[103.86810302700019,14.35491943400018],[103.87072753900009,14.35131835900006],[103.87207031200006,14.347290038999972],[103.87512206999997,14.346496582000157],[103.87829589800003,14.34350585900006],[103.88110351600017,14.339477538999972],[103.88427734400005,14.339721680000025],[103.88647460900006,14.343078613000046],[103.89068603500016,14.343078613000046],[103.89508056600005,14.34350585900006],[103.8992919920002,14.34509277300009],[103.900878906,14.342712402000018],[103.90069580100004,14.338500977000024],[103.90447998000008,14.338317871000129],[103.90747070300017,14.338500977000024],[103.91107177700007,14.33728027300009],[103.91448974600019,14.336120605000076],[103.9194946290001,14.3367309570001],[103.92370605500003,14.336303711000085],[103.92633056600005,14.33447265600006],[103.92889404300013,14.332519531000173],[103.9324951170002,14.331909180000025],[103.93670654300013,14.332275391000053],[103.94128418000008,14.330688477000024],[103.94671630900018,14.332275391000053],[103.94689941400014,14.336303711000085],[103.9459228520002,14.340515137000068],[103.94689941400014,14.344482422000112],[103.9481201170002,14.347717285000158],[103.95068359400011,14.350708008000083],[103.95471191400014,14.350891113000046],[103.95831298800005,14.350280762000068],[103.96228027300009,14.34991455100004],[103.96691894500003,14.350097656],[103.97149658200016,14.34991455100004],[103.97570800800008,14.352294922000112],[103.97991943400001,14.354675293000128],[103.9827270510001,14.354125977000024],[103.98571777300009,14.350708008000083],[103.98809814500004,14.346679687000119],[103.9912719730001,14.346923828000172],[103.99487304700017,14.345703125000114],[103.99810791000004,14.349487305000082],[104.00091552700007,14.35327148400006],[104.00469970699999,14.356079102000024],[104.00952148400006,14.355895996000186],[104.01068115200013,14.352111816000047],[104.01068115200013,14.348327637000011],[104.01287841800018,14.34552001999998],[104.01672363300008,14.342529297000056],[104.0211181640002,14.341674805000082],[104.02532959000013,14.341308594000054],[104.03009033200004,14.339111328000172],[104.03472900400016,14.340270996000186],[104.03912353500004,14.341308594000054],[104.04309082000009,14.341674805000082],[104.04589843700018,14.341125487999989],[104.04968261700009,14.341308594000054],[104.05371093700012,14.34228515600006],[104.05810546900011,14.344299316000047],[104.06292724600019,14.343872070000089],[104.06707763700012,14.34228515600006],[104.07128906200018,14.343688965000126],[104.07489013700012,14.34509277300009],[104.07812500000017,14.345275879000155],[104.08190918000014,14.346130371000129],[104.08612060500013,14.347290038999972],[104.0911254880001,14.350280762000068],[104.094482422,14.355529785000158],[104.09729003900009,14.36071777300009],[104.09808349600007,14.364929199000187],[104.09948730500014,14.36767578100006],[104.10272216800018,14.369079590000126],[104.10571289100011,14.370117187000062],[104.1074829100001,14.373474121000186],[104.10913085900012,14.377929687000062],[104.11511230500014,14.376281738000046],[104.1182861330002,14.375671387000125],[104.12109375000006,14.374328613000046],[104.12512207000015,14.374511719000054],[104.12927246100008,14.375671387000125],[104.13372802700013,14.375305176000097],[104.13751220700004,14.373291016000053],[104.13952636700009,14.370910645000038],[104.13970947300015,14.366271973000096],[104.13787841800007,14.362121582000157],[104.13732910200008,14.357910156],[104.14111328100012,14.355712891000053],[104.1463012700001,14.355102539000143],[104.15032959000018,14.355529785000158],[104.15447998000002,14.356323241999974],[104.15948486300016,14.356689453000172],[104.16467285200014,14.357116699000187],[104.169677734,14.35772705100004],[104.17388916000016,14.359680176000097],[104.17510986300016,14.363525391],[104.17309570300012,14.367492676000097],[104.17468261700014,14.37048339800009],[104.17388916000016,14.373474121000186],[104.17108154300007,14.375671387000125],[104.17309570300012,14.378112793000128],[104.17767334000007,14.379882812000119],[104.18231201200018,14.381530762000068],[104.18511962900004,14.383728027000018],[104.18811035200014,14.384704590000126],[104.19268798800016,14.382873535000044],[104.19549560500002,14.382080078],[104.19830322299998,14.383483887000068],[104.20068359400005,14.381896973000039],[104.20330810500002,14.37829589800009],[104.20532226600017,14.374084473000096],[104.20770263700018,14.370910645000038],[104.21112060500019,14.368286133000083],[104.21429443400018,14.36767578100006],[104.21807861300005,14.36767578100006],[104.22131347700014,14.368530273000033],[104.22430419900019,14.369506836000141],[104.22711181600005,14.370117187000062],[104.22991943400018,14.370727539000143],[104.23431396500007,14.372314453000172],[104.23791503900014,14.37390136700003],[104.24127197300004,14.375305176000097],[104.24468994100005,14.376098633000083],[104.24731445300012,14.377502441000104],[104.24969482400019,14.380126953000172],[104.25128173800005,14.383911133000083],[104.25311279300013,14.386901855000076],[104.25250244100005,14.39111328100006],[104.25628662100019,14.393493652000075],[104.25891113300008,14.395507812000119],[104.26031494100005,14.398925781],[104.26489257800017,14.399902344000111],[104.26867675800008,14.40148925800014],[104.27172851600017,14.405273437000119],[104.27612304700006,14.408325195000032],[104.27947998000008,14.406677246000015],[104.28192138700007,14.403930664000143],[104.28607177700007,14.400085449000073],[104.29107666000004,14.399902344000111],[104.29351806600005,14.398071289000029],[104.2954711910001,14.395690918000184],[104.29772949200014,14.392883301000097],[104.30072021500007,14.389099121000186],[104.3032836910001,14.386474609000118],[104.30651855500003,14.383728027000018],[104.31030273400006,14.38171386700003],[104.31372070300017,14.381896973000039],[104.31689453100006,14.379699707000157],[104.32012939499998,14.37670898400006],[104.32250976600005,14.37390136700003],[104.32611084000013,14.373291016000053],[104.32971191400014,14.37109375000017],[104.33349609400011,14.371704102000024],[104.33728027300015,14.370117187000062],[104.34008789100005,14.36889648400006],[104.34588623000013,14.368713379000098],[104.34967041000004,14.368530273000033],[104.35272216800013,14.368713379000098],[104.35687255900007,14.370300293000128],[104.36047363300014,14.373474121000186],[104.3643188480001,14.374328613000046],[104.36712646500013,14.375122070000032],[104.37109375000017,14.377502441000104],[104.37548828100006,14.382507324000017],[104.37792968700012,14.379272460999971],[104.3804931640002,14.376892090000126],[104.38330078100006,14.375122070000032],[104.38592529300018,14.372070312000119],[104.38989257800006,14.373474121000186],[104.3948974610002,14.374694824000017],[104.3997192380001,14.373291016000053],[104.40148925800014,14.369323730000076],[104.40527343700018,14.366271973000096],[104.40887451200012,14.367309570000032],[104.41168212900004,14.370300293000128],[104.41571044900007,14.371704102000024],[104.41912841800018,14.370117187000062],[104.42211914100011,14.369079590000126],[104.42590332000009,14.368286133000083],[104.42987060500019,14.364318848000039],[104.4329223630001,14.359924316000047],[104.43670654300018,14.358093262000068],[104.43969726600011,14.358520508000083],[104.44348144500015,14.358520508000083],[104.44689941400009,14.356872559000067],[104.45031738300014,14.356689453000172],[104.45330810500019,14.35827636700003],[104.45648193400012,14.36071777300009],[104.4600830080002,14.36047363300014],[104.46331787100007,14.358093262000068],[104.46411132800006,14.355285645000038],[104.46350097700014,14.35150146500007],[104.46209716800007,14.346923828000172],[104.46630859400017,14.34509277300009],[104.46728515600012,14.34228515600006],[104.46588134800015,14.3367309570001],[104.46588134800015,14.333496094000054],[104.46551513700012,14.326477051000097],[104.4649047850001,14.320922851999967],[104.4636840820001,14.315307616999974],[104.46173095700004,14.31048584000007],[104.46051025400004,14.306701660000158],[104.45928955099998,14.303894043000128],[104.45812988300014,14.30108642600004],[104.45727539100017,14.297485352000024],[104.45727539100017,14.294311523000033],[104.45629882800006,14.290100098000039],[104.45690918000014,14.285278320000032],[104.4561157230001,14.282104492000144],[104.45770263700012,14.278320312000062],[104.4558715820001,14.27288818400018],[104.45690918000014,14.26788330100004],[104.45727539100017,14.263488770000151],[104.4558715820001,14.259277344000054],[104.45971679700017,14.256530762000182],[104.46191406200018,14.251098633000026],[104.46191406200018,14.247680664000143],[104.46209716800007,14.24432373000019],[104.46148681600016,14.241088867000144],[104.46331787100007,14.238098145000151],[104.46289062500006,14.23370361300016],[104.4600830080002,14.228881836000085],[104.45867919900013,14.223876953000115],[104.4570922850001,14.219482422000056],[104.45788574200009,14.215881347999982],[104.45672607400007,14.212890625000057],[104.45251464800015,14.21087646500007],[104.44873046900011,14.211303711000028],[104.44427490200013,14.211303711000028],[104.44207763700018,14.208923340000183],[104.44348144500015,14.204711914000086],[104.4451293950001,14.200927734000118],[104.4492797850001,14.199523926000154],[104.45147705099998,14.197692871000072],[104.45208740200013,14.194091797000056],[104.45391845700004,14.190917969000168],[104.45727539100017,14.188903809000124],[104.45947265600012,14.185119628999985],[104.46087646500001,14.1804809570001],[104.4627075200001,14.178100586000028],[104.46691894500015,14.177124023000147],[104.47070312500006,14.174499512000125],[104.47290039100011,14.168884277000132],[104.47668457000015,14.166076660000101],[104.48028564500015,14.164672852000137],[104.4835205080002,14.161682129000042],[104.48712158200004,14.160888672],[104.48852539100011,14.158081055000139],[104.49249267600004,14.156311035000044],[104.49707031200006,14.155273437],[104.49951171900017,14.153320312000176],[104.50292968700018,14.151306152000132],[104.50549316400009,14.148315430000139],[104.50750732400013,14.145324707000043],[104.50653076200012,14.140075684000124],[104.5023193360002,14.138122559000067],[104.49969482400013,14.135314941000104],[104.4993286130001,14.132080078000058],[104.49548339800003,14.130310059000067],[104.49212646500018,14.127075195000145],[104.48992919900007,14.12329101600011],[104.486877441,14.120300293000184],[104.4835205080002,14.119323730000133],[104.48071289100011,14.117492676000154],[104.47827148400017,14.114685059000124],[104.47589111300016,14.110290527000132],[104.47247314500015,14.106689453000058],[104.4691162110002,14.105895996000015],[104.46752929700017,14.10351562500017],[104.46508789100017,14.101074219000168],[104.46289062500006,14.098083496000072],[104.45928955099998,14.094909668000184],[104.45648193400012,14.091491699000073],[104.45648193400012,14.087707520000038],[104.453125,14.083129883000083],[104.45129394500015,14.078674316000104],[104.44830322300015,14.076110840000126],[104.444091797,14.074523926000097],[104.44012451200012,14.07312011700003],[104.43811035200008,14.069519043000128],[104.43670654300018,14.066284180000082],[104.43609619100016,14.063110352000024],[104.43511962900016,14.059875488000102],[104.43408203100012,14.056701660000044],[104.43328857400013,14.052490234000118],[104.4329223630001,14.049499512000068],[104.43048095700004,14.04687500000017],[104.43048095700004,14.043884277000075],[104.43048095700004,14.040893555000082],[104.4293212890002,14.037902832000157],[104.42907714799998,14.03491210900006],[104.43011474600007,14.031311034999987],[104.4293212890002,14.026672363000046],[104.42608642600015,14.024475098000096],[104.42327880900012,14.023498534999987],[104.4238891600001,14.020324707000157],[104.4251098630001,14.017089844000111],[104.4251098630001,14.01367187500017],[104.42352294900007,14.010925293000128],[104.42071533200004,14.008300781],[104.41931152300015,14.005493163999972],[104.41870117200017,14.00170898400006],[104.41790771500018,13.997924805000025],[104.41772460900012,13.994506836000085],[104.41931152300015,13.991271973000039],[104.42132568400007,13.98809814499998],[104.42309570300006,13.985290527000075],[104.42431640600006,13.981079102000024],[104.42669677700013,13.977294922000112],[104.42767334000018,13.973083496000186],[104.42712402300015,13.970275879000098],[104.42608642600015,13.967285156],[104.42547607400013,13.962890625000114],[104.4238891600001,13.959106445000032],[104.42010498000013,13.957092285000158],[104.42108154300001,13.952697754000098],[104.4229125980001,13.94891357400013],[104.42230224600007,13.945678711000085],[104.4215087890002,13.942687987999989],[104.421875,13.93890380900018],[104.41967773400017,13.936096191000047],[104.41632080100015,13.934875488000046],[104.41467285200014,13.937927246000129],[104.41351318400007,13.942077637000068],[104.41107177700013,13.94671630900018],[104.40850830100015,13.950317383000026],[104.40692138700012,13.952697754000098],[104.40332031200012,13.9539184570001],[104.3997192380001,13.956115722999982],[104.39648437500006,13.958679199000187],[104.39367675800014,13.96087646500007],[104.3909301760001,13.962524414000086],[104.38769531200018,13.961303711000085],[104.38391113300014,13.961914062000062],[104.3804931640002,13.960510254000098],[104.3775024410001,13.96087646500007],[104.37371826200007,13.96112060500002],[104.36889648400012,13.96112060500002],[104.3643188480001,13.962707520000151],[104.36029052700007,13.964477539000143],[104.3563232420002,13.96228027300009],[104.35351562500017,13.95928955100004],[104.35131835900006,13.95648193400001],[104.3486938480001,13.953674316000047],[104.34472656200012,13.954284668000128],[104.3406982420002,13.956298828000172],[104.33691406200012,13.957702637000011],[104.33392334000013,13.958129883000026],[104.33087158200004,13.958129883000026],[104.32708740200007,13.957702637000011],[104.323486328,13.956909180000025],[104.31988525400016,13.95672607400013],[104.31628418000008,13.956298828000172],[104.31207275400016,13.955078125000114],[104.30871582000003,13.955688477000024],[104.30487060500013,13.955688477000024],[104.30151367200011,13.95672607400013],[104.29809570300017,13.958312987999989],[104.29431152300009,13.95928955100004],[104.29089355500008,13.960083008000083],[104.28710937500011,13.959106445000032],[104.282470703,13.95892334000007],[104.27868652300009,13.957275391000053],[104.27508544900019,13.95489501999998],[104.27270507800017,13.952697754000098],[104.2700805660001,13.955078125000114],[104.26690673800005,13.957519531000173],[104.26409912100013,13.958312987999989],[104.26068115200007,13.957885741999974],[104.25732421900005,13.95648193400001],[104.2545166020002,13.95489501999998],[104.25128173800005,13.952270508000083],[104.2479248050002,13.95007324200003],[104.24487304700011,13.948303223000039],[104.242675781,13.945678711000085],[104.24047851600005,13.942871094000054],[104.23431396500007,13.940307617000144],[104.22912597700014,13.937683105000076],[104.22589111299999,13.934326172000056],[104.22167968700006,13.93292236300016],[104.21972656200006,13.930725098000153],[104.21612548800016,13.928283691000047],[104.21252441400009,13.929687500000114],[104.20989990200019,13.930908203000115],[104.20471191400009,13.93109130900018],[104.19970703100017,13.931701660000158],[104.19592285200014,13.932495117000144],[104.19189453100017,13.934509277000188],[104.18731689500015,13.937072754000098],[104.18591308600008,13.94171142600004],[104.18109130900018,13.946289062000062],[104.17749023400017,13.948730469],[104.17468261700014,13.951721191000047],[104.17028808600008,13.953674316000047],[104.1671142580002,13.955078125000114],[104.1629028320001,13.956298828000172],[104.1580810550002,13.957519531000173],[104.152893066,13.958312987999989],[104.14788818400012,13.959716797000056],[104.14349365200019,13.959106445000032],[104.13848877000015,13.95892334000007],[104.13330078100012,13.958496094000054],[104.12628173800016,13.957519531000173],[104.1195068360002,13.955688477000024],[104.11151123000019,13.95489501999998],[104.11090087900004,13.959899902000018],[104.11212158200004,13.963500977000024],[104.11291503900003,13.966674805000082],[104.03851318400007,13.967529297000056],[103.99548339800015,13.96710205100004],[103.95452880900018,13.966918945000032],[103.93170166000016,13.967285156],[103.88830566400014,13.965515137000011],[103.84808349600013,13.966491699000187],[103.82971191400009,13.966308594000054],[103.79327392600004,13.966308594000054],[103.74548339799998,13.96612548800016],[103.688720703,13.964904785000158],[103.68188476600011,13.960327148000033],[103.67712402300009,13.96112060500002],[103.67230224600019,13.962097168000128],[103.66748046900011,13.963684082000157],[103.6651000980001,13.965270996000186],[103.66149902300009,13.964904785000158],[103.66271972700002,13.96868896500007],[103.65747070300006,13.96850585900006],[103.65350341800018,13.968322754000098],[103.65148925800014,13.970886230000076],[103.64910888700007,13.969116211000085],[103.64648437500017,13.966491699000187],[103.64691162100019,13.963317871000129],[103.64312744100005,13.965698241999974],[103.64050293000008,13.969116211000085],[103.63751220700016,13.969482422000112],[103.63549804700011,13.971679687000119],[103.63250732400002,13.969482422000112],[103.63250732400002,13.96612548800016],[103.6295166020002,13.966674805000082],[103.62689209000013,13.964111328000115],[103.62988281200012,13.9617309570001],[103.62451171900005,13.95928955100004],[103.6196899410001,13.961914062000062],[103.6196899410001,13.958496094000054],[103.6196899410001,13.954711914000143],[103.61669921900011,13.95489501999998],[103.61767578100006,13.951477051000097],[103.6160888670002,13.949096680000025],[103.61370849600019,13.947509766000167],[103.60931396500007,13.94671630900018],[103.60528564500004,13.945922852000137],[103.60327148400012,13.941528319999975],[103.59930419900019,13.937927246000129],[103.5963134770002,13.935913086000085],[103.59350585900006,13.933288574000187],[103.59368896500013,13.929077148000033],[103.59271240200002,13.92608642600004],[103.58911132800017,13.929504395000151],[103.58532714800003,13.929504395000151],[103.58251953100017,13.92791748000002],[103.5786743160001,13.926513672000056],[103.57830810500008,13.922485351999967],[103.57989502000004,13.92010498000002],[103.57629394500003,13.91827392600004],[103.57269287100019,13.915100097999982],[103.56872558600008,13.916687012000011],[103.56848144500003,13.913330078000115],[103.57031250000011,13.909729004000042],[103.56811523400006,13.905883789000143],[103.56567382800017,13.907470703000172],[103.56250000000011,13.907714844],[103.559082031,13.906921387000182],[103.55627441400014,13.90850830100004],[103.55627441400014,13.905273437000062],[103.55450439500015,13.901916504000042],[103.5523071290001,13.905273437000062],[103.5487060550002,13.904724121000072],[103.54772949200014,13.901672362999989],[103.54467773400006,13.901489258000026],[103.54028320300017,13.89971923800016],[103.53747558600014,13.896484375000114],[103.53369140600017,13.898925781000116],[103.53192138700018,13.90252685500019],[103.5300903320001,13.897705078000115],[103.52612304700006,13.897094727000137],[103.5233154300002,13.898315429999968],[103.51892089800003,13.89672851600011],[103.51629638700001,13.899902344],[103.51287841800013,13.90008544900013],[103.50970459000007,13.898925781000116],[103.50549316400014,13.89971923800016],[103.50128173799999,13.899291992000144],[103.49749755900018,13.900329590000183],[103.49389648400017,13.90008544900013],[103.48870849600013,13.899902344],[103.48468017600004,13.900329590000183],[103.48071289100017,13.901916504000042],[103.47790527300003,13.899291992000144],[103.47650146500001,13.895080566000047],[103.47351074200014,13.89312744100016],[103.47009277300003,13.892272949000187],[103.46771240200013,13.89471435500019],[103.46508789100017,13.893493652000188],[103.46051025400004,13.892089844],[103.45690918000014,13.889709473000153],[103.45471191400009,13.887084961000085],[103.45111084000018,13.88592529300007],[103.44848632800012,13.883300781000116],[103.44451904300001,13.883728027000132],[103.44409179700006,13.880126953000058],[103.44067382800012,13.877502441],[103.43847656200006,13.880310059000124],[103.43310546900017,13.879516602000137],[103.4346923830002,13.883483887000182],[103.4346923830002,13.888488770000151],[103.43530273400017,13.891723633000026],[103.43811035200014,13.891113281000116],[103.43908691400009,13.895324707000043],[103.44232177700013,13.898925781000116],[103.43988037100013,13.901672362999989],[103.43688964800003,13.904113770000151],[103.43908691400009,13.906494141000167],[103.43688964800003,13.910278320000032],[103.44030761700009,13.911682129000098],[103.44067382800012,13.91632080100004],[103.43768310500019,13.917480469000054],[103.43487548800016,13.918884277000188],[103.42907714800003,13.919311523000033],[103.42633056600016,13.919921875000057],[103.42352294900007,13.921508789000086],[103.42071533200004,13.922912597999982],[103.41809082000015,13.924316406000173],[103.41510009800015,13.926513672000056],[103.41131591800018,13.9285278320001],[103.40728759800015,13.928710937000062],[103.40209960900012,13.929321289000086],[103.39727783200004,13.930908203000115],[103.3931274410001,13.931701660000158],[103.39007568400012,13.932678223000039],[103.38690185500013,13.935119629000042],[103.38391113300014,13.938720703000115],[103.38092041000004,13.942321777000188],[103.37890625,13.945129395000151],[103.37567138700018,13.94952392600004],[103.37231445300006,13.954284668000128],[103.36932373000013,13.958312987999989],[103.3665161130001,13.961914062000062],[103.36407470700004,13.965087891000053],[103.36187744100016,13.96868896500007],[103.3587036130001,13.973876953000172],[103.35687255900012,13.977294922000112],[103.35491943400007,13.980712891],[103.35290527300015,13.984130859],[103.34912109400011,13.990905762000068],[103.34710693400007,13.994323730000076],[103.34509277300015,13.997680663999972],[103.34368896500018,14.000305176000097],[103.34149169900007,14.002319336000085],[103.33288574200009,14.015075684000067],[103.33190918000008,14.01892089800009],[103.33129882800006,14.022277831999986],[103.3284912110002,14.025695801000097],[103.32507324200009,14.022521973000039],[103.32171630900007,14.018310547000112],[103.31848144500009,14.014709473000039],[103.31610107400007,14.011718750000114],[103.31451416000004,14.009277344000111],[103.31268310500013,14.006530762000011],[103.3098754880001,14.002502441000047],[103.30072021500013,13.991699219000054],[103.29431152300009,13.984680176000097],[103.28692627000004,13.97650146500007],[103.28027343700012,13.969116211000085],[103.27770996100014,13.966308594000054],[103.2744750980001,13.963073730000076],[103.27111816400014,13.960510254000098],[103.26708984400011,13.956909180000025],[103.2645263670002,13.955078125000114],[103.26092529300013,13.953491211000085],[103.25750732400019,13.952697754000098],[103.25372314499998,13.952087402000018],[103.25048828100006,13.951477051000097],[103.24707031200012,13.951293945000032],[103.24407959000013,13.951477051000097],[103.23809814500004,13.950927734000174],[103.21887207000003,13.95007324200003],[103.21270752000015,13.948120117000144],[103.20727539100005,13.944885254000098],[103.20410156200006,13.93927001999998],[103.20172119100005,13.942321777000188],[103.19812011700014,13.949890137000068],[103.19189453100017,13.96069335900006],[103.18109130900018,13.977294922000112],[103.17108154300013,13.993713379000098],[103.17047119100005,13.996887207000157],[103.17150878900009,14.000915527000018],[103.17547607400019,14.002502441000047],[103.18011474600013,14.00531005900001],[103.18371581999997,14.008300781],[103.18688964800003,14.011291504000098],[103.18792724600013,14.014526366999974],[103.18951416000016,14.017272949000073],[103.19128418000003,14.020324707000157],[103.19287109400005,14.023315430000025],[103.19390869100005,14.02709960900006],[103.19470214800003,14.031921387000068],[103.19567871100014,14.036071777000075],[103.19567871100014,14.039123534999987],[103.19451904300007,14.04187011700003],[103.19189453100017,14.045104980000076],[103.18927002000004,14.04748535200008],[103.18688964800003,14.050476074000073],[103.18688964800003,14.054504395000038],[103.18951416000016,14.05749511700003],[103.19207763700007,14.058898926000097],[103.19427490200007,14.060913086000141],[103.19769287100013,14.064086914000029],[103.20031738300003,14.068725586000141],[103.20050048799999,14.07287597700008],[103.2014770510001,14.076293945000089],[103.20129394500003,14.079711914000029],[103.20031738300003,14.083679199000073],[103.20330810500008,14.087524413999972],[103.20507812500011,14.09069824200003],[103.20629882800017,14.093505859000118],[103.20770263700007,14.09790039100011],[103.20892334000007,14.102111816000104],[103.21008300800008,14.105712891000053],[103.21032714800003,14.109313965000126],[103.20709228500016,14.10913085900006],[103.20349121100008,14.107727051000097],[103.1978759770002,14.108703613000102],[103.19409179700011,14.10852050800014],[103.19030761700014,14.107116699000073],[103.18609619100005,14.106872559000124],[103.18310546900005,14.106689453000058],[103.17907714800009,14.106506348000096],[103.17529296900005,14.106872559000124],[103.17187500000011,14.10913085900006],[103.16809082000003,14.111083984000118],[103.16430664100017,14.112121581999986],[103.16107177700002,14.111511230000133],[103.1580810550002,14.108703613000102],[103.15447998000008,14.109924316000104],[103.15191650400004,14.11187744100016],[103.14892578100012,14.11132812500017],[103.14550781200006,14.11071777300009],[103.14312744100016,14.108703613000102],[103.13891601600017,14.109497070000089],[103.13427734400005,14.11132812500017],[103.13049316400009,14.11187744100016],[103.12731933600003,14.11047363299997],[103.1243286130001,14.11010742200017],[103.12072753900009,14.112304687000119],[103.1182861330002,14.114501953000058],[103.11492919900013,14.11572265600006],[103.11132812500006,14.116271973000153],[103.10931396500018,14.11968994100016],[103.10528564500015,14.122070312000176],[103.1019287110002,14.124511719000111],[103.09991455100015,14.126892090000183],[103.09729003900009,14.130310059000067],[103.09332275400004,14.132080078000058],[103.08947753900009,14.13549804700017],[103.08569335900017,14.138671875000057],[103.08270263700018,14.14111328100006],[103.08148193400012,14.14508056600016],[103.08050537100007,14.149719238000102],[103.07952880900012,14.155273437],[103.076904297,14.159729004000155],[103.07611084000018,14.163513184000124],[103.03192138700012,14.25030517600004],[103.03869628900003,14.252502441],[103.04071044900007,14.255126953000115],[103.04309082000015,14.257873535000158],[103.04711914100011,14.262084961000085],[103.04968261700009,14.265502930000025],[103.05230712899998,14.26947021500007],[103.05529785200008,14.2722778320001],[103.05688476600011,14.27569580100004],[103.05590820300006,14.279296875000114],[103.05627441400009,14.283325194999975],[103.06072998000013,14.28509521500007],[103.06469726600011,14.285888672000056],[103.06951904300018,14.286071777000018],[103.07391357400007,14.286071777000018],[103.07647705100004,14.288330078000115],[103.078674316,14.292480469000054],[103.08111572300015,14.2957153320001],[103.0850830080002,14.296508789000143],[103.08929443400012,14.29632568400018],[103.09387206999997,14.29827880900001],[103.0977172850001,14.299499512000011],[103.10131835900017,14.299682616999974],[103.10668945300012,14.299926758000026],[103.11187744100005,14.299926758000026],[103.11651611300016,14.300292969000054],[103.1209106450001,14.301696777000018],[103.1248779300002,14.3035278320001],[103.127502441,14.305114746000129],[103.13031005900012,14.307495116999974],[103.1287231450001,14.312316895000151],[103.12811279300007,14.316894531],[103.1296997070001,14.320312500000114],[103.13409423800016,14.322082520000038],[103.13830566400009,14.324279784999987],[103.14190673800016,14.32611084000007],[103.14611816400009,14.325317383000083],[103.14892578100012,14.320495605000076],[103.15289306600005,14.316528319999975],[103.15649414100017,14.320312500000114],[103.1580810550002,14.323486328000172],[103.15948486299999,14.32788085900006],[103.16210937500011,14.331726074000187],[103.1658935550002,14.334106445000032],[103.16888427700019,14.335083008000083],[103.17291259799998,14.33569335900006],[103.17767334000007,14.335327148000033],[103.18109130900018,14.334899902000018],[103.18469238300008,14.334289551000097],[103.19049072300004,14.333129883000026],[103.19409179700011,14.331726074000187],[103.19689941400014,14.330505371000129],[103.1990966800002,14.328125000000114],[103.20471191400014,14.327087402000075],[103.20867919900019,14.328308105000076],[103.2135009770002,14.328308105000076],[103.217285156,14.325927734],[103.21972656200006,14.323913574000187],[103.22351074200014,14.325683594000054],[103.22711181600005,14.327514648000033],[103.22949218700012,14.329101562000062],[103.23272705100004,14.331909180000025],[103.23791503900014,14.336303711000085],[103.24688720700016,14.338684082000157],[103.25128173800005,14.341918945000032],[103.25567627000004,14.344299316000047],[103.25909423800005,14.347473145000038],[103.26190185500008,14.350097656],[103.26489257800017,14.350891113000046],[103.26812744100005,14.350708008000083],[103.27508544900007,14.349670410000044],[103.28167724600019,14.348327637000011],[103.28729248000013,14.349670410000044],[103.29071044900002,14.350708008000083],[103.29827880900007,14.352478027000075],[103.31207275400016,14.355895996000186],[103.31689453100006,14.356689453000172],[103.32110595699999,14.354675293000128],[103.32507324200009,14.352111816000047],[103.3311157230001,14.351074219000111],[103.33471679700011,14.354675293000128],[103.33630371100014,14.358886719000111],[103.34069824200009,14.360290527000075],[103.34509277300015,14.356689453000172],[103.34832763700007,14.354309082000157],[103.35290527300015,14.352722168000128],[103.35809326200012,14.352722168000128],[103.3643188480001,14.352478027000075],[103.36749267600015,14.352111816000047],[103.3707275390002,14.352478027000075],[103.37591552700013,14.352478027000075],[103.3806762700001,14.35290527300009],[103.38452148400012,14.35491943400018],[103.38787841800007,14.355529785000158],[103.39129638700012,14.356872559000067],[103.39508056600016,14.35772705100004],[103.3984985350001,14.357482910000044],[103.40228271500018,14.358520508000083],[103.40112304700017,14.362487793000128],[103.39910888700012,14.366271973000096],[103.40051269500009,14.369873047000112],[103.40808105500014,14.370300293000128],[103.41210937500006,14.371704102000024],[103.41467285200014,14.377685547000112],[103.41748046900017,14.381286621000186],[103.42028808600003,14.38330078100006],[103.42407226600017,14.385314941000047],[103.42791748000019,14.386901855000076],[103.43188476600017,14.38952636700003],[103.43609619100016,14.390686035000044],[103.43847656200006,14.388305663999972],[103.43908691400009,14.385498047000112],[103.43908691400009,14.381896973000039],[103.44110107400013,14.379699707000157],[103.44610595700004,14.381530762000068],[103.44671630900012,14.37829589800009],[103.4473266600001,14.375122070000032],[103.44891357400013,14.371704102000024],[103.450683594,14.36889648400006],[103.45367431600005,14.368286133000083],[103.45751953100012,14.367919922000112],[103.46209716800007,14.366516113000046],[103.4666748050002,14.365295409999987],[103.47070312500006,14.369873047000112],[103.4714965820001,14.374084473000096],[103.47351074200014,14.376892090000126],[103.47668456999997,14.377929687000062],[103.47967529300007,14.37890625000017],[103.48187255900018,14.383117676000097],[103.48510742200006,14.387512207000157],[103.48950195300012,14.386291504000155],[103.49371337900004,14.386718750000114],[103.49609375000011,14.38928222700008],[103.49627685500008,14.40307617200017],[103.49670410200014,14.406921387000068],[103.4981079100001,14.41149902300009],[103.50329589800003,14.413879395000038],[103.50830078100017,14.41467285200008],[103.51208496100008,14.415283203000058],[103.51531982400013,14.416320801000097],[103.51849365200019,14.417297363000046],[103.52227783200016,14.417907715000126],[103.52508544900019,14.418884277000075],[103.52789306600005,14.420715332000157],[103.531494141,14.42248535200008],[103.53430175800008,14.424926758000083],[103.5379028320001,14.426086426000154],[103.5432739260001,14.426696777000075],[103.54852294900013,14.427490234000118],[103.55310058600008,14.429504395000038],[103.55688476600005,14.431701660000044],[103.56072998000002,14.432312012000068],[103.56427002000004,14.43188476600011],[103.56890869100005,14.43249511700003],[103.57312011700014,14.431518555000082],[103.57727050800008,14.432922363000046],[103.58209228499999,14.432312012000068],[103.5864868160001,14.431091309000067],[103.59112548799999,14.429504395000038],[103.59429931600005,14.42687988300014],[103.59729003900014,14.423706055000082],[103.60028076200007,14.423095703000058],[103.60351562500011,14.422302246000186],[103.60729980500008,14.42272949200003],[103.60992431600005,14.424682617000087],[103.61071777300009,14.421325684000067],[103.61169433600014,14.416870117000087],[103.61389160200002,14.412719727000024],[103.61529541000004,14.40930175800014],[103.61730957000003,14.406127930000082],[103.62072753900014,14.40429687500017],[103.62432861300005,14.404907227000024],[103.62768554700011,14.407287598000096],[103.63110351600005,14.408508301000097],[103.63409423800005,14.410278320000089],[103.63812255900001,14.412475585999971],[103.64270019500009,14.41467285200008],[103.64831543000008,14.415527344000054],[103.65307617200017,14.413696289000029],[103.65570068400007,14.416687012000125],[103.65631103500004,14.420715332000157],[103.65209960900012,14.423278809000067],[103.64788818400007,14.424499512000125],[103.64270019500009,14.426086426000154],[103.64410400400016,14.43029785200008],[103.64587402300015,14.433898926000097],[103.6516723630001,14.436523437000119],[103.65612793000008,14.439514160000044],[103.66052246100014,14.43969726600011],[103.66308593700012,14.438476562000176],[103.66589355500008,14.437316895000038],[103.66949462900016,14.437072753999985],[103.6727294920002,14.436889648000147],[103.67651367200011,14.436889648000147],[103.68048095700004,14.437683105000133],[103.68389892600015,14.439514160000044],[103.68792724600019,14.44030761700003],[103.69207763700012,14.438903809000067]]]}},{"type":"Feature","properties":{"adm1_name":"Pailin","adm1_name1":null,"adm1_name2":null,"adm1_name3":null,"adm1_pcode":"KH24","adm0_name":"Cambodia","adm0_name1":null,"adm0_name2":null,"adm0_name3":null,"adm0_pcode":"KH","valid_on":"2018-10-04","valid_to":null,"area_sqkm":1075.86207794,"version":"v01","lang":"en","lang1":null,"lang2":null,"lang3":null,"adm1_ref_name":"Pailin","center_lat":12.88922119,"center_lon":102.62940825},"geometry":{"type":"Polygon","coordinates":[[[102.65148925800014,13.115905762000125],[102.65490722700008,13.11389160200008],[102.65850830100015,13.114501953000058],[102.66308593700018,13.11352539100011],[102.66589355500014,13.11547851600011],[102.66912841800018,13.113098145000095],[102.67272949200003,13.111328125],[102.67651367200017,13.110717773000147],[102.68048095700004,13.11010742200017],[102.68432617200017,13.107299805000139],[102.68548584000018,13.103881836000028],[102.68707275400004,13.101074219000168],[102.68969726600011,13.103698730000133],[102.69451904300018,13.10229492200017],[102.7354736330002,13.044494629000155],[102.7468872070001,13.032470703000058],[102.75128173800016,13.026672363000102],[102.75152587900004,13.001892090000126],[102.75170898400017,12.965087891000053],[102.75189209000001,12.923095703000172],[102.75207519499997,12.892272949000187],[102.7523193360002,12.865112304999968],[102.75329589800003,12.79327392600004],[102.75329589800003,12.749511719000111],[102.74627685500019,12.743713379000155],[102.7432861330002,12.741516113000102],[102.73150634800015,12.733703613000102],[102.6859130860002,12.702880859000118],[102.66668701200012,12.689880371000015],[102.62109375000017,12.68188476600011],[102.5640869140002,12.671875],[102.51947021500013,12.662902832000157],[102.51629638700007,12.665100098000096],[102.51330566400014,12.66931152300009],[102.50988769500003,12.67132568400001],[102.50848388700007,12.675720215000126],[102.50708007800017,12.679077148000147],[102.50567627000004,12.682922363000046],[102.50811767600004,12.685729980000076],[102.50970459000007,12.689880371000015],[102.50769043000003,12.695129395000038],[102.50488281200006,12.698730469000111],[102.50091552700019,12.701721191000104],[102.4979248050002,12.704895020000038],[102.49987793000003,12.708312988000046],[102.501708984,12.710510254000155],[102.50329589800003,12.713073730000133],[102.50292968700006,12.717102051000154],[102.50268554700011,12.721679687000176],[102.50372314500015,12.726501465000126],[102.50427246100014,12.730895996000072],[102.50311279300007,12.734130859000118],[102.50091552700019,12.737670897999976],[102.50030517600004,12.74047851600011],[102.50250244100005,12.743103027000132],[102.50512695300012,12.74627685500019],[102.506103516,12.749511719000111],[102.50811767600004,12.752319335999971],[102.5125122070001,12.753295898000147],[102.51672363300003,12.752319335999971],[102.51971435500008,12.75390625],[102.52172851600017,12.756896973000096],[102.5233154300002,12.759704590000183],[102.52551269500003,12.763122559000067],[102.52832031200006,12.765502930000139],[102.53149414100005,12.76672363300014],[102.53332519500003,12.771118164000029],[102.533691406,12.775512695000089],[102.53552246100008,12.780090332000043],[102.53570556600005,12.78448486300016],[102.53448486300005,12.787475586000028],[102.53247070300017,12.790100098000153],[102.52972412100013,12.79327392600004],[102.52832031200006,12.797485352000137],[102.52893066400014,12.802490234000174],[102.53027343700012,12.806884766000167],[102.5321044920002,12.810729980000133],[102.5311279300002,12.813720703000058],[102.52929687500011,12.816894531000116],[102.52630615200002,12.818481444999975],[102.52227783200016,12.819885254000042],[102.5191040040001,12.821289062],[102.51568603500016,12.823120117000087],[102.51593017600004,12.826293945000145],[102.51531982400019,12.830078125000114],[102.51611328100017,12.83331298800016],[102.51507568400001,12.837280273000033],[102.51409912100013,12.841674805000025],[102.50970459000007,12.844726562000176],[102.506103516,12.846313477000137],[102.5034790040001,12.849121094000168],[102.50048828100017,12.851501465000013],[102.49890136700014,12.855895996000129],[102.49847412100019,12.860473633000083],[102.50067138700007,12.863525391000167],[102.5034790040001,12.86468505900018],[102.50689697300004,12.866271973000039],[102.50750732400019,12.87030029300007],[102.50628662100013,12.874877930000025],[102.50567627000004,12.878723145000151],[102.50567627000004,12.882690430000025],[102.50830078100017,12.884521484000174],[102.50653076200018,12.8875122070001],[102.50689697300004,12.89093017600004],[102.50787353499999,12.893676758000083],[102.50872802700019,12.896484375000114],[102.50592041000016,12.898925781000173],[102.50329589800003,12.900878906],[102.50311279300007,12.904479980000076],[102.50292968700006,12.908325194999975],[102.501708984,12.912109375000114],[102.50091552700019,12.91632080100004],[102.498291016,12.920288086000085],[102.49591064500015,12.922485352000024],[102.49487304700011,12.926330566000047],[102.49310302700019,12.92907714800009],[102.49230957000003,12.931884766000053],[102.49090576200001,12.934875488000046],[102.4901123050002,12.938110352000024],[102.4888916020002,12.940917969000054],[102.48809814500015,12.944091797000112],[102.48632812500006,12.947326660000158],[102.48907470700016,12.950317383000083],[102.49230957000003,12.95111084000007],[102.49627685500008,12.953125000000114],[102.498291016,12.955871582000157],[102.49987793000003,12.958312988000046],[102.50048828100017,12.961120605000076],[102.49890136700014,12.963684082000157],[102.49707031200012,12.96728515600006],[102.49468994100005,12.970275879000155],[102.49127197300004,12.971313477000024],[102.48950195300012,12.974914551000097],[102.48632812500006,12.977722168000128],[102.48730468700006,12.982482910000044],[102.56250000000017,12.980712891000053],[102.57269287100019,12.999694824000017],[102.57550048800005,13.002075195000089],[102.57672119100005,13.005920409999987],[102.57928466800018,13.00830078100006],[102.58007812500017,13.014099121000186],[102.58447265600006,13.015319824000017],[102.58331298800005,13.019470215000126],[102.58587646500013,13.023315430000082],[102.58227539100005,13.024902344000111],[102.58532714800009,13.028930663999972],[102.58087158199999,13.030273437000176],[102.58111572300004,13.033325195000032],[102.58410644500003,13.035278320000089],[102.58367919900007,13.038513184000067],[102.58227539100005,13.04150390600006],[102.5828857420002,13.045104980000133],[102.58367919900007,13.048522949000017],[102.58111572300004,13.049926758000083],[102.57971191400014,13.053527832000157],[102.57910156200012,13.05712890600006],[102.57727050800014,13.060485840000183],[102.57489013700007,13.058288574000073],[102.573486328,13.062316895000038],[102.57727050800014,13.065490723000096],[102.57788085900012,13.069274902000132],[102.57971191400014,13.073913574000073],[102.58447265600006,13.074279785000101],[102.58807373000013,13.075927734000118],[102.59008789100005,13.07812500000017],[102.59252929700011,13.08068847700008],[102.59191894500003,13.083496094000111],[102.58728027300009,13.082092285000044],[102.58752441400014,13.08648681600016],[102.59228515600006,13.087524414000029],[102.59552002000004,13.087280273000147],[102.59912109400005,13.08648681600016],[102.60107421900011,13.089904785000044],[102.59808349600019,13.093872070000145],[102.6021118160001,13.095275879000042],[102.60272216800013,13.099304199000073],[102.6063232420002,13.100524902000075],[102.6099243160001,13.097473145000095],[102.61389160200008,13.099304199000073],[102.61431884800004,13.10229492200017],[102.61767578100006,13.101684570000145],[102.62188720700004,13.101684570000145],[102.62487793000014,13.104309082000043],[102.62872314500004,13.104492187000176],[102.63372802700007,13.105285645000095],[102.63507080100015,13.109924316000104],[102.6331176760001,13.113708496000072],[102.63592529300013,13.114685059000124],[102.63891601600005,13.114074707000043],[102.64331054700017,13.114685059000124],[102.64508056600016,13.112487793000014],[102.64831543000008,13.114685059000124],[102.65148925800014,13.115905762000125]]]}},{"type":"Feature","properties":{"adm1_name":"Phnom Penh","adm1_name1":null,"adm1_name2":null,"adm1_name3":null,"adm1_pcode":"KH12","adm0_name":"Cambodia","adm0_name1":null,"adm0_name2":null,"adm0_name3":null,"adm0_pcode":"KH","valid_on":"2018-10-04","valid_to":null,"area_sqkm":684.78086373,"version":"v01","lang":"en","lang1":null,"lang2":null,"lang3":null,"adm1_ref_name":"Phnom Penh","center_lat":11.57839966,"center_lon":104.83816258},"geometry":{"type":"Polygon","coordinates":[[[104.91888427700002,11.736511230000133],[104.92327880900018,11.736083984000174],[104.92791748000002,11.736083984000174],[104.93188476600005,11.736083984000174],[104.93652343700006,11.736083984000174],[104.93988037100019,11.735900879000042],[104.94427490200007,11.734924316000104],[104.947509766,11.732727051000154],[104.94848632800017,11.729309082000043],[104.94927978499999,11.726074219000168],[104.9514770510001,11.723083496000072],[104.95532226600017,11.718872070000145],[104.95831298799999,11.715881348000153],[104.96032714800003,11.711730956999986],[104.9635009770002,11.711120605000133],[104.96771240200002,11.710876465000183],[104.9669189450002,11.707702637000125],[104.96551513700007,11.703491211000028],[104.96429443400001,11.699279785000101],[104.96331787100013,11.6953125],[104.96228027300009,11.689880371000072],[104.96112060500008,11.68627929700017],[104.95989990200002,11.682922363000046],[104.95812988300003,11.678894043000184],[104.95452880900018,11.675109863000102],[104.95227050800008,11.66992187500017],[104.95068359400005,11.665893555000082],[104.94671630900018,11.65490722700008],[104.94390869100005,11.651672363000102],[104.94189453100017,11.648071289000029],[104.93988037100019,11.645507812000119],[104.93768310500008,11.642272949000073],[104.93627929700011,11.639099121000186],[104.93469238300008,11.633911133000083],[104.93389892600004,11.631103516000053],[104.93347168000008,11.62768554700017],[104.93231201200001,11.623718262000068],[104.93347168000008,11.618713379000098],[104.93469238300008,11.614929199000187],[104.93548584000007,11.611083984000118],[104.93908691400014,11.605712891000053],[104.93927002000004,11.600891113000046],[104.94091796900005,11.59710693400001],[104.94268798800005,11.59228515600006],[104.9434814450002,11.588928223000039],[104.94409179700011,11.585510254000098],[104.94470214800003,11.580688477000024],[104.94512939500015,11.57592773400006],[104.94592285200014,11.563110352000024],[104.94830322300004,11.560485840000126],[104.9514770510001,11.558105469000054],[104.95550537100013,11.555908203000172],[104.95867919900019,11.554321289000143],[104.96331787100013,11.552124023000033],[104.96752929700006,11.549316406000173],[104.9713134770002,11.547485352000024],[104.97607421900011,11.546081543000128],[104.98071289100005,11.545288086000141],[104.98529052700007,11.54467773400006],[104.98950195300017,11.543884277000075],[104.99487304700011,11.543273926000097],[104.99951171900005,11.543518066000047],[105.00311279300013,11.543701172000112],[105.00848388700007,11.543884277000075],[105.014892578,11.543884277000075],[105.01770019500009,11.545288086000141],[105.02227783199999,11.543273926000097],[105.02832031200012,11.542297363000046],[105.03271484400011,11.541687012000068],[105.03729248000013,11.540283203000172],[105.04168701200012,11.538879395000038],[105.03912353499999,11.535522461000085],[105.03729248000013,11.531311035000158],[105.03509521500013,11.528076172000112],[105.02990722700002,11.523315430000025],[105.02709960900006,11.518676758000083],[105.02630615200007,11.515686035000158],[105.0269165040001,11.512329102000137],[105.02770996100014,11.506896973000039],[105.02850341800013,11.501525879000042],[105.02807617200017,11.497680664000143],[105.02807617200017,11.494506836000085],[105.02911377000004,11.491271973000039],[105.02911377000004,11.488098145000151],[105.02929687500017,11.483520508000026],[105.04907226600011,11.482299805000025],[105.0435180660001,11.480102539000086],[105.03833007800017,11.47772216800007],[105.0344848630001,11.475097656000173],[105.03112793000008,11.472290039000086],[105.02893066400014,11.469299316],[105.02972412100019,11.465698242000144],[105.02410888700007,11.465698242000144],[105.02111816400014,11.465881347999982],[105.01708984400011,11.465881347999982],[105.01367187500017,11.46612548800016],[105.0100708010001,11.46612548800016],[105.007080078,11.46612548800016],[105.00268554700011,11.465881347999982],[104.99792480500003,11.465087891000167],[104.99407959000013,11.464721679999968],[104.9912719730001,11.464111328000115],[104.98748779300013,11.463073730000076],[104.98248291000004,11.461486816000047],[104.97772216800013,11.462280273000033],[104.97308349600019,11.462707520000151],[104.97009277300009,11.463073730000076],[104.9669189450002,11.464111328000115],[104.96331787100013,11.46649169900013],[104.96032714800003,11.46990966800007],[104.95751953100017,11.47430419900013],[104.95532226600017,11.47772216800007],[104.95330810500008,11.481079101999967],[104.95111084000007,11.485107422000056],[104.94891357400019,11.490112305000025],[104.94708252000004,11.493713379000042],[104.93572998000002,11.48968505900018],[104.92150878900014,11.484497069999975],[104.92132568400018,11.480895996000129],[104.92010498000008,11.477111816],[104.9182739260001,11.466674805000025],[104.91931152300003,11.463317871000072],[104.92150878900014,11.46087646500007],[104.92108154300013,11.457702637000182],[104.92187500000011,11.45050048800016],[104.92309570300017,11.447082520000151],[104.92272949200014,11.44390869100016],[104.92230224600013,11.42889404300007],[104.91870117200006,11.429077148000033],[104.91607666000016,11.430297852000137],[104.9129028320001,11.431884766000167],[104.90887451200007,11.43487548800016],[104.90472412100013,11.43572998000019],[104.90069580100004,11.435119629000042],[104.89752197300015,11.435485840000013],[104.89392089800003,11.433898925999983],[104.89111328100017,11.431884766000167],[104.88812255900012,11.4304809570001],[104.88568115200019,11.433715820000145],[104.88208007800012,11.436279297000056],[104.87951660200014,11.434326172],[104.87731933600003,11.429687500000057],[104.87512207000015,11.42547607400013],[104.87292480500014,11.421508789000086],[104.86968994100005,11.424316406000116],[104.86749267600004,11.426879883000026],[104.86291503900009,11.425292969000168],[104.858886719,11.423889160000101],[104.85571289100017,11.425720215000183],[104.85290527300003,11.429687500000057],[104.84869384800015,11.4304809570001],[104.8441162110002,11.4304809570001],[104.8308715820001,11.431274414000086],[104.828125,11.435302734000174],[104.82672119100016,11.438903809000124],[104.82452392600015,11.441284180000025],[104.82287597700014,11.44390869100016],[104.81970214799998,11.44268798800016],[104.81707763700018,11.439514160000101],[104.81909179700006,11.436279297000056],[104.8175048830002,11.432128906000116],[104.81311035200008,11.4304809570001],[104.80889892600015,11.4304809570001],[104.80487060500019,11.431884766000167],[104.8018798830002,11.434509277000132],[104.79852294900007,11.439086914000086],[104.79809570300006,11.44451904300007],[104.79431152300015,11.443725586000028],[104.79272460900012,11.447082520000151],[104.78833007800006,11.445922852000137],[104.78509521500018,11.447082520000151],[104.78289794900007,11.449707031000116],[104.78472900400016,11.453918457000043],[104.78228759800015,11.456115723000153],[104.77850341800018,11.456909179999968],[104.77447509800015,11.45867919900013],[104.77331543000014,11.462280273000033],[104.7686767580002,11.462890625000114],[104.7647094730001,11.463073730000076],[104.76531982400007,11.460327147999976],[104.76409912100007,11.457702637000182],[104.75927734400017,11.458129883000026],[104.7556762700001,11.457275391000167],[104.75769043000014,11.454895020000151],[104.75970459000018,11.452087402000188],[104.75451660200008,11.452697754000042],[104.75292968700012,11.456298828000115],[104.74890136700009,11.455505371000072],[104.74468994100016,11.45532226600011],[104.74487304700017,11.459716797000056],[104.74487304700017,11.463073730000076],[104.74487304700017,11.467285156000173],[104.74487304700017,11.47088623000002],[104.74487304700017,11.474121094000168],[104.7457275390002,11.478515625000057],[104.74627685500019,11.482482910000158],[104.74890136700009,11.485717773000033],[104.75030517600015,11.489318848000153],[104.75408935500013,11.4890747070001],[104.75891113300014,11.490295410000158],[104.76287841800001,11.492675781000173],[104.7634887700001,11.495910645000151],[104.76489257800006,11.498718262000182],[104.76708984400017,11.501281737999989],[104.76849365200013,11.505126953000115],[104.7686767580002,11.509094237999989],[104.76849365200013,11.51507568400001],[104.76727294900013,11.520080566000047],[104.76190185500013,11.523071289000143],[104.75872802700007,11.526489258000083],[104.75592041000004,11.530273437000119],[104.75189209000018,11.529296875000114],[104.74810791000004,11.527893066000047],[104.74468994100016,11.530517578000115],[104.74353027300009,11.534729004000042],[104.74389648400012,11.539672852000024],[104.74188232400007,11.543884277000075],[104.73852539100005,11.545471191000104],[104.73468017600015,11.543884277000075],[104.7313232420002,11.54412841800007],[104.72790527300015,11.54467773400006],[104.72772216800018,11.54827880900001],[104.72729492200017,11.551330566000047],[104.72631835900012,11.55407714800009],[104.72509765600006,11.557128906000173],[104.7224731450001,11.559875488000046],[104.72009277300015,11.561706543000128],[104.72271728500004,11.564514160000158],[104.7224731450001,11.567687988000046],[104.72088623000013,11.57171630900018],[104.71667480500014,11.572082520000038],[104.71350097700008,11.573120116999974],[104.71270752000004,11.576477051000097],[104.71630859400011,11.57592773400006],[104.71972656200012,11.575500488000046],[104.72448730500014,11.575317383000083],[104.72930908199999,11.575683594000111],[104.73291015600006,11.580322266],[104.73547363300014,11.582092284999987],[104.7337036130001,11.585083008000083],[104.73211669900007,11.589111328000172],[104.73211669900007,11.592712402000075],[104.73413085900006,11.59570312500017],[104.73571777300009,11.59851074200003],[104.73571777300009,11.601684570000089],[104.73449707000009,11.605895996000186],[104.73547363300014,11.609497070000089],[104.7380981450001,11.615295410000044],[104.73950195300006,11.61889648400006],[104.74047851600011,11.622497559000067],[104.74090576200012,11.625671387000125],[104.74188232400007,11.629089355000133],[104.74291992200017,11.634887695000089],[104.74389648400012,11.640686035000044],[104.74249267600015,11.646301270000038],[104.74670410200008,11.653320312000119],[104.74890136700009,11.656311035000044],[104.74749755900007,11.660522461000141],[104.74932861300005,11.664489746000015],[104.75231933600014,11.665893555000082],[104.75708007800006,11.666076660000044],[104.7620849610002,11.666320801000097],[104.7669067380001,11.666687012000125],[104.76971435500013,11.668090820000089],[104.7764892580002,11.669494629000155],[104.78027343700018,11.670898437000119],[104.78472900400016,11.671508789000029],[104.78808593700018,11.672119141000053],[104.79211425800014,11.672302246000015],[104.79608154300007,11.671875],[104.79968261700009,11.672302246000015],[104.8031005860002,11.672912598000096],[104.80627441400009,11.673095703000058],[104.80950927700013,11.673095703000058],[104.81329345700004,11.673889160000044],[104.81072998000013,11.67687988299997],[104.81127929700006,11.681518555000082],[104.81292724600007,11.683898926000154],[104.81530761700009,11.68627929700017],[104.81671142600015,11.689270020000095],[104.81469726600011,11.692687988000102],[104.81530761700009,11.697326660000044],[104.81567382800012,11.700683594000168],[104.81530761700009,11.703918457000043],[104.81707763700018,11.706298828000058],[104.81927490200019,11.708496094000168],[104.82330322300015,11.708923340000126],[104.82287597700014,11.713317871000015],[104.82611084000018,11.71752929700017],[104.83007812500006,11.715881348000153],[104.83312988300014,11.715698242000087],[104.836486816,11.715698242000087],[104.8399047850001,11.714477539000086],[104.8416748050002,11.708923340000126],[104.8428955080002,11.705078125000057],[104.8441162110002,11.701110840000126],[104.84490966800007,11.697692871000072],[104.84570312500006,11.694702148000147],[104.8455200200001,11.691711426000154],[104.84967041000016,11.686706543000184],[104.8519287110002,11.682678223000096],[104.85351562500006,11.679321289000029],[104.85650634800015,11.67712402300009],[104.85827636700014,11.672302246000015],[104.86132812500006,11.668518066000104],[104.86267089800003,11.67272949200003],[104.86767578100017,11.67272949200003],[104.87109375000011,11.67272949200003],[104.87530517600004,11.67272949200003],[104.87829589800003,11.67272949200003],[104.88507080100004,11.672302246000015],[104.8927001950002,11.67248535200008],[104.89770507800012,11.672302246000015],[104.89910888700018,11.684326172000112],[104.89929199200014,11.687927246000186],[104.90051269500015,11.691528320000089],[104.90411377000015,11.694519043000184],[104.90692138700018,11.696899414000029],[104.90930175800003,11.70031738300014],[104.91009521500007,11.704895020000095],[104.91131591800007,11.709289551000154],[104.91247558600008,11.712280272999976],[104.91607666000016,11.716918945000089],[104.91711425800003,11.721496582000043],[104.91772460900017,11.72570800799997],[104.91748046900005,11.728881836000028],[104.91748046900005,11.732299805000139],[104.91888427700002,11.736511230000133]]]}},{"type":"Feature","properties":{"adm1_name":"Preah Sihanouk","adm1_name1":null,"adm1_name2":null,"adm1_name3":null,"adm1_pcode":"KH18","adm0_name":"Cambodia","adm0_name1":null,"adm0_name2":null,"adm0_name3":null,"adm0_pcode":"KH","valid_on":"2018-10-04","valid_to":null,"area_sqkm":2620.53028994,"version":"v01","lang":"en","lang1":null,"lang2":null,"lang3":null,"adm1_ref_name":"Preah Sihanouk","center_lat":10.96289063,"center_lon":103.86175537},"geometry":{"type":"MultiPolygon","coordinates":[[[[104.06011962900016,11.353698730000133],[104.05767822300015,11.351318359000118],[104.0531005860002,11.35229492200017],[104.04852294900007,11.351501465000183],[104.0466918950001,11.344726562000119],[104.04510498000013,11.341674805000139],[104.04412841800018,11.338928223000096],[104.04211425800014,11.335510254000155],[104.04071044900007,11.332092285000044],[104.04028320300006,11.32867431600016],[104.04028320300006,11.325073242000087],[104.0410766600001,11.321899414000029],[104.0435180660001,11.318481445000089],[104.04449462900016,11.314086914000029],[104.0435180660001,11.310302734000118],[104.04309082000009,11.30712890600006],[104.04449462900016,11.304504395000038],[104.04492187500017,11.300903320000089],[104.04547119100016,11.298095703000058],[104.04589843700018,11.294677734000118],[104.0466918950001,11.290283203000058],[104.04748535200008,11.286315918000128],[104.0477294920002,11.282287598000096],[104.04931640600006,11.277709961000141],[104.05108642600015,11.275085449000073],[104.05151367200017,11.27148437500017],[104.05072021500013,11.267700195000089],[104.04809570300006,11.26367187500017],[104.04547119100016,11.259704590000126],[104.04327392600015,11.256286621000186],[104.04089355500014,11.252319336000141],[104.03668212899998,11.249511719000054],[104.03491210900012,11.246520996000129],[104.03411865200007,11.243530273000033],[104.03210449200003,11.240112305000025],[104.03192138700007,11.237121582000157],[104.02911377000004,11.233703613000046],[104.02709960900012,11.229675293000128],[104.02728271500018,11.225891113000046],[104.0266723630001,11.220703125000114],[104.02551269500009,11.216491699000187],[104.02270507800006,11.213317871000129],[104.0211181640002,11.209289551000097],[104.02172851600005,11.20507812500017],[104.02648925800014,11.206298828000172],[104.03167724600007,11.206909180000025],[104.03552246100014,11.207519531000173],[104.03930664100011,11.208129883000026],[104.04071044900007,11.20489501999998],[104.04071044900007,11.200500488000046],[104.04071044900007,11.197082520000038],[104.04168701200012,11.193115234],[104.04327392600015,11.188110351999967],[104.0410766600001,11.185119629000098],[104.038330078,11.182678223000039],[104.03729248000013,11.179870605000076],[104.0401000980001,11.177124023000033],[104.04327392600015,11.175109862999989],[104.0477294920002,11.173095703000172],[104.05212402300009,11.171081543000128],[104.0557250980001,11.167724609000174],[104.05908203100012,11.163330078000115],[104.06207275400004,11.159729004000042],[104.06408691400003,11.156921387000182],[104.0676879880001,11.152709961000085],[104.06951904300018,11.150085449000187],[104.07092285200008,11.146911621000129],[104.07092285200008,11.143676758000083],[104.07092285200008,11.14007568400018],[104.07092285200008,11.13690185500002],[104.07092285200008,11.133728027000132],[104.07049560500013,11.130493164000086],[104.0703125,11.126708984000174],[104.0706787110002,11.121520996000072],[104.0703125,11.116088867000144],[104.07012939500004,11.112304687],[104.06951904300018,11.107910156000116],[104.07012939500004,11.104919434000124],[104.07128906200018,11.101684569999975],[104.07250976600011,11.098083496000129],[104.0733032230001,11.095275879000042],[104.0742797850001,11.091674805000025],[104.07507324200009,11.087707520000095],[104.07531738300014,11.082275391000167],[104.07647705100015,11.078674316],[104.0772705080002,11.075683594],[104.07611084000018,11.071716309000124],[104.07373046900011,11.068115234000118],[104.0706787110002,11.06610107400013],[104.06750488300014,11.065307617000087],[104.06488037100007,11.064086914000086],[104.06072998000013,11.061889647999976],[104.0598754880001,11.058105469000168],[104.06207275400004,11.0554809570001],[104.06488037100007,11.052673340000013],[104.0676879880001,11.049682617000087],[104.06988525400004,11.04711914100011],[104.0720825200001,11.044677734000174],[104.07489013700012,11.041687012000182],[104.07507324200009,11.037109375000057],[104.0742797850001,11.032470703000115],[104.07189941400003,11.028686522999976],[104.06787109400017,11.025329590000126],[104.06451416000004,11.025512695000089],[104.06170654300018,11.024291992000087],[104.05749511700009,11.021911621000072],[104.05407714800015,11.019287109000118],[104.05151367200017,11.017089844000168],[104.04888916000004,11.015075684000124],[104.04608154300018,11.013488770000095],[104.04168701200012,11.012512207000043],[104.03729248000013,11.01171875],[104.03411865200007,11.011474609000174],[104.02911377000004,11.011108398000147],[104.02569580100015,11.010314941000104],[104.02209472700008,11.009521484000118],[104.02032470700016,11.012512207000043],[104.01947021500018,11.016296387000125],[104.0181274410001,11.019714355000133],[104.01507568400007,11.020690918000014],[104.01049804700017,11.019470215000183],[104.0056762700001,11.018920898000147],[104.0012817380001,11.020507812000176],[103.99670410200002,11.019897461000028],[103.99407959000013,11.017700195000089],[103.9912719730001,11.01452636700003],[103.98852539100005,11.011474609000174],[103.98651123000008,11.009094238000102],[103.98413085900006,11.006713867000087],[103.98071289100005,11.002502441000104],[103.97790527300009,10.999511719000111],[103.97509765600006,10.99609375],[103.97192382800017,10.99328613299997],[103.96752929700011,10.991088867000087],[103.96307373000013,10.987670898000147],[103.96032714800009,10.985900879000155],[103.95629882800017,10.98413085900006],[103.95288085900006,10.981506348000096],[103.95068359400011,10.979675293000014],[103.94848632800017,10.977722168000184],[103.94628906200012,10.975891113000102],[103.94268798800005,10.973693848000096],[103.93829345700016,10.971130371000186],[103.93670654300013,10.968688965000126],[103.9351196290001,10.966308594000111],[103.93267822300004,10.963684082000043],[103.93011474600013,10.962097168000184],[103.92712402300003,10.960876465000183],[103.92352294900019,10.959472656000116],[103.91931152300003,10.957702637000125],[103.91607665999999,10.955078125],[103.91809082000003,10.95092773400006],[103.9207153320001,10.946716309000067],[103.92572021500007,10.944885254000155],[103.9285278320001,10.944274902000132],[103.93109130900001,10.942871094000111],[103.93347168000008,10.940490723000096],[103.93432617200006,10.927673340000126],[103.93450927700002,10.923889160000044],[103.93267822300004,10.920715332000157],[103.93212890600017,10.916076660000044],[103.93310546900005,10.91149902300009],[103.93347168000008,10.906677246000186],[103.93328857400019,10.902893066000104],[103.9315185550002,10.899475098000096],[103.92687988300008,10.89929199200003],[103.92431640600017,10.895690918000128],[103.92309570300017,10.890319824000187],[103.92230224600013,10.885070801000097],[103.92108154300013,10.882324219000054],[103.91888427700007,10.878479004000155],[103.91931152300003,10.87390136700003],[103.92291259800004,10.871520996000129],[103.92687988300008,10.869506836000085],[103.92950439499998,10.867492676000097],[103.93170166000016,10.864074707000157],[103.9282836910001,10.861328125000114],[103.92407226600005,10.859130859],[103.9224853520002,10.855529785000158],[103.92291259800004,10.851684570000032],[103.92388915999999,10.848876953000172],[103.9260864260001,10.846130371000129],[103.92889404300013,10.84350585900006],[103.93170166000016,10.841674805000082],[103.93530273400006,10.83929443400018],[103.93768310500008,10.836303711000085],[103.93927002000004,10.832702637000011],[103.94128418000008,10.829284668000128],[103.94348144500009,10.825927734000174],[103.94549560500008,10.82171630900018],[103.94287109400011,10.81829834000007],[103.94189453100006,10.814514160000158],[103.93908691400014,10.812500000000114],[103.93731689499998,10.809692383000083],[103.93609619100005,10.806884766],[103.93450927700002,10.804321289000086],[103.93328857400019,10.801696777000188],[103.93310546900005,10.79827880900018],[103.93347168000008,10.794494629000098],[103.93469238300008,10.791503906000173],[103.93591308600008,10.788513184000124],[103.93530273400006,10.785278320000032],[103.93487548800005,10.782104492000144],[103.93310546900005,10.777893066000047],[103.92230224600013,10.769104004000042],[103.9224853520002,10.764709473000153],[103.92370605500003,10.761108398000033],[103.92407226600005,10.757873535000158],[103.92407226600005,10.754516602000137],[103.92388915999999,10.751525879000042],[103.92431640600017,10.748291016000167],[103.92633056600005,10.74407959000007],[103.92889404300013,10.739929199000073],[103.93109130900001,10.736328125000057],[103.93347168000008,10.732482910000101],[103.93572998000008,10.728515625000057],[103.93768310500008,10.72430419900013],[103.93988037100019,10.72131347700008],[103.94189453100006,10.718872069999975],[103.94409179700011,10.715087891000167],[103.94647216800018,10.71209716800007],[103.95068359400011,10.710876465000013],[103.95489502000004,10.709472656000116],[103.95727539100005,10.707702637000125],[103.95867919900007,10.704895020000095],[103.9605102540001,10.701293945000145],[103.96209716800013,10.698303223000153],[103.96289062500017,10.695129395000095],[103.96307373000013,10.690490723000153],[103.9635009770002,10.685485840000183],[103.96472168000003,10.682922363000102],[103.96490478499999,10.679077147999976],[103.96649169900002,10.676330566000104],[103.96752929700011,10.671691895000095],[103.96691894500003,10.667297363000102],[103.9658813480001,10.663513184000067],[103.96551513700007,10.659912109000118],[103.96368408200016,10.655517578000058],[103.96112060500008,10.65112304700017],[103.95971679700011,10.646728516000053],[103.95770263700007,10.643493652000132],[103.95611572300004,10.63928222700008],[103.95507812500017,10.634094238000102],[103.95349121100014,10.630310059000067],[103.95312500000011,10.625122070000089],[103.949707031,10.623107910000044],[103.94647216800018,10.622497559000067],[103.94348144500009,10.619506835999971],[103.9417114260001,10.616699219000111],[103.93927002000004,10.620300293000184],[103.93572998000008,10.619079590000183],[103.93267822300004,10.62170410200008],[103.92987060500013,10.619079590000183],[103.93048095700016,10.61547851600011],[103.92687988300008,10.614501953000058],[103.92370605500003,10.611694335999971],[103.92028808600014,10.608276367000087],[103.9168701170002,10.611877441000104],[103.91510009800004,10.616882324000073],[103.91351318400018,10.620483398000147],[103.91210937500011,10.623474121000072],[103.90991210900006,10.62768554700017],[103.90789794900019,10.632507324000073],[103.90472412100013,10.635070801000154],[103.90270996100008,10.638916016000053],[103.90368652300009,10.64331054700017],[103.90429687500011,10.647888184000124],[103.90252685500002,10.651306152000132],[103.89868164100005,10.65289306600016],[103.89508056600005,10.65447998000019],[103.89172363300003,10.655883789000029],[103.88769531200006,10.657714844000111],[103.88287353500016,10.65930175800014],[103.8796997070001,10.657287598000096],[103.87548828100017,10.655883789000029],[103.87127685500008,10.653686523000147],[103.86791992200006,10.653503418000184],[103.86407470700016,10.65447998000019],[103.86132812500006,10.656921387000125],[103.85589599600013,10.655517578000058],[103.85369873000002,10.653320312000119],[103.85290527300003,10.650085449000073],[103.8530883790001,10.645324706999986],[103.85528564500015,10.64111328100006],[103.8572998050002,10.638122559000067],[103.8585205080002,10.634277344000168],[103.86010742200006,10.631286621000072],[103.86450195300012,10.633117676000097],[103.86791992200006,10.630310059000067],[103.86871337900004,10.626281738000102],[103.86810302700019,10.622070312000176],[103.86608886700014,10.61853027300009],[103.86431884800015,10.615905762000125],[103.86230468700006,10.61328125],[103.86029052700019,10.611083984000118],[103.85748291000016,10.60791015600006],[103.85491943400012,10.604309081999986],[103.85229492200006,10.60070800800014],[103.84967041000016,10.597106934000067],[103.84808349600013,10.594726562000119],[103.84588623000008,10.59228515600006],[103.84350585900017,10.589294434000067],[103.8399047850001,10.58508300800014],[103.836914062,10.581298828],[103.83392334000018,10.576904297000112],[103.83111572300015,10.57287597700008],[103.82910156200006,10.57012939499998],[103.82751464800003,10.567687988000046],[103.82568359400005,10.564880371000186],[103.82312011700009,10.560485840000126],[103.82031250000006,10.555725098000039],[103.81787109400005,10.551086426000097],[103.81512451200018,10.548522949000187],[103.81372070300012,10.543518066000047],[103.81170654300007,10.539672852000024],[103.81030273400017,10.53692626999998],[103.80908203100017,10.534118652000018],[103.80749511700014,10.530883788999972],[103.80590820300012,10.527282715000126],[103.80407714800003,10.52429199200003],[103.801513672,10.521118164000143],[103.79669189500015,10.519470215000126],[103.79229736300016,10.52087402300009],[103.7891235350001,10.523681641000053],[103.78509521500018,10.527526855000076],[103.78228759800015,10.531494141000053],[103.78332519500015,10.535522461000085],[103.77990722700014,10.53649902300009],[103.77630615200013,10.536071777000075],[103.77172851600011,10.533874512000068],[103.76788330099998,10.53070068400001],[103.76287841800007,10.53210449200003],[103.75848388700018,10.531921387000068],[103.75512695300006,10.531494141000053],[103.75067138700018,10.534301758000083],[103.74731445300006,10.535888672000112],[103.74407959000018,10.537902832000157],[103.74047851600011,10.539489746000186],[103.73748779300001,10.540527344000054],[103.73413085900012,10.542480469000111],[103.7302856450001,10.543273926000097],[103.72949218700018,10.548095703000172],[103.72949218700018,10.552673340000126],[103.72552490200007,10.553527832000157],[103.72229003900003,10.555297852000024],[103.71929931600016,10.555297852000024],[103.71710205100015,10.552307129000098],[103.71569824200009,10.548706055000082],[103.71710205100015,10.544494629000098],[103.72027587900004,10.54272460900006],[103.72308349600007,10.540893555000082],[103.72552490200007,10.537719727000024],[103.72729492200017,10.534301758000083],[103.73089599600007,10.53210449200003],[103.7354736330002,10.529479980000076],[103.73651123000013,10.52587890600006],[103.73712158200004,10.522521973000039],[103.73712158200004,10.517883301000097],[103.73590087899998,10.51367187500017],[103.73571777300015,10.509277344000054],[103.73388671900017,10.505676270000038],[103.7324829100001,10.502929687000062],[103.73052978500004,10.50030517600004],[103.72827148400017,10.498474121000186],[103.72528076200012,10.497924805000025],[103.72271728500004,10.50030517600004],[103.72009277300015,10.50170898400006],[103.71752929700017,10.502929687000062],[103.71411132800006,10.504516601999967],[103.70910644500009,10.506103516],[103.70428466800018,10.507873534999987],[103.70031738300014,10.508483887000068],[103.69610595700004,10.507690430000025],[103.6917114260001,10.508300781],[103.688720703,10.509094238000046],[103.68450927700007,10.50970459000007],[103.6796875,10.50970459000007],[103.67651367200011,10.509094238000046],[103.67407226600011,10.506713866999974],[103.6727294920002,10.501525879000098],[103.66912841800013,10.501281738000046],[103.66607666000004,10.502319336000085],[103.66271972700002,10.502929687000062],[103.65911865200007,10.502319336000085],[103.6558837890002,10.499694824000187],[103.6516723630001,10.49932861300016],[103.64630127000004,10.498718262000011],[103.64227294900007,10.495300293000128],[103.64312744100005,10.491088866999974],[103.639892578,10.490112305000025],[103.63671875000017,10.490112305000025],[103.63232421900005,10.488891602000024],[103.62872314500004,10.491088866999974],[103.62707519500009,10.493713379000098],[103.62591552700007,10.496276855000076],[103.62207031200012,10.49749755900018],[103.61688232400007,10.498474121000186],[103.61370849600019,10.500122070000032],[103.61108398400006,10.502319336000085],[103.60852050800008,10.504089355000076],[103.6096801760001,10.508300781],[103.61029052700007,10.511901855000076],[103.61071777300009,10.515686034999987],[103.61029052700007,10.521118164000143],[103.61071777300009,10.52532959000007],[103.61230468700012,10.528320312000062],[103.61407470699999,10.53210449200003],[103.61309814500004,10.537109375000114],[103.61169433600014,10.540283203],[103.61010742200011,10.543518066000047],[103.607910156,10.546691895000038],[103.60552978500016,10.54968261700003],[103.60211181600005,10.553527832000157],[103.59912109400005,10.555908203000172],[103.59448242200011,10.558715820000032],[103.59008789100005,10.562316895000038],[103.5867309570001,10.559509277000075],[103.58410644500003,10.557678223000096],[103.58190918000003,10.55468750000017],[103.57928466800013,10.55187988300014],[103.57629394500003,10.547485352000024],[103.572509766,10.543884277000075],[103.56848144500003,10.541076660000044],[103.56469726600005,10.540100098000039],[103.56372070300012,10.544128418000128],[103.56268310500008,10.548522949000187],[103.56152343700006,10.553100586000141],[103.56109619100005,10.558105469000054],[103.55810546900005,10.559875488000046],[103.55627441400014,10.563110352000024],[103.55389404300013,10.566528320000032],[103.55212402300003,10.570495605000133],[103.54931640600017,10.57507324200003],[103.54650878900014,10.579284668000184],[103.54370117200006,10.58288574200003],[103.54150390600017,10.584899902000075],[103.53912353500016,10.589477539000029],[103.53649902300003,10.592712402000075],[103.53369140600017,10.595886230000133],[103.53167724600013,10.598327637000068],[103.52972412100013,10.600524902000075],[103.52667236300005,10.603088379000155],[103.52447509800004,10.605102539000029],[103.52069091800013,10.606872559000067],[103.51708984400005,10.605895996000015],[103.51470947299998,10.60791015600006],[103.51269531200006,10.610290527000075],[103.50927734400005,10.609924316000104],[103.50628662100013,10.609924316000104],[103.50372314500015,10.607299805000082],[103.50152587900004,10.61071777300009],[103.49749755900018,10.614501953000058],[103.49468994100005,10.616271973000096],[103.49267578100017,10.618713379000155],[103.49072265600012,10.620910645000038],[103.49072265600012,10.624084473000096],[103.49353027299998,10.626708984000118],[103.49609375000011,10.629882812000176],[103.49847412100013,10.633728027000075],[103.50030517600004,10.638671875000057],[103.50030517600004,10.642700195000089],[103.50067138700007,10.646118164000029],[103.50390625000011,10.646911621000015],[103.50848388700001,10.648498535000044],[103.51269531200006,10.647888184000124],[103.51647949200014,10.650512695000089],[103.51867675800008,10.654113770000038],[103.51989746100008,10.658691406000116],[103.5203247070001,10.663085937000176],[103.52111816400009,10.66711425800014],[103.52551269499997,10.669128418000184],[103.52770996100008,10.67272949200003],[103.52850341800007,10.67547607400013],[103.53088378900014,10.678894043000014],[103.53411865200019,10.681518555000139],[103.53710937500011,10.680725098000096],[103.53991699200014,10.682312012000125],[103.54168701200007,10.68487548800016],[103.5432739260001,10.688720703000058],[103.54351806600005,10.69250488299997],[103.5444946290001,10.695312500000057],[103.54510498000008,10.699279785000101],[103.54467773400006,10.703918457000043],[103.54467773400006,10.707275391000167],[103.54431152300003,10.711914062000176],[103.54412841800007,10.716125488000102],[103.54388427700002,10.720520020000095],[103.54687500000011,10.720275879000042],[103.55047607400019,10.720275879000042],[103.55432128900014,10.721679687],[103.55767822300004,10.721679687],[103.55847168000008,10.724487304999968],[103.56127929700011,10.723693848000153],[103.56488037100019,10.725708008000026],[103.56750488300008,10.726928711000028],[103.56970214800009,10.729919434000124],[103.57189941400014,10.73370361300016],[103.57470703100017,10.735717772999976],[103.57708740200007,10.738891602000137],[103.57928466800013,10.74188232400013],[103.58312988300008,10.742675781000173],[103.58612060500008,10.740295410000101],[103.58868408200016,10.738708496000072],[103.59191894500003,10.73651123000019],[103.59552001999998,10.735717772999976],[103.5985107420002,10.735900879000042],[103.60192871100008,10.736328125000057],[103.60491943400018,10.737304687],[103.6082763670002,10.736083984000174],[103.61248779300013,10.736694336000028],[103.61492919900019,10.738708496000072],[103.6162719730001,10.742675781000173],[103.61853027300009,10.746704102000137],[103.62231445300017,10.747314453000115],[103.62567138700012,10.74432373000019],[103.62927246100014,10.743286133000026],[103.6318969730001,10.739685059000124],[103.63629150400016,10.738708496000072],[103.6409301760001,10.740112305000139],[103.64410400400016,10.742309570000145],[103.64709472700008,10.74432373000019],[103.6506958010001,10.744689941],[103.65368652300015,10.743713379000042],[103.65771484400011,10.743103027000132],[103.66210937500017,10.74407959000007],[103.66131591800013,10.747314453000115],[103.66229248000013,10.755126953000058],[103.66107177700013,10.758911133000026],[103.66027832000009,10.76190185500019],[103.65771484400011,10.764709473000153],[103.65832519500003,10.768920897999976],[103.66210937500017,10.768676758000026],[103.66528320300006,10.769104004000042],[103.66790771500013,10.771911621000072],[103.66949462900016,10.77508544900013],[103.67071533200016,10.778076172000056],[103.6715087890002,10.780883789000143],[103.6715087890002,10.784484862999989],[103.67169189500004,10.788696289000086],[103.6715087890002,10.793884277000188],[103.67047119100016,10.798706055000025],[103.67230224600019,10.801879883000083],[103.67327880900007,10.806518555000025],[103.67547607400007,10.809692383000083],[103.67907714800015,10.810302734],[103.6826782230001,10.814086914000143],[103.68511962900016,10.818725586000085],[103.68829345700004,10.820922852000137],[103.6926879880001,10.82208251999998],[103.69787597700008,10.82391357400013],[103.70190429700017,10.82788085900006],[103.70410156200018,10.83172607400013],[103.70587158200004,10.834716797000056],[103.70812988300014,10.837097168000128],[103.70947265600012,10.839904785000158],[103.71087646500018,10.843872070000032],[103.71191406200012,10.848510741999974],[103.7127075200001,10.852905273000033],[103.71228027300015,10.856872559000067],[103.71228027300015,10.860717773000033],[103.7125244140002,10.864501953000172],[103.71228027300015,10.868103027000018],[103.71228027300015,10.871276855000076],[103.71191406200012,10.874694824000187],[103.7113037110002,10.877502441000047],[103.71087646500018,10.880920410000158],[103.71008300800014,10.885070801000097],[103.70892334000013,10.890075684000067],[103.70770263700012,10.894714355000076],[103.70672607400007,10.898498534999987],[103.7048950200001,10.903076172000112],[103.70568847700008,10.906311034999987],[103.70892334000013,10.906311034999987],[103.71289062500006,10.908325195000032],[103.71228027300015,10.903503418000128],[103.71630859400011,10.900085449000017],[103.71850585900012,10.896728516],[103.72149658200004,10.896118164000143],[103.72448730500014,10.895507812000119],[103.72747802700013,10.897277831999986],[103.72747802700013,10.902526855000076],[103.73071289100011,10.904724121000129],[103.73327636700009,10.901306152000075],[103.7366943360002,10.898925781],[103.73712158200004,10.901916504000098],[103.74011230500014,10.903503418000128],[103.74310302700013,10.905090332000157],[103.74511718700018,10.907287598000096],[103.74627685500019,10.91192626999998],[103.74908447300015,10.914489746000186],[103.75292968700018,10.914306641000053],[103.75128173800016,10.917480469000111],[103.75347900400004,10.920715332000157],[103.75750732400007,10.922302246000186],[103.76232910200008,10.92407226600011],[103.7656860350001,10.92712402300009],[103.76727294900013,10.931518555000082],[103.77032470700004,10.930908203],[103.77307128900009,10.931701660000044],[103.77691650400004,10.93408203100006],[103.78088378900009,10.935485840000126],[103.78448486300016,10.93530273400006],[103.78790283200004,10.93627929700017],[103.79290771500018,10.937927246000186],[103.79711914100011,10.939514160000044],[103.79510498000019,10.943725586000141],[103.79351806600016,10.947082520000038],[103.79187011700014,10.950683594000111],[103.79089355500014,10.954101562000119],[103.79132080100015,10.957702637000125],[103.7921142580002,10.961730957000157],[103.7921142580002,10.96569824200003],[103.79150390600012,10.968872070000089],[103.79187011700014,10.973327637000068],[103.79309082000015,10.97729492200017],[103.79370117200006,10.98107910200008],[103.79309082000015,10.98413085900006],[103.79290771500018,10.987304687000119],[103.792480469,10.991088867000087],[103.79187011700014,10.99468994100016],[103.79071044900013,10.997314453000058],[103.78851318400012,11.003112793000184],[103.78747558600008,11.006896973000096],[103.78747558600008,11.01049804700017],[103.7869262700001,11.01452636700003],[103.78631591800001,11.018676758000026],[103.78588867200006,11.023498535000101],[103.79028320300012,11.037109375000057],[103.79168701200018,11.040710449000073],[103.79388427700019,11.042907715000183],[103.79632568400012,11.04711914100011],[103.80169677700019,11.047729492000087],[103.8054809570001,11.048706055000139],[103.80810546900017,11.050109863000102],[103.81091308600003,11.051696777000132],[103.81408691400009,11.05328369100016],[103.81732177700013,11.0554809570001],[103.82250976600017,11.057128906000116],[103.82489013700018,11.060729980000133],[103.82708740200019,11.064514160000101],[103.82971191400009,11.067504883000026],[103.83209228500016,11.070129395000095],[103.83508300800003,11.07250976600011],[103.84112548800016,11.072692871000072],[103.8464965820001,11.072692871000072],[103.84667968700006,11.075927734000118],[103.84832763700018,11.078918457000043],[103.84509277300003,11.07928466800007],[103.84252929700006,11.080688477000137],[103.84613037100007,11.08312988299997],[103.84490966800007,11.087524414000086],[103.84112548800016,11.085327148000147],[103.84191894500015,11.089721680000139],[103.8399047850001,11.09307861300016],[103.84027099600013,11.097106934000124],[103.84490966800007,11.100524902000132],[103.84851074200014,11.101684569999975],[103.85150146500007,11.10369873000019],[103.85467529300013,11.10687255900018],[103.85687255900018,11.10968017600004],[103.85913085900017,11.113281250000114],[103.85913085900017,11.117126465000183],[103.8609008790001,11.120727539000086],[103.86407470700016,11.12249755900018],[103.8638916020002,11.127929687],[103.8638916020002,11.131286621000129],[103.86853027300003,11.132690430000025],[103.8718872070001,11.13592529300007],[103.87127685500008,11.139709472999982],[103.87091064500015,11.143127441],[103.87109375000011,11.146118164000086],[103.8718872070001,11.149108887000182],[103.87487793000003,11.150329590000013],[103.87731933600008,11.153320312000062],[103.87988281200006,11.154724121000129],[103.882324219,11.153076172000112],[103.8850708010001,11.155273437000062],[103.88671875000011,11.158325194999975],[103.88549804700006,11.161682129000098],[103.88391113300003,11.164672852000024],[103.88128662100013,11.167297362999989],[103.88128662100013,11.172302246000129],[103.87792968700006,11.174682616999974],[103.87707519500003,11.1785278320001],[103.87451171900005,11.182128906000173],[103.87451171900005,11.186523437000062],[103.87347412100013,11.189880371000186],[103.87268066400014,11.193481445000032],[103.87109375000011,11.197326660000158],[103.86907959000007,11.200927734],[103.868896484,11.2039184570001],[103.86688232400019,11.207519531000173],[103.86328125000011,11.2117309570001],[103.86029052700019,11.21429443400001],[103.85791015600017,11.217529297000056],[103.85491943400012,11.219726562000062],[103.85168457000003,11.22210693400001],[103.85491943400012,11.224304199000187],[103.86029052700019,11.226074219000111],[103.86291503900009,11.229492187000119],[103.86492919900013,11.232116699000187],[103.86749267600004,11.236328125000114],[103.86987304700011,11.239318848000039],[103.87249755900018,11.240722656],[103.873291016,11.243713379000098],[103.87371826200018,11.247070312000119],[103.87231445300012,11.250122070000032],[103.87268066400014,11.253479004000155],[103.87591552700019,11.256103516000053],[103.87792968700006,11.260070801000097],[103.88128662100013,11.260498047000112],[103.88427734400005,11.26312255900001],[103.88708496100008,11.266296387000068],[103.88568115200002,11.269897461000141],[103.88452148400017,11.272705078],[103.88671875000011,11.27532959000007],[103.89129638700007,11.276306152000075],[103.89447021500013,11.277709961000141],[103.8983154300002,11.280883789000029],[103.90112304700006,11.284484863000102],[103.90228271500007,11.288879395000038],[103.9019165040001,11.292907715000126],[103.900878906,11.297302246000186],[103.90252685500002,11.301086426000154],[103.90447998000008,11.303710937000119],[103.90667724600019,11.306518555000082],[103.90911865200019,11.309509277000075],[103.91229248000008,11.31311035200008],[103.91632080100004,11.31750488300014],[103.92089843700006,11.321105956999986],[103.9224853520002,11.323913574000073],[103.92529296900005,11.32690429700017],[103.9285278320001,11.331115723000096],[103.93267822300004,11.33532714800009],[103.93670654300013,11.339721680000082],[103.94128418000008,11.345092773000147],[103.94531250000011,11.349670410000101],[103.94909668000008,11.35412597700008],[103.9526977540001,11.35852050800014],[103.95690918000008,11.365112305000139],[103.96112060500008,11.370483397999976],[103.96331787100019,11.373107910000044],[103.96630859400005,11.376708984000118],[103.96911621100014,11.380676270000095],[103.9722900390002,11.384887695000145],[103.97589111300005,11.38891601600011],[103.97869873000013,11.39172363300014],[103.98211669900019,11.394287109000174],[103.98449707000009,11.396911621000072],[103.98712158200016,11.399291992000087],[103.98992919900019,11.401306152000132],[103.99291992200011,11.40289306600016],[103.99670410200002,11.404724121000072],[104.00048828100006,11.407104492000087],[104.00408935500013,11.409912109000118],[104.00769043000008,11.412475586000085],[104.01110839800009,11.414916992000087],[104.0145263670002,11.41729736300016],[104.01849365200007,11.419677734000174],[104.02270507800006,11.422485352000137],[104.02752685500013,11.42633056600016],[104.03271484400011,11.430114746000072],[104.03808593700018,11.433715820000145],[104.04187011700009,11.435913086000028],[104.04187011700009,11.432128906000116],[104.04449462900016,11.42791748000019],[104.04412841800018,11.422912598000153],[104.04388427700013,11.418090820000145],[104.04467773400012,11.414916992000087],[104.04547119100016,11.412109375000057],[104.04711914100005,11.409301758000026],[104.05151367200017,11.40490722700008],[104.05328369100016,11.400512695000145],[104.05267334000018,11.39672851600011],[104.05151367200017,11.393127441000104],[104.05090332000009,11.389892578000058],[104.05029296900011,11.386291504000042],[104.05108642600015,11.383300781000116],[104.05291748000013,11.379272461000028],[104.0545043950001,11.375915527000132],[104.05731201200012,11.373107910000044],[104.06109619100016,11.369873047],[104.06109619100016,11.364929199000073],[104.06048584000018,11.360900878999985],[104.05969238300014,11.357727051000097],[104.06011962900016,11.353698730000133]]],[[[103.24969482400019,10.766723633000026],[103.25109863300008,10.762329102000137],[103.25329589800009,10.757690430000025],[103.25628662100019,10.7546997070001],[103.25689697300004,10.751708984000174],[103.2567138670002,10.748718262000182],[103.25732421900005,10.74530029300007],[103.25848388700007,10.741271972999982],[103.25549316400014,10.737915039000086],[103.25329589800009,10.735290527000188],[103.25469970700016,10.730285645000151],[103.257080078,10.726501465000183],[103.26068115200007,10.726318359000118],[103.26171875000011,10.722106934000124],[103.266113281,10.718505859000174],[103.2691040040001,10.72088623000019],[103.27148437500017,10.723876953000115],[103.2756958010001,10.722290039000086],[103.2799072270002,10.722717285000101],[103.28289794900002,10.725524902000132],[103.28692627000004,10.724121094000168],[103.28967285200008,10.722473145000151],[103.2899169920002,10.719482422000056],[103.29272460900006,10.715087891000167],[103.29571533200016,10.710510254000042],[103.29248046900011,10.707885742000087],[103.2913208010001,10.705078125000057],[103.29327392600015,10.702270508000026],[103.29852294900019,10.70031738299997],[103.30230712900016,10.701110840000183],[103.30468750000017,10.703918457000043],[103.30651855500008,10.707702637000125],[103.30908203100006,10.71148681600016],[103.31329345699999,10.710510254000042],[103.3142700200001,10.706909180000139],[103.31347656200018,10.702880859000174],[103.3153076170002,10.699523926000154],[103.31451416000004,10.696289062000176],[103.31292724600019,10.69390869100016],[103.31091308600014,10.690673828000115],[103.30792236300005,10.688293457000043],[103.30468750000017,10.687316895000095],[103.30133056600005,10.683715820000089],[103.29852294900019,10.681091309000124],[103.29632568400001,10.678894043000014],[103.29272460900006,10.682678223000153],[103.28887939500004,10.682678223000153],[103.28509521500013,10.681701660000101],[103.28070068400007,10.679077147999976],[103.27832031200012,10.673706055000139],[103.2769165040001,10.670288086000028],[103.27368164100005,10.668884277000132],[103.27252197300004,10.666076660000101],[103.27270507800017,10.662475586000028],[103.27209472700002,10.658874512000125],[103.26971435500008,10.655883789000029],[103.26831054700011,10.65289306600016],[103.26489257800017,10.651916504000155],[103.26190185500008,10.653076172],[103.25988769500009,10.655883789000029],[103.25891113300008,10.660095215000183],[103.25830078100006,10.664123535000044],[103.25787353500004,10.668884277000132],[103.25848388700007,10.673095703000058],[103.2581176760001,10.67651367200017],[103.257080078,10.67987060500019],[103.25610351600005,10.683471679999968],[103.25427246100014,10.68811035200008],[103.25311279300013,10.691284180000139],[103.25170898400006,10.694519043000184],[103.24987793000008,10.698730469000111],[103.24731445300017,10.702087402000132],[103.2446899410001,10.705078125000057],[103.24188232400002,10.707275391000167],[103.23730468700006,10.709106445000145],[103.23370361300005,10.709899902000132],[103.22991943400018,10.709106445000145],[103.22949218700012,10.7058715820001],[103.22692871100008,10.702880859000174],[103.22351074200014,10.702087402000132],[103.2202758790001,10.702514648000147],[103.21649169900019,10.70330810500019],[103.21307373000008,10.704528809000067],[103.2105102540001,10.705688477000137],[103.20849609400005,10.708923340000183],[103.20507812500011,10.712524414000029],[103.20172119100005,10.716918945000145],[103.2039184570001,10.72131347700008],[103.20251464800003,10.724487304999968],[103.20092773400017,10.72711181600016],[103.20208740200002,10.730529785000101],[103.20227050800008,10.73468017600004],[103.19848632800017,10.737670898000033],[103.19372558600008,10.738708496000072],[103.19091796900005,10.735717772999976],[103.18792724600013,10.732910156000116],[103.18487548800005,10.733276367000144],[103.18249511700014,10.73651123000019],[103.18328857400019,10.739318848000153],[103.18548584000007,10.741516113000102],[103.18731689500015,10.744873047000056],[103.1882934570001,10.748107910000101],[103.18951416000016,10.751098633000026],[103.19091796900005,10.753906250000057],[103.19091796900005,10.757324219000168],[103.18988037100013,10.762084961000085],[103.19067382800017,10.766296387000182],[103.19232177700019,10.768920897999976],[103.1948852540001,10.771118164000086],[103.19830322300004,10.771301270000151],[103.20227050800008,10.770507812],[103.20587158200016,10.76812744100016],[103.20910644500003,10.766113281000116],[103.21228027300009,10.765686035000158],[103.21551513700001,10.76531982400013],[103.2202758790001,10.765502929999968],[103.225097656,10.76812744100016],[103.22869873000008,10.77172851600011],[103.230712891,10.77508544900013],[103.23089599600019,10.779724121000072],[103.23529052700007,10.779113770000151],[103.24011230500003,10.778686523000033],[103.24530029300013,10.77728271500007],[103.25012207000003,10.77508544900013],[103.25549316400014,10.77288818400018],[103.25531005900001,10.76971435500019],[103.25268554700011,10.768310547000056],[103.24969482400019,10.766723633000026]]],[[[103.79547119100005,10.477905273000033],[103.795898437,10.474304199000187],[103.795898437,10.470703125000114],[103.795898437,10.466491699000187],[103.79730224600007,10.463500976999967],[103.79791259800015,10.459899902000188],[103.79669189500015,10.45672607400013],[103.79309082000015,10.45648193400018],[103.78967285200014,10.454711914000086],[103.78588867200006,10.454284668000128],[103.78350830100015,10.452697754000098],[103.7800903320001,10.451293945000032],[103.77868652300003,10.447509766000167],[103.77447509800015,10.445129395000095],[103.77069091800007,10.442504883000026],[103.76831054700017,10.445129395000095],[103.76611328100012,10.447082520000151],[103.76287841800007,10.447692871000129],[103.75952148400012,10.450073241999974],[103.75671386700009,10.454528809000124],[103.75451660200008,10.458129883000026],[103.75128173800016,10.461303711000085],[103.74792480500014,10.464721680000025],[103.7445068360002,10.467285156000173],[103.74188232400013,10.469726562000062],[103.73852539100011,10.47210693400018],[103.7349243160001,10.471923828000115],[103.73291015600012,10.47491455100004],[103.73309326200012,10.479675293000128],[103.73608398400017,10.47991943400018],[103.73968505900012,10.479125977000137],[103.7432861330002,10.47772216800007],[103.74670410200008,10.481323242000144],[103.74768066400009,10.485107422000056],[103.74768066400009,10.488891602000024],[103.74731445300006,10.493103027000018],[103.74652099600007,10.496704102000024],[103.74609375000006,10.50030517600004],[103.74548339799998,10.503112793000128],[103.74511718700018,10.506286621000186],[103.74468994100016,10.509277344000054],[103.7432861330002,10.512329101999967],[103.74108886700009,10.516113281000173],[103.74212646500013,10.51928710900006],[103.74511718700018,10.519897461000141],[103.74871826200012,10.520507812000062],[103.7523193360002,10.520080566000104],[103.75531005900012,10.519470215000126],[103.75830078100012,10.51928710900006],[103.76147460900017,10.519104004000098],[103.76470947300015,10.518920898000033],[103.76770019500015,10.518310547000112],[103.77050781200018,10.517700195000032],[103.77392578100012,10.516296387000068],[103.77709960900017,10.514892578000172],[103.77990722700014,10.513916016],[103.78411865200013,10.511901855000076],[103.78833007800006,10.509521484],[103.79187011700014,10.506530762000011],[103.79492187500006,10.503479004000098],[103.79608154300007,10.499877930000082],[103.795898437,10.496093750000114],[103.79547119100005,10.493103027000018],[103.79528808600008,10.48992919900013],[103.79467773400017,10.486328125000114],[103.79547119100005,10.48211669900013],[103.79547119100005,10.477905273000033]]],[[[103.31567382800006,10.61828613300014],[103.31707763700012,10.614685059000067],[103.31909179700017,10.612304687000119],[103.32232666000004,10.61132812500017],[103.3231201170002,10.607116699000017],[103.31970214800009,10.606872559000067],[103.31610107400007,10.605712891000053],[103.31231689500004,10.604492187000119],[103.30871582000009,10.604309081999986],[103.30389404300018,10.604492187000119],[103.30187988300014,10.600891113000102],[103.30389404300018,10.596923828000172],[103.30688476600011,10.593872070000089],[103.31048584000013,10.59228515600006],[103.3088989260001,10.589294434000067],[103.30529785200008,10.587097168000184],[103.30511474600019,10.583312988000046],[103.30749511700003,10.580322266000053],[103.31091308600014,10.576904297000112],[103.31451416000004,10.574523926000097],[103.31787109400011,10.572692871000186],[103.3218994140002,10.571899413999972],[103.32568359400011,10.573303223000039],[103.32788085900012,10.578125000000114],[103.32910156200012,10.581298828],[103.32989502000004,10.584289551000097],[103.33129882800006,10.588500977000024],[103.33447265600012,10.587524413999972],[103.33447265600012,10.583923340000126],[103.33569335900012,10.58007812500017],[103.33831787100019,10.578674316000104],[103.33929443400007,10.575317383000083],[103.3375244140002,10.572509766000053],[103.33471679700011,10.570495605000133],[103.33190918000008,10.568725586000141],[103.32952880900007,10.565917969000054],[103.3267211910001,10.562927246000129],[103.32531738300014,10.559692383000083],[103.32531738300014,10.555725098000039],[103.32647705100015,10.551696777000075],[103.32507324200009,10.547485352000024],[103.32427978500004,10.543518066000047],[103.31927490200013,10.54272460900006],[103.31567382800006,10.54290771500007],[103.31127929700017,10.545288086000141],[103.31250000000017,10.549072266000053],[103.31207275400016,10.553894043000128],[103.3098754880001,10.557312012000068],[103.3088989260001,10.560119629000098],[103.30572509800004,10.561279297000112],[103.30548095700004,10.564514159999987],[103.30230712900016,10.567871094000111],[103.29852294900019,10.567321777000075],[103.29528808600014,10.566711426000097],[103.29571533200016,10.56970214800009],[103.29632568400001,10.572509766000053],[103.29467773400012,10.57727050800014],[103.29071044900002,10.57952880900001],[103.28710937500017,10.583129883000083],[103.28411865200007,10.586120605000076],[103.28332519500003,10.588928223000039],[103.28289794900002,10.592712402000075],[103.2821044920002,10.598327637000068],[103.28070068400007,10.60290527300009],[103.27947998000013,10.60607910200008],[103.27929687500017,10.610107422000112],[103.2821044920002,10.613708496000186],[103.28387451200012,10.616271973000096],[103.28631591800013,10.618713379000155],[103.28948974600019,10.620727538999972],[103.29290771500013,10.622680664000029],[103.29510498000013,10.620483398000147],[103.29791259800004,10.617675781000116],[103.30249023400012,10.617126465000126],[103.30529785200008,10.618103027000075],[103.30749511700003,10.620117187000119],[103.30908203100006,10.623474121000072],[103.31250000000017,10.624694824000073],[103.31689453100006,10.622070312000176],[103.31567382800006,10.61828613300014]]],[[[103.80267334000007,10.431518554999968],[103.80609130900012,10.429504395000151],[103.81011962900004,10.429870605000076],[103.81390380900012,10.429687500000114],[103.81768798800016,10.429321289000086],[103.8223266600001,10.426696777000188],[103.81951904300007,10.42352294900013],[103.81549072300015,10.420471191000047],[103.81091308600003,10.419921875000057],[103.80767822299998,10.41851806600016],[103.80511474600007,10.416076660000158],[103.8054809570001,10.412109375000057],[103.80828857400013,10.409118652000132],[103.80828857400013,10.4050903320001],[103.80511474600007,10.403930664000086],[103.801513672,10.406311035000101],[103.80010986300016,10.409912109000174],[103.79809570300012,10.413085937000062],[103.79412841800001,10.416320800999983],[103.79052734400017,10.41571044900013],[103.78710937500006,10.414916992000087],[103.7843017580002,10.417724609000174],[103.78271484400017,10.422119141000167],[103.78491210900017,10.424316406000116],[103.78729248000019,10.427307129000042],[103.78710937500006,10.43109130900018],[103.7855224610002,10.434692383000026],[103.78729248000019,10.437683105000076],[103.79150390600012,10.4382934570001],[103.795898437,10.43548584000007],[103.79907226600017,10.432678223000039],[103.80267334000007,10.431518554999968]]],[[[103.58709716800013,10.506530762000011],[103.59149169900019,10.50531005900018],[103.59613037100013,10.505493164000143],[103.59930419900019,10.505126953000115],[103.59948730500008,10.500671387000068],[103.5999145510001,10.496887207000157],[103.60272216800013,10.495117187000062],[103.60510253900014,10.492919922000056],[103.60650634800004,10.489074707000157],[103.607910156,10.484924316000047],[103.60491943400018,10.482910156000173],[103.60028076200007,10.481079102000024],[103.59930419900019,10.475524902000188],[103.5963134770002,10.476928711000085],[103.59411621100008,10.480102539000143],[103.5906982420002,10.481079102000024],[103.5864868160001,10.479492187000062],[103.58172607400019,10.481689453000172],[103.58129882800017,10.484924316000047],[103.58447265600006,10.485717773000033],[103.58691406200006,10.487304687000062],[103.58789062500017,10.490295410000158],[103.58691406200006,10.493530273000033],[103.58508300800008,10.496093750000114],[103.58270263700007,10.498107910000158],[103.57989502000004,10.499877930000082],[103.57812500000011,10.502685547000112],[103.57910156200006,10.505920410000158],[103.58050537100013,10.508728027000188],[103.58392334000007,10.509521484],[103.58709716800013,10.506530762000011]]],[[[103.56488037100019,10.488708496000129],[103.5601196290001,10.487915039000143],[103.55847168000008,10.49212646500007],[103.55511474600013,10.49548339800009],[103.55249023400006,10.497314453000115],[103.5565185550002,10.500488281],[103.55969238300008,10.501281738000046],[103.5631103520002,10.498901366999974],[103.56451416000016,10.495910645000151],[103.56671142600004,10.492919922000056],[103.56488037100019,10.488708496000129]]],[[[103.47467041000016,10.633117676000097],[103.47747802700019,10.629882812000176],[103.48187255900018,10.629882812000176],[103.48510742200006,10.631896973000096],[103.48767089800003,10.628479003999985],[103.48510742200006,10.625671387000125],[103.48309326200018,10.62329101600011],[103.47967529300007,10.623107910000044],[103.47607421900005,10.625305176000097],[103.47290039100017,10.62768554700017],[103.47308349600013,10.630676270000095],[103.47467041000016,10.633117676000097]]],[[[103.42907714800003,10.612121582000157],[103.42547607400013,10.61071777300009],[103.42211914100011,10.61071777300009],[103.41809082000015,10.61132812500017],[103.4138793950001,10.610290527000075],[103.40972900400016,10.61047363300014],[103.4119262700001,10.613525391000053],[103.41510009800015,10.614929199000017],[103.41851806600016,10.615112305000082],[103.42132568400012,10.614074707000043],[103.42468261700014,10.61389160200008],[103.42907714800003,10.612121582000157]]],[[[103.30249023400012,10.628479003999985],[103.29931640600006,10.626708984000118],[103.2965087890002,10.628112793000184],[103.29687500000017,10.63110351600011],[103.29827880900007,10.634521484000118],[103.30267334000013,10.635925293000184],[103.30450439500004,10.632324219000111],[103.30249023400012,10.628479003999985]]],[[[103.5444946290001,10.523681641000053],[103.54211425800003,10.52130126999998],[103.5408935550002,10.525085449000017],[103.54248046900005,10.527893066000047],[103.54589843700006,10.530517578000172],[103.54711914100017,10.526123047000056],[103.5444946290001,10.523681641000053]]],[[[103.6226806640002,10.485107422000056],[103.62127685500013,10.48211669900013],[103.61987304700017,10.485717773000033],[103.62152099600019,10.489318847999982],[103.6226806640002,10.485107422000056]]]]}},{"type":"Feature","properties":{"adm1_name":"Preah Vihear","adm1_name1":null,"adm1_name2":null,"adm1_name3":null,"adm1_pcode":"KH13","adm0_name":"Cambodia","adm0_name1":null,"adm0_name2":null,"adm0_name3":null,"adm0_pcode":"KH","valid_on":"2018-10-04","valid_to":null,"area_sqkm":14042.60182701,"version":"v01","lang":"en","lang1":null,"lang2":null,"lang3":null,"adm1_ref_name":"Preah Vihear","center_lat":13.7460022,"center_lon":104.97437779},"geometry":{"type":"Polygon","coordinates":[[[104.83489990200013,14.409484863000102],[104.83447265600017,14.405090331999986],[104.83392334000018,14.40148925800014],[104.83587646500007,14.399108887000068],[104.83947753900009,14.398681641000053],[104.84069824200014,14.402526855000076],[104.84332275400004,14.403930664000143],[104.8464965820001,14.404724121000186],[104.85009765600012,14.405883789000029],[104.85308837900004,14.40710449200003],[104.8555297850001,14.40869140600006],[104.85791015600012,14.41149902300009],[104.86108398400017,14.409484863000102],[104.86450195300012,14.411682129000155],[104.86730957000015,14.415100098000096],[104.87152099600007,14.417907715000126],[104.87530517600004,14.415710449000017],[104.87792968700018,14.413085937000119],[104.88232421900017,14.411315918000128],[104.8862915040001,14.410095215000126],[104.89031982400013,14.408325195000032],[104.89392089800003,14.406494141000053],[104.89752197300015,14.406127930000082],[104.90008544900019,14.404113770000038],[104.90252685500019,14.40148925800014],[104.9050903320001,14.399902344000111],[104.90911865200019,14.399475098000096],[104.91271972700014,14.39929199200003],[104.91711425800003,14.399108887000068],[104.92132568400018,14.40087890600006],[104.92388916000016,14.399719238000046],[104.92669677700019,14.397705078],[104.92950439500015,14.395690918000184],[104.93249511700014,14.39367675800014],[104.93591308600008,14.392700195000089],[104.9381103520002,14.390930176000097],[104.939697266,14.388488770000038],[104.9415283200002,14.385925293000128],[104.94409179700011,14.383483887000068],[104.94732666000016,14.382324219000054],[104.95068359400005,14.381530762000068],[104.95410156200006,14.381286621000186],[104.95648193400001,14.38330078100006],[104.95672607400019,14.387329102000024],[104.9591064450002,14.39111328100006],[104.96289062500011,14.38928222700008],[104.96630859400005,14.389709473000039],[104.96911621100008,14.391906738000046],[104.97332763700001,14.392089844000111],[104.97570800800008,14.389892578],[104.97772216800013,14.387329102000024],[104.98132324200014,14.38610839800009],[104.98449707000003,14.38452148400006],[104.98712158200016,14.382324219000054],[104.98950195300017,14.379699707000157],[104.99353027300003,14.379089355000133],[104.99407959000013,14.376098633000083],[104.99572753900014,14.373107909999987],[104.99749755900007,14.37048339800009],[105.0001220700002,14.36767578100006],[105.0025024410001,14.364074706999986],[105.00231933600014,14.36071777300009],[105.0003051760001,14.357116699000187],[104.99932861300005,14.352478027000075],[104.9967041020002,14.348327637000011],[104.99389648400006,14.345275879000155],[104.99267578100006,14.341674805000082],[104.99328613300008,14.337890625000114],[104.9924926760001,14.334106445000032],[104.99328613300008,14.330322266],[104.99310302700007,14.327087402000075],[104.99212646500007,14.323730469000054],[104.98950195300017,14.3211059570001],[104.98547363300014,14.31951904300007],[104.98748779300013,14.315307616999974],[104.99090576200007,14.311706543000128],[104.9946899410001,14.309326172000056],[104.9976806640002,14.306884766000053],[105.00048828100006,14.305297852000024],[105.00268554700011,14.30267334000007],[105.00427246100014,14.298706055000025],[105.00427246100014,14.293884277000018],[105.00567627000004,14.290100098000039],[105.00891113300008,14.285705566000047],[105.01171875000011,14.281311035000158],[105.01367187500017,14.278320312000062],[105.01568603500004,14.274902344000054],[105.01672363300008,14.270507812000062],[105.01849365200007,14.267517090000013],[105.02130127000004,14.264282226999967],[105.02587890600006,14.263916016000167],[105.02490234400011,14.261108398000033],[105.02331543000008,14.258728027000132],[105.02227783199999,14.254882812000062],[105.02111816400014,14.251098633000026],[105.02111816400014,14.247314453000115],[105.02209472700002,14.243530272999976],[105.02368164100005,14.240295410000101],[105.02612304700011,14.238098145000151],[105.02990722700002,14.237304687],[105.03289794900007,14.233886719],[105.03692627000004,14.230712891000167],[105.0401000980001,14.228881836000085],[105.04431152300009,14.227478027000188],[105.04669189500004,14.224670410000158],[105.0477294920002,14.220275879000042],[105.05010986300005,14.215515137000182],[105.05450439500004,14.214477539000086],[105.05871582000009,14.214111328000115],[105.0642700200001,14.213500977000137],[105.06829834000013,14.21307373000002],[105.07128906200018,14.21307373000002],[105.07568359400011,14.21307373000002],[105.07910156200012,14.21209716800007],[105.08172607400007,14.210083008000026],[105.08532714800009,14.210083008000026],[105.087890625,14.211914062000176],[105.09289550800014,14.215270996000129],[105.09808349600007,14.214904785000101],[105.10308837899998,14.213317871000072],[105.10827636700009,14.213928223000153],[105.1116943360002,14.21649169900013],[105.11352539100011,14.219482422000056],[105.11627197300015,14.222106934000124],[105.1209106450001,14.223510742000087],[105.12609863300014,14.224914550999983],[105.13031005900012,14.227905273000033],[105.13348388700018,14.231506348000153],[105.13769531200018,14.234497069999975],[105.14147949200009,14.237121582000043],[105.14471435500013,14.240295410000101],[105.14709472700014,14.243713379000042],[105.14868164100017,14.2468872070001],[105.15130615200013,14.249877930000025],[105.15368652299998,14.253723145000095],[105.15350341800001,14.257873535000158],[105.15069580100015,14.259887695000032],[105.1475219730001,14.259277344000054],[105.14447021500001,14.260681152000188],[105.14788818400012,14.264526367000144],[105.15069580100015,14.266296387000011],[105.15307617200006,14.268493652000188],[105.15252685500013,14.271911621000129],[105.15051269500015,14.276123047000056],[105.15051269500015,14.280517578000115],[105.15130615200013,14.284301758000026],[105.15350341800001,14.287109375000114],[105.1563110350001,14.288330078000115],[105.15991210900012,14.28851318400018],[105.1605224610002,14.29187011700003],[105.1605224610002,14.29669189499998],[105.16107177700019,14.300903320000032],[105.16491699200009,14.303100586000085],[105.168701172,14.30407714800009],[105.17028808600003,14.306701660000158],[105.171875,14.309509277000188],[105.1751098630001,14.311706543000128],[105.17712402300015,14.315917969000054],[105.1768798830002,14.319274902000075],[105.17547607400013,14.322082520000038],[105.17150878900009,14.324096680000025],[105.16809082000015,14.326293945000032],[105.16748046900017,14.329284668000128],[105.168701172,14.331909180000025],[105.168701172,14.335083008000083],[105.17108154300007,14.337890625000114],[105.17327880900012,14.341918945000032],[105.1751098630001,14.344726562000062],[105.17852783200004,14.34509277300009],[105.18267822300015,14.34228515600006],[105.18768310500019,14.342895508000083],[105.19110107400013,14.34552001999998],[105.19348144500015,14.34710693400001],[105.19628906200006,14.348083496000186],[105.19952392600015,14.348510741999974],[105.204101562,14.34552001999998],[105.20672607400013,14.341674805000082],[105.20568847700014,14.337097168000128],[105.20727539100017,14.333312987999989],[105.20690918000014,14.32989501999998],[105.20629882800012,14.32611084000007],[105.20611572300015,14.320678711000141],[105.2058715820001,14.315917969000054],[105.20727539100017,14.311279297000112],[105.20928955100004,14.308471680000082],[105.21228027300003,14.306274414000143],[105.21508789100017,14.303710937000062],[105.217529297,14.299926758000026],[105.2205200200001,14.2957153320001],[105.22229003900009,14.292114258000026],[105.22308349600013,14.28851318400018],[105.22387695300012,14.285522461000085],[105.22607421900005,14.283081055000025],[105.23010253900009,14.281127929999968],[105.23492431600016,14.279113770000151],[105.23730468700006,14.27728271500007],[105.23992919900013,14.274475098000039],[105.24151611300016,14.271484375000114],[105.24249267600004,14.268676758000083],[105.243896484,14.265502930000025],[105.24591064500015,14.2625122070001],[105.24707031200006,14.259277344000054],[105.24731445300012,14.255676270000151],[105.24768066400014,14.25189209000007],[105.24749755900018,14.247680664000143],[105.2468872070001,14.242675781000173],[105.24829101600017,14.2390747070001],[105.24890136700014,14.23468017600004],[105.25012207000015,14.230712891000167],[105.25372314500015,14.229125977000137],[105.25653076200018,14.226501465000013],[105.25610351600017,14.222717285000101],[105.25750732400013,14.219116211000028],[105.25750732400013,14.216125488000102],[105.25708007800017,14.21209716800007],[105.25927734400005,14.207519531000116],[105.26330566400014,14.2058715820001],[105.26531982400013,14.203674316],[105.26708984400005,14.200927734000118],[105.26690673800016,14.196105957000043],[105.27069091800013,14.193725586000028],[105.27227783200016,14.190124512000125],[105.27429199200014,14.185729980000133],[105.27508544900019,14.182678223000153],[105.27612304700006,14.17987060500019],[105.2755126950002,14.176879883000026],[105.27832031200006,14.174682617000087],[105.28210449200014,14.171691895000095],[105.28570556600005,14.170715332000043],[105.28869628900014,14.169921875],[105.292724609,14.17211914100011],[105.29791259800004,14.169677734000174],[105.29827880900001,14.165893555000139],[105.30310058600008,14.165100098000153],[105.3065185550002,14.163330078000058],[105.30969238300008,14.161071777000132],[105.31347656200012,14.163513184000124],[105.31707763700007,14.16229248000019],[105.32012939500015,14.163085937000176],[105.32147216800013,14.160522461000028],[105.32427978500004,14.157897949000073],[105.32330322300004,14.153930664000029],[105.32708740200007,14.150695801000154],[105.32568359400011,14.14672851600011],[105.32708740200007,14.143676758000026],[105.32928466800013,14.141296387000125],[105.33312988300008,14.139892578000058],[105.33587646500013,14.138305664000029],[105.3385009770002,14.134521484000118],[105.34112548800005,14.129882812000176],[105.34411621100014,14.126281738000102],[105.34790039100005,14.12609863300014],[105.34832763700007,14.122924805000082],[105.35107421900011,14.120910645000038],[105.35272216800013,14.11791992200017],[105.35589599600019,14.116882324000073],[105.35729980500008,14.113525391000053],[105.35791015600006,14.11071777300009],[105.36010742200011,14.108093262000125],[105.36248779300018,14.105712891000053],[105.3662719730001,14.104675293000014],[105.36950683600014,14.106689453000058],[105.37170410200002,14.103088378999985],[105.37689209000013,14.103088378999985],[105.38250732400002,14.105285645000095],[105.38769531200012,14.103088378999985],[105.39190673800005,14.10070800800014],[105.39691162100019,14.101928711000141],[105.4006958010001,14.104675293000014],[105.40350341800018,14.102905273000147],[105.40612793000008,14.106506348000096],[105.40789794900007,14.11010742200017],[105.41333007800017,14.110900879000155],[105.41748046900011,14.109680176000154],[105.41912841800013,14.106506348000096],[105.42230224600002,14.105895996000015],[105.42572021500013,14.107482910000044],[105.42889404300018,14.10632324200003],[105.43231201200012,14.106506348000096],[105.43511962900016,14.108276367000087],[105.43847656200018,14.107299805000082],[105.44207763700012,14.108276367000087],[105.44531250000017,14.10791015600006],[105.44592285200008,14.104492187000176],[105.44873046900011,14.103088378999985],[105.4517211910001,14.102478027000132],[105.45550537100007,14.103698730000133],[105.45751953100006,14.107482910000044],[105.45971679700017,14.110290527000132],[105.46307373000019,14.11187744100016],[105.46789550800014,14.113098145000095],[105.47210693400012,14.116699219000111],[105.47412109400011,14.120483398000147],[105.47827148400017,14.11853027300009],[105.48272705100015,14.118896484000118],[105.4866943360002,14.120117187000119],[105.49011230500014,14.122924805000082],[105.49047851600017,14.125915527000075],[105.49432373000013,14.128295898000147],[105.49847412100007,14.129089355000133],[105.49969482400013,14.133483887000125],[105.50329589799998,14.133728027000075],[105.50689697300015,14.132690430000139],[105.50988769500015,14.134277344000168],[105.51391601600011,14.134704590000183],[105.51629638700018,14.136474609000174],[105.51892089800015,14.13891601600011],[105.52148437500006,14.14111328100006],[105.5247192380001,14.14227294900013],[105.52868652300003,14.14227294900013],[105.53149414100017,14.145507812000176],[105.5355224610002,14.149719238000102],[105.53869628900009,14.151306152000132],[105.54187011700014,14.151916503999985],[105.54449462900004,14.153320312000176],[105.54608154300007,14.155700684000124],[105.55010986300016,14.157104492000087],[105.55389404300007,14.15930175799997],[105.55688476600017,14.16070556600016],[105.56030273400017,14.159484863000102],[105.56347656200006,14.157470703000115],[105.5675048830002,14.155273437],[105.57031250000006,14.152282715000183],[105.57250976600017,14.149108887000125],[105.57452392599998,14.144897461000028],[105.57830810500019,14.142517090000126],[105.5808715820001,14.140930176000097],[105.58392334000001,14.13928222700008],[105.58789062500011,14.139099121000072],[105.58587646500007,14.142883301000154],[105.58489990200019,14.145874022999976],[105.58508300800008,14.14892578100006],[105.58807373000008,14.14892578100006],[105.59027099600013,14.146911621000072],[105.5938720700002,14.145874022999976],[105.59808349600013,14.147705078000058],[105.60229492200006,14.147705078000058],[105.60449218700006,14.144470215000183],[105.6082763670002,14.144104003999985],[105.6085205080002,14.140686035000101],[105.6085205080002,14.135681152000132],[105.61047363300008,14.131713867000087],[105.61370849600013,14.128479004000042],[105.61712646500007,14.126525879000155],[105.617675781,14.130310059000067],[105.61987304700011,14.134094238000102],[105.6229248050002,14.132507324000073],[105.62591552700019,14.130126953000058],[105.62908935500008,14.130126953000058],[105.63287353499999,14.130676270000095],[105.63311767600004,14.127319335999971],[105.63049316400014,14.125488281000116],[105.63269043000003,14.123107910000044],[105.63549804700011,14.11853027300009],[105.63409423800005,14.114685059000124],[105.63287353499999,14.111511230000133],[105.63311767600004,14.107482910000044],[105.63690185500008,14.104675293000014],[105.64031982400019,14.101684570000089],[105.6427001950002,14.099304199000073],[105.64550781200006,14.097473145000095],[105.6483154300002,14.098083496000072],[105.64892578100017,14.101074219000168],[105.64947509800004,14.104675293000014],[105.65032959000007,14.108886719000111],[105.65411377000015,14.11187744100016],[105.65728759800004,14.110900879000155],[105.66027832000003,14.11071777300009],[105.66088867200011,14.114501953000058],[105.65747070300017,14.115905762000125],[105.65570068400018,14.11853027300009],[105.65911865200019,14.120117187000119],[105.66247558600014,14.11853027300009],[105.66607666000004,14.114685059000124],[105.67028808600014,14.112670898000147],[105.67309570300017,14.11187744100016],[105.67749023400006,14.11071777300009],[105.68212890600017,14.108886719000111],[105.6837158200002,14.105712891000053],[105.68548584000013,14.102111816000104],[105.6881103520002,14.099487305000139],[105.69110107400019,14.098083496000072],[105.69488525400016,14.09631347700008],[105.69750976600005,14.094909668000184],[105.69970703100006,14.092712402000075],[105.7014770510001,14.08850097700008],[105.70391845700016,14.086914062000119],[105.70672607400019,14.087524413999972],[105.70971679700011,14.091125488000046],[105.71069335900006,14.096130371000186],[105.71307373000013,14.099304199000073],[105.7156982420002,14.102111816000104],[105.7183227540001,14.106872559000124],[105.72308349600019,14.10913085900006],[105.72692871100014,14.10852050800014],[105.72949218700012,14.105529785000044],[105.73107910200008,14.102478027000132],[105.73309326200012,14.099487305000139],[105.73510742200011,14.096130371000186],[105.73828125000017,14.09448242200017],[105.74212646500013,14.09570312500017],[105.74688720700004,14.094909668000184],[105.75152587900016,14.093688965000126],[105.7542724610002,14.09289550800014],[105.75891113300014,14.091918945000089],[105.76287841800018,14.09069824200003],[105.76611328100006,14.089721680000082],[105.76928710900012,14.089294434000067],[105.77331543000008,14.088684082000043],[105.77612304700011,14.087707520000038],[105.78668212899998,14.082702637000125],[105.788330078,14.079711914000029],[105.78710937500017,14.070922852000024],[105.78649902300015,14.06811523400006],[105.78332519500009,14.057678223000096],[105.78491210900012,14.053527832000157],[105.78472900400016,14.047912598000039],[105.78289794900007,14.043090820000089],[105.7910766600001,14.026306152000075],[105.7935180660001,14.022888184000067],[105.79589843700018,14.021118164000143],[105.79852294900007,14.019714355000076],[105.8013305660001,14.01867675800014],[105.80389404300018,14.01751709000007],[105.80670166000004,14.014709473000039],[105.80889892600015,14.01147460900006],[105.81152343700012,14.009094238000046],[105.8142700200001,14.007324219000054],[105.81787109400017,14.00531005900001],[105.82128906200018,14.002929687000062],[105.82470703100012,14.001281738000046],[105.82690429700017,13.998107910000158],[105.82928466800007,13.994689941000047],[105.83148193400012,13.990722656000173],[105.83367919900013,13.98767089800009],[105.83648681600016,13.985473633000083],[105.84228515600012,13.982299805000025],[105.84613037100007,13.978515625000114],[105.84930419900013,13.977478027000075],[105.85211181600016,13.975891113000046],[105.85510253900009,13.973876953000172],[105.85809326200018,13.971130371000129],[105.86169433600003,13.968872070000032],[105.86547851600017,13.967895508000083],[105.86932373000019,13.966308594000054],[105.87207031200006,13.963500977000024],[105.87451171900017,13.96112060500002],[105.87847900400004,13.958129883000026],[105.88153076200012,13.956298828000172],[105.88507080100004,13.954711914000143],[105.88751220700004,13.952697754000098],[105.88970947300015,13.950683594000054],[105.89447021500007,13.94708251999998],[105.89648437500011,13.94171142600004],[105.90008544900013,13.936889648000033],[105.89752197300015,13.935119629000042],[105.89489746100008,13.932678223000039],[105.8906860350001,13.930114746000129],[105.88647460900017,13.92767334000007],[105.88348388700018,13.92608642600004],[105.88031005900012,13.924499512000011],[105.8773193360002,13.92327880900018],[105.87292480500014,13.922302246000129],[105.8695068360002,13.921691895000151],[105.8630981450001,13.921325684000124],[105.85650634800015,13.921691895000151],[105.85327148400017,13.922119141000167],[105.85028076200018,13.922729492000144],[105.846679687,13.922729492000144],[105.8428955080002,13.922485351999967],[105.83850097700008,13.922912597999982],[105.83471679700017,13.923095703000115],[105.83007812500006,13.92327880900018],[105.82611084000018,13.922912597999982],[105.82110595700004,13.922485351999967],[105.81549072300015,13.922485351999967],[105.80908203100012,13.922485351999967],[105.80352783199999,13.922729492000144],[105.7988891600001,13.922729492000144],[105.79431152300015,13.923095703000115],[105.78967285200008,13.922912597999982],[105.78350830100015,13.922119141000167],[105.77832031200012,13.921875000000114],[105.77471923800005,13.921875000000114],[105.77172851600005,13.921691895000151],[105.76770019500009,13.922119141000167],[105.76367187500006,13.922912597999982],[105.75891113300014,13.923095703000115],[105.7554931640002,13.922912597999982],[105.75207519500009,13.922729492000144],[105.74810791000004,13.922119141000167],[105.74407959000013,13.921325684000124],[105.74090576200007,13.921081543000128],[105.7368774410001,13.920898437000062],[105.73229980500008,13.920471191000047],[105.72869873000013,13.920288086000085],[105.72387695300006,13.919921875000057],[105.72027587900016,13.918884277000188],[105.71630859400011,13.917724609000174],[105.71228027300009,13.917114258000026],[105.70971679700011,13.915283203000115],[105.70709228500004,13.91229248000002],[105.70452880900018,13.910522461000028],[105.7014770510001,13.908691406000173],[105.70068359400011,13.904296875000114],[105.70208740200007,13.90008544900013],[105.70471191400014,13.89788818400018],[105.70428466800018,13.893920897999976],[105.7036743160001,13.889892578000115],[105.70629882800017,13.888671875000114],[105.70690918000008,13.885681152000188],[105.70947265600006,13.88409423800016],[105.71331787100019,13.883728027000132],[105.71490478500004,13.880310059000124],[105.71429443400007,13.877075194999975],[105.71429443400007,13.872924805000139],[105.71331787100019,13.869689941],[105.7114868160001,13.867309570000145],[105.70709228500004,13.867126465000183],[105.70349121100014,13.865722656000116],[105.70007324200003,13.865295410000101],[105.69732666000016,13.86248779300007],[105.69512939499998,13.864318848000153],[105.6917114260001,13.866516113000102],[105.68707275400016,13.866088867000144],[105.6837158200002,13.863891602000137],[105.6802978520002,13.863281250000057],[105.67791748000008,13.865295410000101],[105.67572021500007,13.867919922],[105.67431640600017,13.871093750000057],[105.67010498000008,13.872680664000086],[105.66552734400005,13.87469482400013],[105.6616821290001,13.872680664000086],[105.65747070300017,13.872070312000062],[105.65368652300009,13.869506836000028],[105.64971923799999,13.868713379000042],[105.64648437500011,13.869873047000056],[105.64172363300003,13.86907959000007],[105.6362915040001,13.868530273000147],[105.63250732400019,13.866088867000144],[105.62927246100014,13.864501953000115],[105.62768554700011,13.861083984000174],[105.6270751950002,13.857727051000154],[105.623291016,13.85687255900018],[105.61932373000002,13.858276367000144],[105.61749267600004,13.861694336000028],[105.61328125000011,13.8640747070001],[105.61132812500006,13.867126465000183],[105.60888671900005,13.869873047000056],[105.60510253900014,13.871093750000057],[105.60351562500011,13.87469482400013],[105.60150146500007,13.878479004000042],[105.59851074200014,13.880493164000086],[105.59448242200006,13.881530762000125],[105.59088134800004,13.883728027000132],[105.58789062500011,13.883483887000182],[105.58471679700006,13.886108398000033],[105.57971191400009,13.88690185500019],[105.57672119100016,13.884704590000013],[105.5740966800002,13.882080078000115],[105.57049560500002,13.8796997070001],[105.56787109400005,13.877929687000176],[105.56591796900017,13.875305175999983],[105.5632934570001,13.872680664000086],[105.55828857400013,13.871520996000072],[105.55511474600007,13.867675781000173],[105.55267334000007,13.864929199000073],[105.54870605500014,13.865478516000167],[105.54528808600008,13.8640747070001],[105.542480469,13.861877441],[105.53869628900009,13.860107422],[105.53570556600016,13.85687255900018],[105.53149414100017,13.85467529300007],[105.52807617200006,13.851074219],[105.52691650400004,13.846496582000043],[105.52630615200013,13.843688965000013],[105.52429199200014,13.840515137000125],[105.52172851600011,13.836914062000176],[105.52191162100007,13.83367919900013],[105.52050781200018,13.829895020000095],[105.52050781200018,13.825500488000102],[105.52111816400009,13.822326660000044],[105.52172851600011,13.819519043000184],[105.52490234400017,13.816528320000089],[105.52587890600017,13.812072754000042],[105.52807617200006,13.806274414000086],[105.52508544900013,13.802307128999985],[105.52569580099998,13.797912598000096],[105.52868652300003,13.793884277000132],[105.52893066400003,13.790893555000139],[105.52789306600016,13.786682129000042],[105.5247192380001,13.782287598000096],[105.52252197300015,13.778930664000029],[105.52270507800012,13.775878906000116],[105.52447509800015,13.772888184000124],[105.52429199200014,13.768493652000132],[105.52490234400017,13.765075684000124],[105.52752685500019,13.763122559000067],[105.53112793000014,13.760070801000154],[105.53167724600013,13.756896973000096],[105.53228759800015,13.753479003999985],[105.53369140600012,13.749084473000096],[105.53668212900004,13.746887207000043],[105.54052734400017,13.745117187000119],[105.54449462900004,13.742492676000154],[105.5488891600001,13.739318848000096],[105.55169677700019,13.728088379000155],[105.55267334000007,13.72509765600006],[105.56488037100013,13.708496094000111],[105.57049560500002,13.689880371000186],[105.57031250000006,13.679504395000038],[105.57348632800012,13.671691895000038],[105.5753173830002,13.66931152300009],[105.57550048800016,13.660705566000047],[105.57690429700006,13.652709961000085],[105.57348632800012,13.646911621000129],[105.5728759770002,13.641906738000046],[105.57128906200006,13.639099121000129],[105.57049560500002,13.63592529300007],[105.57092285200014,13.632507324000187],[105.5728759770002,13.625488281],[105.57312011700014,13.622314453000115],[105.57312011700014,13.61749267600004],[105.5728759770002,13.611877441000047],[105.57250976600017,13.606323242000144],[105.5723266600001,13.600524902000188],[105.57189941400009,13.595520020000151],[105.5711059570001,13.59210205100004],[105.57031250000006,13.58929443400018],[105.56927490200019,13.584472656],[105.56872558600003,13.580322266000167],[105.56829834000007,13.57647705100004],[105.56768798800016,13.571899414000086],[105.56707763700001,13.567871094000054],[105.56671142600004,13.564514160000101],[105.5662841800002,13.561279297000056],[105.5662841800002,13.555908203000115],[105.56530761700014,13.551696777000188],[105.56292724600007,13.543884277000188],[105.56268310500002,13.54071044900013],[105.56488037100013,13.52569580100004],[105.56530761700014,13.522705078000115],[105.56549072299998,13.51947021500007],[105.56567382800012,13.514282227000137],[105.56530761700014,13.508728027000132],[105.56530761700014,13.505126953000058],[105.56549072299998,13.501098633000026],[105.56610107400013,13.497314453000058],[105.5662841800002,13.492492675999983],[105.56549072299998,13.488098145000095],[105.5632934570001,13.485107422],[105.56048584000007,13.482482910000101],[105.55810546900017,13.480895996000072],[105.55487060500008,13.478088379000042],[105.55230712900004,13.473876953000115],[105.55090332000015,13.47088623000019],[105.54931640600012,13.468505859000118],[105.54650878900009,13.465698242000087],[105.54351806600016,13.462280272999976],[105.54290771500018,13.457885742000087],[105.54010009800015,13.452270508000026],[105.53747558600008,13.448120117000087],[105.53369140600012,13.446105957000043],[105.53149414100017,13.441894531000116],[105.52929687500006,13.438720703000058],[105.52691650400004,13.43609619100016],[105.52429199200014,13.433898926000154],[105.52032470700004,13.432678223000153],[105.51727294900013,13.43188476600011],[105.51287841800007,13.430725098000096],[105.50909423800016,13.429504395000095],[105.5059204100001,13.428710937000119],[105.50207519500015,13.427917480000133],[105.49792480500014,13.42687988299997],[105.49389648400017,13.426086426000154],[105.48968505900012,13.424682617000087],[105.48413085900012,13.422912598000096],[105.47967529300007,13.421325684000067],[105.47491455100015,13.418518066000104],[105.47113037100002,13.416076660000101],[105.46887207000015,13.414123535000044],[105.46429443400012,13.411071777000132],[105.46051025400016,13.40869140600006],[105.45770263700012,13.406921387000068],[105.45410156200018,13.405090332000043],[105.45092773400012,13.40307617200017],[105.44769287100007,13.40148925800014],[105.4439086910001,13.399902344000111],[105.44012451200012,13.398315430000082],[105.43591308600014,13.396484375],[105.43249511700009,13.395324707000157],[105.42889404300018,13.394104004000155],[105.4251098630001,13.393127441000104],[105.4216918950001,13.392089844000111],[105.41809082000009,13.390502930000082],[105.41467285200008,13.388671875],[105.41107177700013,13.387512206999986],[105.40631103500004,13.386474609000118],[105.4028930660001,13.38549804700017],[105.39892578100006,13.384277344000111],[105.39489746100014,13.382324219000111],[105.39190673800005,13.380493164000029],[105.38787841800018,13.37829589800009],[105.38391113300008,13.376281738000102],[105.37988281200012,13.374694824000073],[105.37670898400006,13.372924805000082],[105.3726806640002,13.370910645000038],[105.36828613300014,13.368713379000155],[105.36529541000004,13.367126465000126],[105.36169433600014,13.365295410000044],[105.35852050800008,13.36328125000017],[105.35589599600019,13.361328125000114],[105.35308837900016,13.358520508000083],[105.35131835900006,13.355102538999972],[105.35009765600006,13.352294922000112],[105.34808349600019,13.34851074200003],[105.3442993160001,13.343872070000089],[105.3406982420002,13.341125488000046],[105.33831787100013,13.338684081999986],[105.3364868160001,13.336486816000104],[105.3342895510001,13.333679199000073],[105.3306884770002,13.33007812500017],[105.32708740200007,13.326477051000097],[105.32330322300004,13.322875977000024],[105.3198852540001,13.319519043000128],[105.31732177700019,13.316101074000187],[105.31451416000016,13.31231689499998],[105.31188964800009,13.309326172000056],[105.30950927700002,13.306884766000053],[105.30688476600005,13.304321289000143],[105.3035278320001,13.301330566000047],[105.30029296900005,13.298095703000172],[105.29711914100017,13.294921875000114],[105.29412841800007,13.291503906],[105.29168701200007,13.288696289000143],[105.289306641,13.285888672000112],[105.28710937500011,13.283325195000032],[105.28509521500007,13.280883789000143],[105.28271484400005,13.278076172000112],[105.28051757800012,13.275878906],[105.27752685500002,13.273498535000158],[105.2733154300002,13.270507812000062],[105.27008056600005,13.268920898000033],[105.2667236330002,13.26751709000007],[105.2625122070001,13.26593017600004],[105.25891113300003,13.264709473000039],[105.25488281200006,13.263305664000143],[105.2520751950002,13.262084961000085],[105.2479248050002,13.260681152000018],[105.24407959000007,13.260314941000047],[105.23992919900013,13.258483887000068],[105.23590087900004,13.256713867000144],[105.23248291000016,13.2546997070001],[105.23010253900009,13.252929687000062],[105.22692871100003,13.251525879000042],[105.22387695300012,13.249511719000054],[105.22088623000002,13.247680664000143],[105.217529297,13.245727539000086],[105.2136840820001,13.243713379000042],[105.20971679700006,13.24151611300016],[105.2070922850001,13.23992919900013],[105.20367431600005,13.23767089800009],[105.200683594,13.235473633000083],[105.19812011700009,13.23370361300016],[105.19531250000006,13.23187255900018],[105.19207763700018,13.229919434000124],[105.18908691400009,13.227111816],[105.18792724600007,13.223693847999982],[105.18450927700013,13.2214965820001],[105.18231201200018,13.21868896500007],[105.18029785200014,13.215698242000144],[105.17791748000019,13.211730957000043],[105.17590332000015,13.207702637000182],[105.17468261700014,13.204711914000086],[105.17309570300012,13.20050048800016],[105.1716918950001,13.197082520000151],[105.16992187500006,13.193298340000013],[105.16772460900012,13.188903809000124],[105.16448974600007,13.184692383000026],[105.16149902299998,13.180725098000153],[105.15869140600012,13.178283691],[105.15588378900009,13.17492675799997],[105.15252685500013,13.171875000000114],[105.15032959000018,13.17010498000019],[105.14807128900009,13.168090820000145],[105.14587402300003,13.166320801000154],[105.1431274410001,13.164123535000101],[105.13989257800006,13.161682129000042],[105.13732910200008,13.159729003999985],[105.13452148400012,13.15789794900013],[105.13031005900012,13.154724121000072],[105.12652587900016,13.15167236300016],[105.12310791000004,13.149475098000153],[105.11871337900016,13.14672851600011],[105.11511230500014,13.144287109000174],[105.11230468700018,13.142700195000145],[105.10949707000009,13.141296387000182],[105.1051025390002,13.13891601600011],[105.10192871100014,13.137084961000028],[105.09790039100011,13.13507080100004],[105.09472656200012,13.133300781000116],[105.09191894500009,13.131896973000153],[105.0875244140002,13.129699707000043],[105.08447265600012,13.128479004000042],[105.08172607400007,13.127075195000145],[105.0767211910001,13.12469482400013],[105.07250976600005,13.122314453000058],[105.07031250000017,13.120483397999976],[105.06707763700012,13.119323730000133],[105.06311035200008,13.116699219000168],[105.05950927700007,13.114685059000124],[105.0562744140002,13.112304687000176],[105.05407714800015,13.110473633000026],[105.04968261700009,13.106872559000124],[105.04608154300018,13.10412597700008],[105.0413208010001,13.101074219000168],[105.03668212900016,13.097717285000044],[105.03387451200012,13.095520020000038],[105.03112793000008,13.093078613000102],[105.02807617200017,13.090515137000125],[105.02490234400011,13.088684082000043],[105.02191162100019,13.086303711000028],[105.01770019500009,13.08312988300014],[105.0145263670002,13.080871582000043],[105.01171875000011,13.07867431600016],[105.0081176760001,13.076110840000126],[105.00512695300017,13.073486328000058],[105.00170898400006,13.071289062000176],[104.99847412100019,13.069702148000147],[104.99548339800009,13.067871094000168],[104.99212646500007,13.06530761700003],[104.9888916020002,13.063293457000043],[104.98529052700007,13.060913085999971],[104.97711181600005,13.056274414000029],[104.97430419900019,13.055480957000043],[104.96630859400005,13.055480957000043],[104.96112060500008,13.056518555000082],[104.9539184570001,13.058105469000111],[104.94952392600004,13.06127929700017],[104.94567871100014,13.064086914000029],[104.94030761700014,13.069274902000132],[104.9337158200002,13.076293945000089],[104.92749023400006,13.084899902000132],[104.92132568400018,13.092285156000116],[104.9194946290001,13.096679687000176],[104.91607666000016,13.099670410000101],[104.91229248000008,13.103698730000133],[104.9102783200002,13.107116699000073],[104.90747070300017,13.10852050800014],[104.90692138700018,13.11352539100011],[104.9050903320001,13.117309570000089],[104.90429687500011,13.122070312],[104.90148925800008,13.125488281000116],[104.89910888700018,13.127929687000176],[104.89672851600017,13.130310059000124],[104.89489746100008,13.133300781000116],[104.89288330100004,13.135681152000132],[104.89068603500016,13.13787841800007],[104.88787841800013,13.141296387000182],[104.8875122070001,13.148315430000139],[104.88848877000015,13.152526855000133],[104.88867187500011,13.157287598000153],[104.8862915040001,13.160522461000028],[104.8826904300002,13.162902832000043],[104.88031005900012,13.165283203000115],[104.877502441,13.168884277000188],[104.87670898400017,13.17327880900018],[104.87591552700019,13.178710937],[104.87652587900004,13.182495117000144],[104.87628173800016,13.186096191],[104.87512207000015,13.190124512000182],[104.87371826200018,13.194702148000033],[104.87451171900017,13.198120117000087],[104.87548828100017,13.20172119100016],[104.87548828100017,13.205322266000167],[104.87652587900004,13.209472656000173],[104.87512207000015,13.213500977000137],[104.87530517600004,13.218872070000032],[104.87670898400017,13.221679687000062],[104.87927246100008,13.223693847999982],[104.88153076200018,13.225708008000026],[104.88330078100017,13.22869873000002],[104.88208007800012,13.23272705100004],[104.88171386700014,13.236877441000047],[104.88348388700001,13.240478516],[104.88671875000006,13.243103027000188],[104.89007568400018,13.246276855000076],[104.89190673800016,13.249694824000187],[104.89367675800008,13.254089355000076],[104.89489746100008,13.259094237999989],[104.89611816400009,13.263305664000143],[104.8972778320001,13.266906737999989],[104.8983154300002,13.269897461000085],[104.89971923800016,13.273681641000053],[104.90112304700006,13.27752685500002],[104.90191650400004,13.28070068400018],[104.90429687500011,13.28491210900006],[104.902099609,13.28851318400018],[104.90130615200019,13.291503906],[104.90008544900019,13.294311523000033],[104.89849853500016,13.298278809000067],[104.89672851600017,13.301879883000083],[104.89489746100008,13.305297852000024],[104.8927001950002,13.308105469000054],[104.88952636700014,13.309509277000018],[104.8862915040001,13.310119629000098],[104.8809204100001,13.309509277000018],[104.8760986330002,13.30908203100006],[104.8718872070001,13.308471680000082],[104.86730957000015,13.307922362999989],[104.86267089800003,13.307312012000068],[104.85870361300016,13.306884766000053],[104.85510253900009,13.306518555000025],[104.8519287110002,13.306518555000025],[104.84790039100017,13.306701659999987],[104.83911132800012,13.308898926000097],[104.83532714800015,13.309326172000056],[104.8298950200001,13.308471680000082],[104.82629394500015,13.308105469000054],[104.82312011700009,13.307922362999989],[104.81988525400004,13.307312012000068],[104.81530761700009,13.306884766000053],[104.80950927700013,13.306274413999972],[104.80389404300007,13.305480957000157],[104.79931640600012,13.305114746000129],[104.79431152300015,13.305114746000129],[104.78930664100011,13.30407714800009],[104.78607177700013,13.303894043000128],[104.78228759800015,13.303100586000141],[104.77630615200013,13.302307129000098],[104.77227783200004,13.30450439499998],[104.76910400399998,13.306274413999972],[104.76727294900013,13.309692383000083],[104.76391601600011,13.31231689499998],[104.75988769500015,13.31390380900001],[104.75531005900007,13.313110352000024],[104.75189209000018,13.311279297000112],[104.74871826200012,13.311279297000112],[104.74591064500004,13.312683105000076],[104.74310302700013,13.313476562000119],[104.7393188480001,13.312072754000155],[104.7349243160001,13.311096191000047],[104.7313232420002,13.310119629000098],[104.72851562500017,13.307312012000068],[104.72570800800014,13.304870605000133],[104.72167968700018,13.305114746000129],[104.71850585900012,13.305908203000172],[104.71551513700007,13.306884766000053],[104.71191406200012,13.306701659999987],[104.70867919900007,13.305725098000039],[104.70532226600005,13.303100586000141],[104.70288085900012,13.299316406000173],[104.70068359400011,13.297485352000024],[104.6981201170002,13.295471191000104],[104.69232177700007,13.291687012000068],[104.68829345699999,13.29132080100004],[104.68530273400006,13.290100098000039],[104.68109130900007,13.288085937000119],[104.67730712900016,13.285705566000047],[104.67327880900007,13.282104491999974],[104.66949462900016,13.280517578000115],[104.665283203,13.278503418000128],[104.66229248000013,13.27728271500007],[104.65948486300005,13.276306152000018],[104.65429687500017,13.274108887000011],[104.65032959000007,13.272521972999982],[104.64611816400014,13.271118164000143],[104.64007568400007,13.269104004000098],[104.63610839800009,13.267883301000097],[104.63269043000008,13.266723633000026],[104.62628173800005,13.264709473000039],[104.62048339800009,13.2625122070001],[104.61547851600005,13.26092529300007],[104.60931396500007,13.259277344000054],[104.6043090820001,13.258300781000173],[104.60028076200007,13.257080078000172],[104.59490966800013,13.25567626999998],[104.58892822299998,13.2546997070001],[104.58209228500016,13.253479004000098],[104.57330322300004,13.252075195000032],[104.56909179700006,13.25189209000007],[104.56549072300004,13.25311279300007],[104.565917969,13.257080078000172],[104.56787109400005,13.262695312000062],[104.56951904300007,13.266296387000068],[104.57092285200014,13.2703247070001],[104.57171630900018,13.273681641000053],[104.57067871100008,13.278930664000086],[104.56909179700006,13.283325195000032],[104.56787109400005,13.286071777000075],[104.56671142600004,13.289672852000024],[104.56567382800017,13.292724609],[104.56488037100013,13.296691895000038],[104.56512451200018,13.300476074000017],[104.56610107400019,13.304870605000133],[104.56707763700007,13.308105469000054],[104.56909179700006,13.312072754000155],[104.57147216800013,13.316528320000032],[104.5723266600001,13.319885254000155],[104.57147216800013,13.323303223000039],[104.56927490200002,13.326721191000047],[104.56787109400005,13.329895020000038],[104.56787109400005,13.33392334000007],[104.56787109400005,13.337707520000038],[104.56811523400017,13.341125488000046],[104.56750488300003,13.344482422000112],[104.56707763700007,13.347900391000053],[104.56689453100017,13.352478027000075],[104.56689453100017,13.357727051000097],[104.56707763700007,13.361694336000141],[104.56811523400017,13.36547851600011],[104.56951904300007,13.369506836000141],[104.57049560500008,13.373107910000044],[104.57147216800013,13.376892090000126],[104.57269287100013,13.380310059000067],[104.57452392600004,13.384704590000126],[104.57708740200002,13.387512206999986],[104.57928466800013,13.38928222700008],[104.58209228500016,13.392517090000126],[104.584472656,13.394714355000133],[104.58691406200006,13.397277832000043],[104.5885009770002,13.400329590000126],[104.58990478500016,13.40307617200017],[104.59130859400005,13.407714844000111],[104.59271240200019,13.41088867200017],[104.59509277300009,13.414123535000044],[104.597900391,13.41711425800014],[104.60089111300005,13.41992187500017],[104.60369873000008,13.421691895000095],[104.60711669900019,13.423889160000044],[104.61151123000008,13.42687988299997],[104.61590576200007,13.430114746000015],[104.61950683600008,13.432678223000153],[104.62207031200012,13.434509277000132],[104.62487793000008,13.436889648000147],[104.62792968700006,13.438903809000067],[104.6317138670002,13.440917969000111],[104.63427734400011,13.443481445000145],[104.6350708010001,13.446289062000176],[104.63592529300013,13.449096680000139],[104.6373291020002,13.45190429700017],[104.63928222700002,13.454895020000095],[104.64093017600004,13.45727539100011],[104.64270019500003,13.459472656000116],[104.64569091800013,13.461914062000176],[104.64770507800017,13.464721680000139],[104.64971923800005,13.467102051000154],[104.64990234400005,13.470092772999976],[104.64971923800005,13.473510742000087],[104.65087890600006,13.478881836000028],[104.6506958010001,13.482727051000154],[104.65008544900002,13.485717773000147],[104.6494750980001,13.48852539100011],[104.64892578100017,13.491699219000168],[104.65008544900002,13.494873047000056],[104.65167236300005,13.497680664000086],[104.65393066400014,13.500488281000116],[104.65789794900002,13.503906250000057],[104.66168212900016,13.50610351600011],[104.66467285200008,13.509277344],[104.66748046900011,13.513122559000124],[104.67150878900014,13.515502929999968],[104.67388916000004,13.51812744100016],[104.67712402300009,13.520324707000043],[104.67871093700012,13.523315430000139],[104.68072509800004,13.526306152000132],[104.68292236300005,13.52850341800007],[104.68029785200002,13.531127930000139],[104.67791748000008,13.532714844000168],[104.67529296900011,13.53448486300016],[104.67230224600019,13.531677246000129],[104.6682739260001,13.529724121000072],[104.6649169920002,13.527709961000028],[104.66168212900016,13.526123047],[104.6585083010001,13.523925781000116],[104.6549072270002,13.521301270000095],[104.65252685500008,13.518676758000026],[104.65008544900002,13.51672363299997],[104.6450805660001,13.516113281000116],[104.63970947300004,13.513671875000114],[104.63592529300013,13.51232910200008],[104.63208007800017,13.511474609000174],[104.62890625000011,13.51007080100004],[104.62628173800005,13.508728027000132],[104.6229248050002,13.506530762000125],[104.61889648400006,13.505493164000086],[104.61590576200007,13.506286621000072],[104.61407470700016,13.51031494100016],[104.6118774410001,13.512512207000043],[104.60791015600017,13.514526367000087],[104.60351562500011,13.51727294900013],[104.60089111300005,13.52069091800007],[104.59832763700018,13.523498535000101],[104.59472656200006,13.524108887000182],[104.59069824200014,13.524108887000182],[104.58752441400009,13.523681641000167],[104.584472656,13.523071289000086],[104.5806884770002,13.522705078000115],[104.5764770510001,13.5222778320001],[104.57312011700014,13.522094727000137],[104.56927490200002,13.521911621000072],[104.56512451200018,13.522888184000124],[104.56170654300007,13.524719238000102],[104.55749511700014,13.526306152000132],[104.55267334000007,13.525878906000173],[104.5499267580002,13.527893066],[104.54669189500015,13.530273437000062],[104.54327392600004,13.532714844000168],[104.54028320300012,13.535888672000056],[104.53771972700014,13.538696289000086],[104.53472900400004,13.543090819999975],[104.53167724600013,13.544921875000057],[104.52709960900017,13.545288086000085],[104.52307128900014,13.54608154300007],[104.51849365200019,13.546508789000086],[104.51489257800012,13.545288086000085],[104.50909423800016,13.54608154300007],[104.50347900400004,13.548095703000115],[104.4998779300002,13.549072266],[104.49707031200006,13.54852294900013],[104.49090576200018,13.550720215000013],[104.48730468700018,13.55108642600004],[104.48370361300016,13.551513672000056],[104.48010253900009,13.551879883000026],[104.47552490200013,13.55267334000007],[104.471679687,13.55291748000019],[104.46728515600012,13.55291748000019],[104.46148681600016,13.55291748000019],[104.45690918000014,13.552307129000042],[104.45330810500019,13.553527832000043],[104.44769287100007,13.55389404300007],[104.44128418000014,13.55389404300007],[104.43572998000013,13.553710937],[104.42889404300001,13.554077148000033],[104.42327880900012,13.554870605000076],[104.41772460900012,13.555297852000137],[104.40930175800014,13.557678223000039],[104.40771484400011,13.561279297000056],[104.40789794900007,13.564697266000167],[104.41107177700013,13.568115234000174],[104.40911865200007,13.572509766000167],[104.40649414100011,13.57647705100004],[104.40631103500004,13.580322266000167],[104.40527343700018,13.584106444999975],[104.40350341800018,13.588928223000153],[104.40252685500013,13.592529297000056],[104.40252685500013,13.595703125000114],[104.40350341800018,13.598876953000172],[104.40527343700018,13.60150146500007],[104.40667724600007,13.6043090820001],[104.40911865200007,13.60687255900001],[104.41192627000004,13.608093262000068],[104.4160766600001,13.608703612999989],[104.41992187500017,13.610717773000033],[104.42327880900012,13.61309814499998],[104.4251098630001,13.616271973000039],[104.42449951200012,13.619506836000085],[104.42572021500013,13.622680664000143],[104.42608642600015,13.626281738000046],[104.42529296900017,13.629516601999967],[104.4263305660001,13.632324219000054],[104.42889404300001,13.636718750000114],[104.43090820300006,13.640319824000187],[104.43267822300015,13.644470215000126],[104.43450927700013,13.648498534999987],[104.4373168950001,13.651306152000018],[104.44030761700009,13.653930664000143],[104.43969726600011,13.66967773400006],[104.43249511700009,13.674316406],[104.43048095700004,13.676513672000112],[104.42871093700018,13.67907714800009],[104.42791748000013,13.683288574000017],[104.4281005860002,13.687927246000129],[104.4293212890002,13.691284180000082],[104.43109130900012,13.69512939499998],[104.43212890600006,13.70007324200003],[104.43029785200008,13.702880859000118],[104.42968750000006,13.706481934000067],[104.42852783200004,13.711120605000076],[104.42852783200004,13.716491699000073],[104.42828369100016,13.720886230000133],[104.42590332000009,13.72509765600006],[104.4238891600001,13.728271484000118],[104.42327880900012,13.731689453000058],[104.42047119100016,13.735290527000075],[104.41650390600012,13.737915039000029],[104.41290283200004,13.74047851600011],[104.4107055660001,13.744506835999971],[104.40930175800014,13.74829101600011],[104.40832519500009,13.751281738000102],[104.40972900400016,13.754089355000133],[104.41271972700008,13.757507324000073],[104.41467285200014,13.761474609000118],[104.41491699200009,13.765502930000082],[104.41290283200004,13.76892089800009],[104.40911865200007,13.770874023000147],[104.40588378900003,13.771911621000015],[104.40252685500013,13.773315430000082],[104.39990234400011,13.775085449000073],[104.3975219730001,13.776672363000102],[104.39569091800018,13.779113770000038],[104.39410400400016,13.781677246000072],[104.39270019500009,13.785095215000183],[104.39208984400011,13.789489746000072],[104.39129638700012,13.795104980000133],[104.38909912100002,13.799499512000125],[104.38769531200018,13.803527832000043],[104.38592529300018,13.806701660000101],[104.38208007800006,13.80969238299997],[104.37768554700017,13.808898926000154],[104.37347412100007,13.808715820000089],[104.36871337900016,13.807922363000102],[104.36450195300006,13.80712890600006],[104.36132812500017,13.807922363000102],[104.35931396500013,13.810302734000118],[104.35827636700009,13.813476562],[104.35949707000009,13.816894531000116],[104.36248779300018,13.819702148000147],[104.36547851600011,13.822692871000072],[104.36749267600015,13.825683594000168],[104.36853027300009,13.829101562000176],[104.36853027300009,13.832519531000116],[104.36791992200011,13.835327148000147],[104.36889648400012,13.8386840820001],[104.37487793000014,13.837890625000057],[104.37829589800015,13.837890625000057],[104.38031005900007,13.840270996000129],[104.38153076200007,13.84307861300016],[104.3818969730001,13.847106934000124],[104.38232421900011,13.851501465000183],[104.38549804700017,13.853088379000042],[104.3897094730001,13.855529785000101],[104.39031982400007,13.859130859000118],[104.39270019500009,13.861694336000028],[104.39569091800018,13.864318848000153],[104.39331054700017,13.86688232400013],[104.39031982400007,13.868530273000147],[104.39068603500004,13.872070312000062],[104.39172363300014,13.876098633000026],[104.39331054700017,13.879516602000137],[104.39471435500013,13.882324219000168],[104.3961181640002,13.887084961000085],[104.39929199200009,13.891723633000026],[104.40307617200017,13.892700194999975],[104.40911865200007,13.891296387000182],[104.41290283200004,13.890502929999968],[104.4172973630001,13.891723633000026],[104.41711425800014,13.89569091800007],[104.41467285200014,13.89788818400018],[104.4107055660001,13.901123047000056],[104.40747070300006,13.904724121000072],[104.40789794900007,13.908874512000011],[104.41149902300015,13.913085937000062],[104.41467285200014,13.915100097999982],[104.41748046900017,13.916687012000011],[104.42089843700018,13.91912841800007],[104.42272949200003,13.921875000000114],[104.42327880900012,13.924926758000026],[104.42370605500014,13.92791748000002],[104.42492675800014,13.931701660000158],[104.4263305660001,13.935302734],[104.42529296900017,13.938476562000062],[104.421875,13.93890380900018],[104.4215087890002,13.942687987999989],[104.42230224600007,13.945678711000085],[104.4229125980001,13.94891357400013],[104.42108154300001,13.952697754000098],[104.42010498000013,13.957092285000158],[104.4238891600001,13.959106445000032],[104.42547607400013,13.962890625000114],[104.42608642600015,13.967285156],[104.42712402300015,13.970275879000098],[104.42767334000018,13.973083496000186],[104.42669677700013,13.977294922000112],[104.42431640600006,13.981079102000024],[104.42309570300006,13.985290527000075],[104.42132568400007,13.98809814499998],[104.41931152300015,13.991271973000039],[104.41772460900012,13.994506836000085],[104.41790771500018,13.997924805000025],[104.41870117200017,14.00170898400006],[104.41931152300015,14.005493163999972],[104.42071533200004,14.008300781],[104.42352294900007,14.010925293000128],[104.4251098630001,14.01367187500017],[104.4251098630001,14.017089844000111],[104.4238891600001,14.020324707000157],[104.42327880900012,14.023498534999987],[104.42608642600015,14.024475098000096],[104.4293212890002,14.026672363000046],[104.43011474600007,14.031311034999987],[104.42907714799998,14.03491210900006],[104.4293212890002,14.037902832000157],[104.43048095700004,14.040893555000082],[104.43048095700004,14.043884277000075],[104.43048095700004,14.04687500000017],[104.4329223630001,14.049499512000068],[104.43328857400013,14.052490234000118],[104.43408203100012,14.056701660000044],[104.43511962900016,14.059875488000102],[104.43609619100016,14.063110352000024],[104.43670654300018,14.066284180000082],[104.43811035200008,14.069519043000128],[104.44012451200012,14.07312011700003],[104.444091797,14.074523926000097],[104.44830322300015,14.076110840000126],[104.45129394500015,14.078674316000104],[104.453125,14.083129883000083],[104.45648193400012,14.087707520000038],[104.45648193400012,14.091491699000073],[104.45928955099998,14.094909668000184],[104.46289062500006,14.098083496000072],[104.46508789100017,14.101074219000168],[104.46752929700017,14.10351562500017],[104.4691162110002,14.105895996000015],[104.47247314500015,14.106689453000058],[104.47589111300016,14.110290527000132],[104.47827148400017,14.114685059000124],[104.48071289100011,14.117492676000154],[104.4835205080002,14.119323730000133],[104.486877441,14.120300293000184],[104.48992919900007,14.12329101600011],[104.49212646500018,14.127075195000145],[104.49548339800003,14.130310059000067],[104.4993286130001,14.132080078000058],[104.49969482400013,14.135314941000104],[104.5023193360002,14.138122559000067],[104.50653076200012,14.140075684000124],[104.50750732400013,14.145324707000043],[104.50549316400009,14.148315430000139],[104.50292968700018,14.151306152000132],[104.49951171900017,14.153320312000176],[104.49707031200006,14.155273437],[104.49249267600004,14.156311035000044],[104.48852539100011,14.158081055000139],[104.48712158200004,14.160888672],[104.4835205080002,14.161682129000042],[104.48028564500015,14.164672852000137],[104.47668457000015,14.166076660000101],[104.47290039100011,14.168884277000132],[104.47070312500006,14.174499512000125],[104.46691894500015,14.177124023000147],[104.4627075200001,14.178100586000028],[104.46087646500001,14.1804809570001],[104.45947265600012,14.185119628999985],[104.45727539100017,14.188903809000124],[104.45391845700004,14.190917969000168],[104.45208740200013,14.194091797000056],[104.45147705099998,14.197692871000072],[104.4492797850001,14.199523926000154],[104.4451293950001,14.200927734000118],[104.44348144500015,14.204711914000086],[104.44207763700018,14.208923340000183],[104.44427490200013,14.211303711000028],[104.44873046900011,14.211303711000028],[104.45251464800015,14.21087646500007],[104.45672607400007,14.212890625000057],[104.45788574200009,14.215881347999982],[104.4570922850001,14.219482422000056],[104.45867919900013,14.223876953000115],[104.4600830080002,14.228881836000085],[104.46289062500006,14.23370361300016],[104.46331787100007,14.238098145000151],[104.46148681600016,14.241088867000144],[104.46209716800007,14.24432373000019],[104.46191406200018,14.247680664000143],[104.46191406200018,14.251098633000026],[104.45971679700017,14.256530762000182],[104.4558715820001,14.259277344000054],[104.45727539100017,14.263488770000151],[104.45690918000014,14.26788330100004],[104.4558715820001,14.27288818400018],[104.45770263700012,14.278320312000062],[104.4561157230001,14.282104492000144],[104.45690918000014,14.285278320000032],[104.45629882800006,14.290100098000039],[104.45727539100017,14.294311523000033],[104.45727539100017,14.297485352000024],[104.45812988300014,14.30108642600004],[104.45928955099998,14.303894043000128],[104.46051025400004,14.306701660000158],[104.46173095700004,14.31048584000007],[104.4636840820001,14.315307616999974],[104.4649047850001,14.320922851999967],[104.46551513700012,14.326477051000097],[104.46588134800015,14.333496094000054],[104.46588134800015,14.3367309570001],[104.46728515600012,14.34228515600006],[104.46630859400017,14.34509277300009],[104.4705200200001,14.346496582000157],[104.47430419900013,14.349304199000187],[104.47711181600016,14.351074219000111],[104.47888183600008,14.353881836000141],[104.47772216800001,14.356872559000067],[104.47631835900012,14.359497070000032],[104.47790527299998,14.362915039000143],[104.48071289100011,14.365478516000053],[104.48327636700014,14.36767578100006],[104.48571777300015,14.369323730000076],[104.48852539100011,14.37048339800009],[104.49127197299998,14.371704102000024],[104.49487304700006,14.373107909999987],[104.49908447300015,14.375915527000075],[104.5037231450001,14.374694824000017],[104.5076904300002,14.373474121000186],[104.51232910200014,14.372314453000172],[104.51489257800012,14.37109375000017],[104.51849365200019,14.368103027000075],[104.52087402300003,14.365478516000053],[104.52331543000014,14.362915039000143],[104.52532959000018,14.36071777300009],[104.528320312,14.360290527000075],[104.5313110350001,14.35913085900006],[104.53472900400004,14.356079102000024],[104.53851318400012,14.355529785000158],[104.54187011700014,14.356323241999974],[104.54467773400006,14.356872559000067],[104.5474853520002,14.356079102000024],[104.55187988300008,14.354492187000119],[104.556884766,14.353698730000076],[104.56109619100005,14.353881836000141],[104.56549072300004,14.35491943400018],[104.56750488300003,14.358703613000046],[104.5711059570001,14.36071777300009],[104.57568359400005,14.358703613000046],[104.57971191400014,14.358886719000111],[104.57971191400014,14.361877441000104],[104.57928466800013,14.365112305000025],[104.5789184570001,14.369873047000112],[104.57910156200006,14.374511719000054],[104.58392334000007,14.377502441000104],[104.58709716800013,14.379882812000119],[104.58947753900014,14.381530762000068],[104.59130859400005,14.384094238000046],[104.59307861300005,14.386901855000076],[104.59509277300009,14.38952636700003],[104.59771728500016,14.392089844000111],[104.59991455100004,14.394287109000118],[104.6030883790001,14.396728516000053],[104.6082763670002,14.397521973000039],[104.61309814499998,14.398071289000029],[104.6160888670002,14.400085449000073],[104.61889648400006,14.40209960900006],[104.6217041020002,14.40429687500017],[104.62432861299999,14.405883789000029],[104.62670898400006,14.407714844000111],[104.63031005900018,14.41149902300009],[104.63348388700007,14.415283203000058],[104.63690185500008,14.418701172000112],[104.64068603500004,14.42272949200003],[104.6450805660001,14.423522949000017],[104.64910888700007,14.423706055000082],[104.65252685500008,14.421691895000038],[104.65447998000013,14.417480469000111],[104.6558837890002,14.413513184000067],[104.65472412100013,14.410278320000089],[104.65350341800013,14.407470703000058],[104.6558837890002,14.404479980000133],[104.65771484400005,14.402282715000126],[104.66027832000009,14.400512695000032],[104.66467285200008,14.399475098000096],[104.66851806600005,14.39929199200003],[104.67291259800004,14.398925781],[104.6760864260001,14.398315430000082],[104.67932128900014,14.397705078],[104.68231201200007,14.398315430000082],[104.6848754880001,14.400085449000073],[104.68670654300013,14.403930664000143],[104.6892700200001,14.408081055000082],[104.68988037100002,14.411682129000155],[104.69067382800006,14.415893555000082],[104.69409179700017,14.419494629000155],[104.69628906200012,14.422119141000053],[104.6981201170002,14.425109863000046],[104.69927978500004,14.427917480000133],[104.70147705100015,14.4296875],[104.70349121100014,14.43188476600011],[104.70788574200009,14.43408203100006],[104.71209716800018,14.434326172000112],[104.71429443400007,14.431518555000082],[104.71771240200007,14.427307129000155],[104.72149658200004,14.424682617000087],[104.72351074200003,14.421875],[104.72308349600007,14.417480469000111],[104.72167968700018,14.413513184000067],[104.72070312500017,14.410278320000089],[104.72027587899998,14.406921387000068],[104.72412109400011,14.403930664000143],[104.72668457000009,14.406127930000082],[104.72851562500017,14.40869140600006],[104.7313232420002,14.412292480000133],[104.73468017600015,14.413513184000067],[104.73767089800015,14.414306641000053],[104.74169921900011,14.413513184000067],[104.74511718700012,14.41088867200017],[104.74871826200012,14.40930175800014],[104.75347900400004,14.405883789000029],[104.75512695300006,14.408325195000032],[104.75732421900011,14.411071777000132],[104.75708007800006,14.414123534999987],[104.75927734400017,14.416320801000097],[104.7620849610002,14.418884277000075],[104.76550293000014,14.422119141000053],[104.76849365200013,14.423889160000044],[104.77148437500006,14.423889160000044],[104.77532959000013,14.42431640600006],[104.77850341800018,14.425720215000126],[104.78131103500004,14.428283691000104],[104.78369140600012,14.430114746000186],[104.78607177700013,14.43188476600011],[104.78967285200014,14.434326172000112],[104.79388427700013,14.435485840000126],[104.796875,14.435485840000126],[104.80090332000015,14.43627929700017],[104.80468750000006,14.437316895000038],[104.80871582000015,14.436523437000119],[104.81372070300006,14.43249511700003],[104.81768798800016,14.428283691000104],[104.81927490200019,14.423889160000044],[104.81970214799998,14.41931152300009],[104.82409668000014,14.418701172000112],[104.82910156200018,14.418518066000104],[104.83270263700018,14.41650390600006],[104.83447265600017,14.414123534999987],[104.83489990200013,14.409484863000102]]]}},{"type":"Feature","properties":{"adm1_name":"Prey Veng","adm1_name1":null,"adm1_name2":null,"adm1_name3":null,"adm1_pcode":"KH14","adm0_name":"Cambodia","adm0_name1":null,"adm0_name2":null,"adm0_name3":null,"adm0_pcode":"KH","valid_on":"2018-10-04","valid_to":null,"area_sqkm":4764.68543432,"version":"v01","lang":"en","lang1":null,"lang2":null,"lang3":null,"adm1_ref_name":"Prey Veng","center_lat":11.36682129,"center_lon":105.45567986},"geometry":{"type":"Polygon","coordinates":[[[105.33148193400007,11.86468505900018],[105.33508300800008,11.862915039000086],[105.33752441400014,11.85931396500007],[105.33929443400007,11.855895996000129],[105.34350585900006,11.853881836000085],[105.3472900390002,11.8543090820001],[105.35028076200007,11.852111816000047],[105.35449218700012,11.852905273000033],[105.35827636700003,11.85491943400018],[105.36212158200016,11.856506347999982],[105.36529541000004,11.855102539000143],[105.36712646500007,11.852111816000047],[105.36987304700017,11.850891112999989],[105.37292480500008,11.849121094],[105.37371826200007,11.844299316000047],[105.37707519500009,11.844726562],[105.38110351600005,11.844726562],[105.3853149410001,11.842712402000188],[105.38928222700008,11.841308594],[105.39129638700012,11.8386840820001],[105.39428710900012,11.840087891],[105.39648437500017,11.841918944999975],[105.39868164100011,11.84368896500007],[105.40130615200007,11.8464965820001],[105.40509033200004,11.84490966800007],[105.40490722700008,11.841674805000025],[105.40930175800014,11.840087891],[105.40991210900012,11.835693359],[105.41168212900016,11.83331298800016],[105.41528320300006,11.831298828000115],[105.41589355500008,11.828491211000085],[105.41870117200017,11.827697754000042],[105.41912841800013,11.823486328000115],[105.41589355500008,11.821289062000062],[105.41271972700002,11.817871094000054],[105.41351318400007,11.813476562000062],[105.41430664100005,11.809692383000026],[105.41528320300006,11.8054809570001],[105.41528320300006,11.802307129000042],[105.41333007800017,11.80010986300016],[105.41052246100014,11.796875000000114],[105.40747070300006,11.794128418000014],[105.4124755860002,11.792724609000174],[105.41448974600002,11.788696289000086],[105.4151000980001,11.784118652000132],[105.41687011700009,11.779296875000057],[105.41870117200017,11.776916504000042],[105.41888427700013,11.772521973000153],[105.42230224600002,11.770507812000176],[105.42449951200012,11.76812744100016],[105.42730712900016,11.765930176000154],[105.43127441400003,11.763488770000095],[105.43389892600015,11.762084961000028],[105.43811035200008,11.75909423800016],[105.44232177700007,11.755676270000151],[105.44732666000004,11.755126953000058],[105.45111084000013,11.757080078000115],[105.45452880900007,11.759704590000183],[105.45751953100006,11.76232910200008],[105.46069335900012,11.765075684000124],[105.46368408200004,11.765502930000139],[105.46691894500009,11.765319824000073],[105.47070312500006,11.764709473000153],[105.47509765600012,11.764526367000087],[105.47827148400017,11.764099121000072],[105.48132324200009,11.764099121000072],[105.48590087900004,11.763488770000095],[105.49072265600012,11.763305664000086],[105.49511718700018,11.763671875000057],[105.49829101600011,11.763305664000086],[105.50170898400012,11.76232910200008],[105.50610351600011,11.759887695000145],[105.510498047,11.757690429999968],[105.51409912100007,11.75610351600011],[105.5186767580002,11.755310059000124],[105.52331543000014,11.755920410000101],[105.52807617200006,11.755920410000101],[105.53112793000014,11.754272461000085],[105.53509521500001,11.752319336000028],[105.53967285200014,11.751708984000118],[105.54327392600004,11.751708984000118],[105.54632568400012,11.75128173800016],[105.54907226600017,11.750305176000154],[105.55230712900004,11.750305176000154],[105.55731201200018,11.74969482400013],[105.5623168950001,11.749328613000102],[105.5684814450002,11.749084473000153],[105.57507324200014,11.751098633000026],[105.577880859,11.749084473000153],[105.58111572300015,11.74829101600011],[105.58508300800008,11.747070312],[105.58911132800012,11.746093750000057],[105.594726562,11.745300293000014],[105.59887695300017,11.745300293000014],[105.6030883790001,11.745300293000014],[105.60791015600017,11.744873047000056],[105.61132812500006,11.744323730000133],[105.61529541000016,11.743286133000026],[105.61987304700011,11.742492675999983],[105.62408447300004,11.743103027000132],[105.62829589800003,11.74291992200017],[105.63171386700014,11.74291992200017],[105.63592529300007,11.743286133000026],[105.63952636700014,11.743286133000026],[105.6441040040001,11.743713378999985],[105.6492919920002,11.743530273000147],[105.65307617200011,11.74291992200017],[105.65631103500016,11.742492675999983],[105.66052246100008,11.740722656000116],[105.66467285200002,11.739685059000124],[105.6682739260001,11.738708496000072],[105.67132568400018,11.739685059000124],[105.67572021500007,11.740722656000116],[105.68072509800004,11.740478516000167],[105.68408203100006,11.740722656000116],[105.68792724600013,11.741271973000153],[105.69470214800009,11.742492675999983],[105.6981201170002,11.74291992200017],[105.70129394500009,11.742492675999983],[105.70452880900018,11.739685059000124],[105.70672607400019,11.73748779300007],[105.71032714800009,11.734130859000118],[105.71368408199999,11.730895996000072],[105.71649169900007,11.728271484000174],[105.72027587900016,11.725097656000116],[105.72167968700012,11.721496582000043],[105.72387695300006,11.717285156000116],[105.72552490200007,11.71350097700008],[105.72729492200011,11.710693359000118],[105.72869873000013,11.707885742000087],[105.7301025390002,11.704895020000095],[105.7313232420002,11.702270508000026],[105.73168945300006,11.699096680000139],[105.7327270510001,11.693115234000118],[105.73651123000013,11.691101074000073],[105.73968505900007,11.688476562000176],[105.74230957000009,11.685913085999971],[105.74591064500004,11.682922363000046],[105.7490844730001,11.681701660000044],[105.75189209000013,11.67987060500019],[105.75592041000004,11.677917480000133],[105.75750732400007,11.673522949000073],[105.75848388700012,11.669494629000155],[105.76251220699999,11.668090820000089],[105.76489257800006,11.663879395000095],[105.76507568400012,11.65930175800014],[105.76708984400011,11.655090332000043],[105.7647094730001,11.652893066000104],[105.7669067380001,11.650695801000097],[105.76788330100015,11.646118163999972],[105.77008056600016,11.64111328100006],[105.77471923800005,11.637695312000119],[105.77508544900007,11.633911133000083],[105.7789306640002,11.631286621000015],[105.78027343700018,11.627929687000119],[105.78308105500014,11.62670898400006],[105.78588867200017,11.623718262000068],[105.78967285200008,11.620910645000038],[105.78991699200003,11.616699219000111],[105.79327392600015,11.613891602000024],[105.79412841800018,11.610290527000075],[105.79571533200004,11.607727051000097],[105.79852294900007,11.606506348000039],[105.8013305660001,11.605895996000186],[105.80407714800015,11.605285645000038],[105.80688476600011,11.603271484000118],[105.80950927700013,11.599487305000082],[105.80548095700004,11.59851074200003],[105.79992675800014,11.597900391000053],[105.7966918950001,11.59710693400001],[105.79327392600015,11.595275879000155],[105.79071044900007,11.592895508000083],[105.788330078,11.591125488000046],[105.78607177700013,11.589111328000172],[105.78350830100015,11.58789062500017],[105.78051757800006,11.587707520000038],[105.77691650400016,11.58789062500017],[105.77368164100011,11.587524414000143],[105.77069091800018,11.587707520000038],[105.76751709000013,11.588500977000024],[105.76409912100002,11.587707520000038],[105.7603149410001,11.5867309570001],[105.75732421900011,11.586303711000141],[105.75329589800015,11.5867309570001],[105.747314453,11.588073730000133],[105.74371337900016,11.585510254000098],[105.7424926760001,11.581909180000025],[105.74310302700007,11.57788085900006],[105.74011230500008,11.577087402000075],[105.7368774410001,11.577087402000075],[105.73388671900011,11.577087402000075],[105.72967529300018,11.576477051000097],[105.72607421900011,11.575500488000046],[105.72167968700012,11.574279785000044],[105.7180786130001,11.573120116999974],[105.71270752000004,11.571472168000128],[105.70867919900007,11.570495605000076],[105.70391845700016,11.568908691000047],[105.69970703100006,11.567321777000018],[105.69628906200012,11.565917969000054],[105.69348144500009,11.565307616999974],[105.69091796900005,11.562927246000129],[105.68927002000004,11.559875488000046],[105.6890869140002,11.555297852000024],[105.69012451200007,11.55249023400006],[105.690673828,11.549499512000068],[105.69012451200007,11.54632568400018],[105.68792724600013,11.543273926000097],[105.6838989260001,11.539489746000129],[105.68011474600013,11.536926270000151],[105.6773071290001,11.533874512000068],[105.67950439500004,11.529296875000114],[105.6785278320001,11.524108887000011],[105.68072509800004,11.51947021500007],[105.68292236300005,11.51531982400013],[105.68450927700007,11.511718750000114],[105.68572998000008,11.50811767600004],[105.68231201200007,11.50567626999998],[105.6802978520002,11.50189209000007],[105.67968750000017,11.498718262000182],[105.67712402300003,11.4968872070001],[105.67492675800008,11.495117187000062],[105.67169189500004,11.49407959000007],[105.66888427700007,11.491882324000187],[105.66668701200007,11.4890747070001],[105.66552734400005,11.48651123000002],[105.66491699200014,11.48187255900018],[105.66491699200014,11.477294922000056],[105.66607666000004,11.473510742000144],[105.66748046900011,11.469726562],[105.67010498000008,11.466308594],[105.66888427700007,11.462707520000151],[105.66931152300009,11.45928955100004],[105.66912841800013,11.45532226600011],[105.66772460900006,11.451110840000013],[105.66607666000004,11.448120117000087],[105.66412353500016,11.445129395000095],[105.66107177700007,11.441284180000025],[105.65948486300005,11.438476562000062],[105.65930175800008,11.435302734000174],[105.6583251950002,11.431884766000167],[105.65649414100005,11.427307129000042],[105.65588378900014,11.423095703000115],[105.6561279300002,11.419677734000174],[105.65570068400018,11.415527344000168],[105.6549072270002,11.41271972700008],[105.65332031200006,11.408691406000116],[105.65228271500013,11.403930664000029],[105.6519165040001,11.400695800999983],[105.6519165040001,11.397521973000096],[105.6519165040001,11.394104004000042],[105.65167236300005,11.389099121000072],[105.65209960900006,11.382690430000139],[105.65289306600005,11.377929687000119],[105.65252685500008,11.373107910000044],[105.65228271500013,11.368713378999985],[105.65228271500013,11.364074707000043],[105.65252685500008,11.360473633000026],[105.65289306600005,11.356506348000096],[105.65332031200006,11.351684570000145],[105.65411377000015,11.346923828000058],[105.65429687500011,11.343322754000155],[105.65350341800013,11.338317871000015],[105.65289306600005,11.334289551000154],[105.65270996100008,11.330871582000043],[105.65228271500013,11.32727050799997],[105.65228271500013,11.323913574000073],[105.65228271500013,11.320922852000024],[105.65332031200006,11.31750488300014],[105.65368652300009,11.314086914000029],[105.65551757800017,11.30969238300014],[105.65930175800008,11.305725098000039],[105.66027832000003,11.301513672000112],[105.66070556600005,11.29748535200008],[105.66192627000015,11.291870117000087],[105.66333007800012,11.288330078000172],[105.66528320300017,11.284118652000075],[105.66809082000003,11.278930664000143],[105.66967773400006,11.27429199200003],[105.66888427700007,11.269470215000126],[105.66790771500007,11.264709473000039],[105.66308593700012,11.264892578],[105.65808105500008,11.265075684000067],[105.65307617200011,11.264709473000039],[105.65008544900019,11.265686035000044],[105.64807128900014,11.268310547000112],[105.6453247070001,11.271911621000186],[105.64031982400019,11.272888184000067],[105.63732910200014,11.271301270000038],[105.63568115200007,11.268493652000075],[105.63372802700019,11.26611328100006],[105.6362915040001,11.26312255900001],[105.63470459000007,11.257507324000017],[105.63153076200018,11.25329589800009],[105.6270751950002,11.25170898400006],[105.62451171900005,11.249694824000017],[105.62451171900005,11.246704102000024],[105.6251220700002,11.24212646500007],[105.62469482400019,11.23767089800009],[105.62268066400014,11.23413085900006],[105.62030029300013,11.230712891000053],[105.61853027300003,11.227478027000075],[105.61627197300004,11.223510741999974],[105.61468505900018,11.219116211000085],[105.61352539100017,11.21569824200003],[105.6121215820001,11.212890625000114],[105.61071777300003,11.209899902000018],[105.61010742200006,11.206726074000187],[105.60809326200001,11.204284668000128],[105.60772705100004,11.19952392600004],[105.60791015600017,11.195129395000151],[105.60809326200001,11.191528319999975],[105.60913085900017,11.188110351999967],[105.61029052700019,11.184509277000188],[105.61169433600008,11.180908203000115],[105.61267089800009,11.177124023000033],[105.61328125000011,11.172119141000167],[105.6138916020002,11.169311523000033],[105.6138916020002,11.166076660000158],[105.61328125000011,11.162719727000137],[105.6138916020002,11.158874512000068],[105.61328125000011,11.154296875000114],[105.61407470700016,11.14971923800016],[105.61572265600017,11.1453247070001],[105.61712646500007,11.141296387000011],[105.61907959000007,11.13647460900006],[105.6229248050002,11.133300781000173],[105.62567138700007,11.130493164000086],[105.6284790040001,11.128723145000095],[105.63049316400014,11.126281737999989],[105.63330078100017,11.123901367000144],[105.63531494100005,11.121276855000076],[105.63269043000003,11.117126465000183],[105.62908935500008,11.1140747070001],[105.62652587900004,11.110290527000188],[105.62268066400014,11.10687255900018],[105.6187133790001,11.104125977000137],[105.61468505900018,11.101074219000054],[105.61267089800009,11.097106934000124],[105.60968017600004,11.094116211000028],[105.60711669900013,11.090515137000182],[105.60650634799998,11.08587646500007],[105.60290527300003,11.082702637000182],[105.60412597700014,11.077880859000174],[105.60229492200006,11.074096679999968],[105.60229492200006,11.070129395000095],[105.60327148400006,11.067321777000132],[105.60211181600005,11.064270020000151],[105.60211181600005,11.06109619100016],[105.60351562500011,11.058105469000168],[105.60327148400006,11.054077148000033],[105.60229492200006,11.04992675800014],[105.60009765600017,11.045471191],[105.59710693400018,11.040283203000115],[105.59570312500011,11.034912109000118],[105.5952758790001,11.030700684000124],[105.59271240200019,11.02947998000019],[105.59051513700018,11.026916503999985],[105.5886840820001,11.023498535000101],[105.58532714800003,11.022705078000058],[105.58612060500019,11.018493652000132],[105.58349609400005,11.014099121000072],[105.58032226600017,11.010314941000104],[105.58068847700014,11.006713867000087],[105.58392334000001,11.003723145000038],[105.58630371100008,11.000671387000125],[105.59051513700018,10.999877930000139],[105.594726562,10.997314453000058],[105.5994873050002,10.997314453000058],[105.60247802700002,10.997070312000176],[105.6072998050002,10.995910645000038],[105.61047363300008,10.993103027000132],[105.61071777300003,10.989074707000043],[105.6109008790001,10.98510742200017],[105.60870361300016,10.981689453000058],[105.61029052700019,10.977111816000104],[105.61187744100005,10.973693848000096],[105.60687255900018,10.971679687000176],[105.60351562500011,10.97070312500017],[105.60028076200007,10.96948242200017],[105.59692382800012,10.968505859000118],[105.59332275400004,10.967529297000112],[105.58929443400018,10.966308594000111],[105.58508300800008,10.965270996000072],[105.58172607400013,10.964477539000029],[105.57769775400004,10.96350097700008],[105.57250976600017,10.962097168000184],[105.56732177700013,10.961730957000157],[105.5632934570001,10.961120605000133],[105.55908203100017,10.96008300800014],[105.55468750000011,10.959472656000116],[105.55072021500018,10.958496094000111],[105.545898437,10.955871582000043],[105.5421142580002,10.954101562000119],[105.53833007800006,10.95251464800009],[105.53247070300012,10.951477051000154],[105.52832031200018,10.95092773400006],[105.52508544900013,10.950683594000111],[105.52191162100007,10.950317383000083],[105.51727294900013,10.94970703100006],[105.51269531200018,10.949279785000044],[105.50970459000018,10.949096680000082],[105.50549316400009,10.949279785000044],[105.50250244100016,10.951477051000154],[105.50030517600015,10.953674316000104],[105.49731445300006,10.951721191000104],[105.49548339799998,10.948730469000054],[105.49212646500018,10.949523926000097],[105.48889160200014,10.950317383000083],[105.4854736330002,10.951721191000104],[105.48291015600012,10.953918457000157],[105.48291015600012,10.957702637000125],[105.48052978500004,10.959472656000116],[105.47808837900004,10.962097168000184],[105.47387695300012,10.963928223000039],[105.469482422,10.963684082000043],[105.46447753900009,10.964111328],[105.46112060500013,10.961730957000157],[105.45727539100011,10.957702637000125],[105.4534912110002,10.955505371000186],[105.44873046900011,10.95751953100006],[105.4439086910001,10.96008300800014],[105.44091796900011,10.962707520000038],[105.44030761700009,10.965515137000068],[105.4375,10.967712402000075],[105.4348754880001,10.970092773000147],[105.43292236300005,10.97290039100011],[105.42852783200016,10.974487305000139],[105.42572021500013,10.970092773000147],[105.42407226600011,10.965515137000068],[105.4215087890002,10.962097168000184],[105.41949462900016,10.958496094000111],[105.41790771500013,10.954528809000067],[105.41589355500008,10.951110840000126],[105.4136962890002,10.947326659999987],[105.41131591800018,10.943298340000126],[105.41107177700013,10.939514160000044],[105.40887451200012,10.937316895000038],[105.40692138700007,10.934326172000112],[105.40710449200003,10.930908203],[105.40368652300015,10.929077148000147],[105.397705078,10.928527832000157],[105.39709472700008,10.924926758000083],[105.39428710900012,10.92431640600006],[105.39172363300008,10.921508788999972],[105.3883056640002,10.919677734000118],[105.38470459000013,10.916320801000097],[105.38348388700012,10.91192626999998],[105.38110351600005,10.910095215000126],[105.38012695300017,10.906127930000025],[105.3795166020002,10.902709961000141],[105.3753051760001,10.90368652300009],[105.37188720699999,10.90087890600006],[105.37048339800009,10.897521973000039],[105.3696899410001,10.89428710900006],[105.36932373000008,10.891296387000068],[105.36791992200011,10.887695312000119],[105.36511230500008,10.886901855000076],[105.36071777300009,10.886901855000076],[105.36010742200011,10.88311767600004],[105.35870361300005,10.879699707000157],[105.35449218700012,10.879516602000024],[105.35168457000009,10.876281738000046],[105.35009765600006,10.873718262000068],[105.34790039100005,10.870727539000143],[105.34509277300009,10.867919922000056],[105.34008789100005,10.867309570000032],[105.33752441400014,10.863891602000024],[105.33728027300009,10.860717773000033],[105.33331298800005,10.861877441000104],[105.32989502000004,10.863891602000024],[105.32708740200007,10.865478516000053],[105.32452392600004,10.866882324000017],[105.32110595700016,10.868713379000098],[105.31768798800005,10.870117187000062],[105.31512451200001,10.871520996000129],[105.31188964800009,10.873291016000053],[105.30731201200007,10.875305176000097],[105.30310058600008,10.877075195000089],[105.30010986299999,10.878479004000155],[105.29687500000017,10.880126953000172],[105.29351806600005,10.881896973000039],[105.2896728520002,10.884094238000046],[105.28570556600005,10.887084961000141],[105.28027343700012,10.88812255900018],[105.27569580100004,10.888305664000143],[105.27227783200016,10.890075684000067],[105.26867675800008,10.893127441000047],[105.2655029300002,10.895690918000128],[105.25848388700007,10.89587402300009],[105.25427246100008,10.895080566000104],[105.25091552700019,10.894470215000126],[105.24731445300012,10.894104004000098],[105.24310302700019,10.893310547000112],[105.23828125000011,10.893127441000047],[105.2344970700002,10.894470215000126],[105.23010253900009,10.896118164000143],[105.22589111300016,10.897521973000039],[105.22210693400012,10.898681641000053],[105.21771240200019,10.900512695000032],[105.21411132800012,10.901916504000098],[105.21148681600005,10.90368652300009],[105.208496094,10.905273437000119],[105.20507812500011,10.906921387000068],[105.20129394500015,10.909301758000083],[105.19750976600017,10.911315918000128],[105.19287109400005,10.911682129000155],[105.1895141600001,10.91351318400001],[105.18872070300006,10.918518066000047],[105.1882934570001,10.923522949000187],[105.18768310500019,10.926696777000075],[105.18707275400004,10.930114746000186],[105.18670654300007,10.933288574000073],[105.18627929700006,10.93688964800009],[105.18572998000019,10.94030761700003],[105.18511962900004,10.943725586000141],[105.18450927700013,10.947692871000015],[105.18389892599998,10.951904297000112],[105.18389892599998,10.956726074000017],[105.18408203100017,10.961486816000104],[105.18432617200017,10.964477539000029],[105.18450927700013,10.968078613000102],[105.18548584000001,10.971679687000176],[105.18688964800003,10.976074219000168],[105.1875,10.979125977000024],[105.1895141600001,10.982116699000073],[105.18988037100013,10.986083984000118],[105.19030761700009,10.990112305000082],[105.19049072300015,10.994506835999971],[105.19091796900017,10.998107910000044],[105.1912841800002,11.001525879000155],[105.19287109400005,11.005676270000095],[105.19390869100016,11.01049804700017],[105.19427490200019,11.013488770000095],[105.19488525400004,11.01727294900013],[105.1961059570001,11.021911621000072],[105.19689941400009,11.027099609000118],[105.19689941400009,11.032287598000153],[105.19689941400009,11.036315918000184],[105.19671630900012,11.040100098000153],[105.19671630900012,11.044311523000147],[105.19671630900012,11.048706055000139],[105.19628906200006,11.05389404300007],[105.19628906200006,11.058471679999968],[105.19592285200014,11.062072754000042],[105.19549560500019,11.065673828000115],[105.19488525400004,11.07092285200008],[105.19451904300007,11.07531738299997],[105.19427490200019,11.078491211000028],[105.19427490200019,11.082092285000101],[105.19427490200019,11.086486816],[105.19567871100008,11.089477539000086],[105.19848632800012,11.093322754000042],[105.20269775400004,11.097473145000151],[105.2058715820001,11.10089111300016],[105.20910644500015,11.102905273000033],[105.21209716800007,11.105895996000129],[105.21527099600013,11.10870361300016],[105.21771240200019,11.110473633000026],[105.2202758790001,11.112915039000086],[105.22369384799998,11.116088867000144],[105.2257080080002,11.118530272999976],[105.22772216800007,11.120910645000151],[105.23028564500015,11.12469482400013],[105.23211669900013,11.127075195000032],[105.23388671900005,11.1296997070001],[105.23529052700019,11.13250732400013],[105.23687744100005,11.13592529300007],[105.23870849600013,11.140502930000025],[105.2401123050002,11.144897461000085],[105.24169921900005,11.149291992000144],[105.24267578100017,11.152709961000085],[105.24450683600008,11.158081055000025],[105.24548339800003,11.162475586000085],[105.24609375000011,11.16632080100004],[105.24572753900009,11.16967773400006],[105.24530029300007,11.173889160000158],[105.24511718700006,11.178710937000062],[105.24530029300007,11.183105469000054],[105.24609375000011,11.187927246000129],[105.24871826200018,11.19171142600004],[105.25189209000007,11.19451904300007],[105.25549316400014,11.197082520000038],[105.25872802700019,11.199096680000025],[105.26110839800003,11.201293945000032],[105.26269531200006,11.2039184570001],[105.26409912100013,11.207519531000173],[105.26568603500016,11.211486816000047],[105.26788330100004,11.216308594000054],[105.26947021500007,11.22009277300009],[105.27069091800013,11.223083496000186],[105.27252197299998,11.227294922000112],[105.27368164100005,11.231506348000039],[105.2755126950002,11.236328125000114],[105.27648925800008,11.239501953000172],[105.27832031200006,11.243713379000098],[105.2799072270002,11.248107909999987],[105.2811279300002,11.25372314499998],[105.28088378900014,11.257324219000054],[105.28027343700012,11.261291504000155],[105.28088378900014,11.268493652000075],[105.27947998000008,11.27429199200003],[105.27929687500011,11.27868652300009],[105.27893066400009,11.28210449200003],[105.27807617200011,11.28588867200017],[105.27752685500002,11.289123534999987],[105.2769165040001,11.292480469000111],[105.27648925800008,11.295898437000119],[105.27612304700006,11.300292969000111],[105.27569580100004,11.305908203],[105.27508544900019,11.311096191000104],[105.27508544900019,11.315490723000096],[105.27447509800004,11.318298340000126],[105.27410888700001,11.321289062000176],[105.2733154300002,11.324890137000125],[105.27252197299998,11.32812500000017],[105.27172851600017,11.330871582000043],[105.27050781200006,11.334472656000116],[105.26892089800003,11.337524414000029],[105.26727294900019,11.340270996000072],[105.2655029300002,11.343872070000145],[105.26409912100013,11.34790039100011],[105.26287841800013,11.350891113000102],[105.25970459000007,11.354492187000176],[105.2600708010001,11.357727051000097],[105.25952148400017,11.36187744100016],[105.25927734400005,11.364929199000073],[105.25872802700019,11.370117187000176],[105.25787353500016,11.375305176000154],[105.257324219,11.380676270000095],[105.25689697300004,11.385070800999983],[105.25567626999998,11.391479492000087],[105.26092529300007,11.393493652000132],[105.26489257800017,11.395324707000043],[105.26831054700006,11.3972778320001],[105.27148437500011,11.399475098000153],[105.27429199200014,11.40167236300016],[105.27752685500002,11.404113770000095],[105.28088378900014,11.406677246000072],[105.2833251950002,11.408691406000116],[105.28570556600005,11.411071777000188],[105.289306641,11.415100098000153],[105.292724609,11.419677734000174],[105.29510498000008,11.422729492000087],[105.29650878900014,11.425292969000168],[105.292724609,11.428527832000043],[105.29132080100004,11.432128906000116],[105.29028320300017,11.435913086000028],[105.28631591800007,11.43768310500002],[105.28411865200019,11.440490723000153],[105.28271484400005,11.443115234000174],[105.28448486300005,11.44647216800007],[105.2866821290001,11.449096679999968],[105.28448486300005,11.452880859],[105.2811279300002,11.4558715820001],[105.27770996100008,11.457885742000144],[105.27447509800004,11.4558715820001],[105.27227783200016,11.453125],[105.26989746100008,11.450073242000144],[105.2667236330002,11.452514647999976],[105.26391601600017,11.45532226600011],[105.26232910200014,11.458129883000026],[105.25909423799999,11.455688477000137],[105.25610351600017,11.452697754000042],[105.25189209000007,11.453674316000047],[105.249511719,11.456298828000115],[105.24548339800003,11.457275391000167],[105.243896484,11.461486816000047],[105.24029541000016,11.463317871000072],[105.23669433600008,11.463500977000137],[105.23529052700019,11.466918945000145],[105.23272705099998,11.470092773000033],[105.22888183600008,11.472290039000086],[105.22692871100003,11.474670410000158],[105.22790527300003,11.477478027000188],[105.22729492200006,11.480712891000167],[105.22772216800007,11.485290527000188],[105.22509765600017,11.487915039000086],[105.22113037100007,11.48968505900018],[105.21691894500015,11.489501953000115],[105.2136840820001,11.487670898000033],[105.21350097700014,11.490905762000182],[105.211914062,11.494689941000047],[105.21069335900017,11.498718262000182],[105.21148681600005,11.50311279300007],[105.208496094,11.507080078000172],[105.20532226600011,11.508911133000026],[105.20349121100008,11.511901855000076],[105.20172119100016,11.516113281000173],[105.19830322300015,11.521118164000086],[105.19287109400005,11.51971435500002],[105.18872070300006,11.51947021500007],[105.1846923830002,11.517700195000032],[105.18072509800015,11.518310547000056],[105.1768798830002,11.51928710900006],[105.17352294900007,11.521911621000129],[105.17071533200004,11.525085449000187],[105.16668701200018,11.528503418000128],[105.16351318400012,11.529907226999967],[105.15991210900012,11.531311035000158],[105.15612793000014,11.531921387000011],[105.15252685500013,11.531127930000025],[105.1497192380001,11.529479980000076],[105.14672851600011,11.52728271500007],[105.1431274410001,11.527893066000047],[105.13812255900007,11.530090332000157],[105.13470459000018,11.532897949000187],[105.13110351600011,11.534118652000188],[105.12811279300018,11.536682129000098],[105.12890625000006,11.540710449000187],[105.13012695300006,11.543701172000112],[105.12988281200018,11.54669189499998],[105.13391113300014,11.549499512000068],[105.13189697300015,11.551879883000083],[105.12890625000006,11.553283691000047],[105.12451171900011,11.55249023400006],[105.12152099600002,11.555480957000157],[105.12030029300018,11.558715820000032],[105.11712646500013,11.561096191000047],[105.11669921900017,11.564270020000038],[105.11511230500014,11.567687988000046],[105.1130981450001,11.571899414000143],[105.1152954100001,11.574890137000068],[105.11749267600015,11.576904297000112],[105.1152954100001,11.579895020000038],[105.11669921900017,11.584289551000097],[105.11468505900012,11.588317871000129],[105.11328125000006,11.591125488000046],[105.11230468700018,11.594909668000128],[105.11187744100016,11.60009765600006],[105.11132812500017,11.605712891000053],[105.11029052700013,11.609313965000126],[105.11187744100016,11.612670898000147],[105.10968017600015,11.615112305000082],[105.10729980500014,11.617492676000097],[105.10430908200004,11.620117187000119],[105.10351562500017,11.624877930000082],[105.10668945300006,11.629516602000024],[105.10949707000009,11.63171386700003],[105.11352539100011,11.633911133000083],[105.11187744100016,11.637329102000024],[105.1116943360002,11.64111328100006],[105.11511230500014,11.642700195000089],[105.11871337900016,11.644470215000183],[105.12170410200008,11.646484375],[105.1262817380001,11.648315430000082],[105.13049316400009,11.649902344000111],[105.13232421900011,11.65307617200017],[105.13153076200012,11.656921387000068],[105.13012695300006,11.659729004000155],[105.12750244100016,11.661315918000184],[105.12451171900011,11.662475586000028],[105.12249755900012,11.66467285200008],[105.12109375000006,11.667297363000102],[105.12188720700004,11.671691895000095],[105.12487793000014,11.673706055000082],[105.12811279300018,11.676086426000154],[105.12908935500019,11.680114746000015],[105.12890625000006,11.685119629000155],[105.12829589800015,11.689086914000029],[105.1287231450001,11.693115234000118],[105.13153076200012,11.69592285200008],[105.13391113300014,11.699279785000101],[105.1370849610002,11.700927734000118],[105.14129638700012,11.698913574000073],[105.14532470700004,11.699096680000139],[105.14807128900009,11.701110840000126],[105.14831543000014,11.70568847700008],[105.15130615200013,11.707092285000101],[105.15472412100007,11.706726074000073],[105.15692138700012,11.70867919900013],[105.15808105500014,11.71307373000019],[105.15789794900013,11.717285156000116],[105.15649414100011,11.72088623000019],[105.15509033200004,11.724121094000111],[105.15588378900009,11.728271484000174],[105.15972900399998,11.731323242000087],[105.1593017580002,11.735473633000026],[105.16088867200006,11.739318848000096],[105.16387939500015,11.742492675999983],[105.16448974600007,11.74670410200008],[105.16247558600008,11.751892090000183],[105.15911865200013,11.755493164000086],[105.15710449200009,11.759704590000183],[105.16070556600016,11.762512207000043],[105.16467285200014,11.76190185500019],[105.16790771500018,11.762512207000043],[105.17108154300007,11.764709473000153],[105.17407226600017,11.76812744100016],[105.17791748000019,11.768310547],[105.18212890600012,11.768310547],[105.1859130860002,11.770874023000033],[105.18908691400009,11.773925781000116],[105.19152832000015,11.777282715000013],[105.19329834000001,11.780273437000062],[105.19671630900012,11.783081055000025],[105.20050048800016,11.783874512000182],[105.20428466800007,11.78448486300016],[105.20910644500015,11.786682129000042],[105.21228027300003,11.790527344000168],[105.21710205100004,11.791076660000158],[105.22009277300003,11.795471191000047],[105.22351074200014,11.79852294900013],[105.22888183600008,11.797912598000153],[105.23309326200018,11.799682617000144],[105.23571777300003,11.80133056600016],[105.2390747070001,11.80267334000007],[105.24188232400019,11.804870605000076],[105.24407959000007,11.806884766000167],[105.24487304700011,11.810119629000042],[105.24731445300012,11.813903809000124],[105.25091552700019,11.812072754000098],[105.25372314500015,11.81268310500002],[105.2546997070001,11.815673828000115],[105.25653076200018,11.819091797000056],[105.25811767600004,11.822326660000101],[105.2600708010001,11.824707031000173],[105.26171875000011,11.828674316000047],[105.26287841800013,11.832702637000182],[105.26611328100017,11.83612060500019],[105.26727294900019,11.839721679999968],[105.268127441,11.842529297000056],[105.27148437500011,11.840881348000039],[105.27569580100004,11.84112548800016],[105.27728271500007,11.843872070000032],[105.27929687500011,11.84747314499998],[105.28350830100004,11.846313477000137],[105.28710937500011,11.846130371000072],[105.28851318400018,11.850891112999989],[105.28552246100008,11.853515625000114],[105.28430175800008,11.85711669900013],[105.28851318400018,11.855895996000129],[105.29211425800008,11.856689453000172],[105.2954711910001,11.859130859000174],[105.29949951200007,11.858703612999989],[105.30291748000008,11.859924316],[105.3065185550002,11.860717773000033],[105.31091308600008,11.861694336000085],[105.31469726600005,11.864318847999982],[105.31872558600008,11.86468505900018],[105.32208252000004,11.864074707000157],[105.32427978500004,11.86651611300016],[105.3264770510001,11.870117187000062],[105.32971191400014,11.867919922000056],[105.33148193400007,11.86468505900018]]]}},{"type":"Feature","properties":{"adm1_name":"Pursat","adm1_name1":null,"adm1_name2":null,"adm1_name3":null,"adm1_pcode":"KH15","adm0_name":"Cambodia","adm0_name1":null,"adm0_name2":null,"adm0_name3":null,"adm0_pcode":"KH","valid_on":"2018-10-04","valid_to":null,"area_sqkm":11587.54775778,"version":"v01","lang":"en","lang1":null,"lang2":null,"lang3":null,"adm1_ref_name":"Pursat","center_lat":12.42721558,"center_lon":103.64391198},"geometry":{"type":"MultiPolygon","coordinates":[[[[104.0003051760001,12.808715820000145],[104.0025024410001,12.813476562000062],[104.00488281200012,12.808898925999983],[104.00531005900007,12.804504395000095],[104.00592041000004,12.800903320000145],[104.00732421900011,12.797302246000072],[104.00830078100006,12.793701172],[104.00952148400006,12.790100098000153],[104.01129150400016,12.785888672],[104.01348877000004,12.784118652000132],[104.01629638700012,12.781677246000072],[104.01947021500018,12.781677246000072],[104.02331543000008,12.781677246000072],[104.02728271500018,12.782714844000168],[104.03027343700018,12.785278320000145],[104.03131103500004,12.788879395000095],[104.03411865200007,12.789916992000087],[104.03710937500017,12.78729248000019],[104.04089355500014,12.78448486300016],[104.04412841800018,12.784118652000132],[104.0477294920002,12.784912109000118],[104.0513305660001,12.78448486300016],[104.0545043950001,12.784729003999985],[104.0557250980001,12.787902832000043],[104.05688476600011,12.790710449000073],[104.05950927700013,12.792297363000102],[104.06048584000018,12.789489746000072],[104.0625,12.78570556600016],[104.06652832000009,12.783691406000116],[104.06909179700017,12.785888672],[104.0706787110002,12.788330078000058],[104.07391357400007,12.790100098000153],[104.07568359400017,12.794494629000042],[104.07751464800015,12.797302246000072],[104.0798950200001,12.798889160000101],[104.08172607400007,12.80133056600016],[104.08007812500006,12.804077148000033],[104.08392334000013,12.806701660000101],[104.0850830080002,12.811523437000176],[104.0877075200001,12.816284179999968],[104.08850097700008,12.820678711000085],[104.09149169900013,12.82250976600011],[104.09368896500018,12.81890869100016],[104.09210205100015,12.81610107400013],[104.09210205100015,12.81268310500019],[104.09228515600012,12.808471680000025],[104.09088134800015,12.803710937000176],[104.09210205100015,12.801086425999983],[104.09570312500006,12.799499512000182],[104.0941162110002,12.796325684000124],[104.09228515600012,12.792724609000118],[104.09350585900012,12.790100098000153],[104.09527587900004,12.78771972700008],[104.09472656200018,12.783508301000154],[104.09869384800015,12.784118652000132],[104.10168457000015,12.781921387000125],[104.10430908200004,12.783081054999968],[104.1087036130001,12.784912109000118],[104.11352539100011,12.786071777000188],[104.1165161130001,12.78570556600016],[104.12011718700018,12.786926270000095],[104.1218872070001,12.789916992000087],[104.1260986330002,12.788085937],[104.1260986330002,12.784729003999985],[104.12390136700009,12.781311035000101],[104.1209106450001,12.780883789000086],[104.12109375000006,12.777282715000183],[104.11987304700006,12.774108887000125],[104.11810302700013,12.770690918000014],[104.11511230500014,12.766296387000125],[104.1130981450001,12.763122559000067],[104.1104736330002,12.76049804700017],[104.10949707000015,12.757507324000073],[104.11090087900004,12.754699707000043],[104.1087036130001,12.751281738000102],[104.10888671900017,12.747924805000082],[104.11230468700018,12.747070312000176],[104.11608886700009,12.746887207000043],[104.11468505900012,12.743713379000155],[104.11547851600017,12.739685059000124],[104.11907959000001,12.74047851600011],[104.12249755900012,12.74328613299997],[104.1260986330002,12.74353027300009],[104.12329101600017,12.739929199000073],[104.12231445300006,12.736511230000133],[104.12152099600007,12.733276367000087],[104.12109375000006,12.729919434000067],[104.12127685500019,12.726928711000141],[104.12292480500014,12.724304199000073],[104.12652587899998,12.725891113000102],[104.12567138700018,12.730102539000029],[104.12652587899998,12.73352050800014],[104.12811279300001,12.737487793000014],[104.13189697300015,12.737304687000176],[104.13531494100016,12.739501953000058],[104.13751220700004,12.743103027000132],[104.13928222700014,12.739074707000043],[104.13708496100008,12.735290527000132],[104.1339111330002,12.732727051000097],[104.13012695300006,12.729675293000014],[104.1328735350001,12.725524902000075],[104.13171386700009,12.721923828],[104.13012695300006,12.719116210999971],[104.12908935500019,12.715698242000087],[104.1273193360002,12.712280273000147],[104.12567138700018,12.709106445000089],[104.1243286130001,12.70568847700008],[104.12292480500014,12.70251464800009],[104.1218872070001,12.699523926000097],[104.12371826200012,12.695129395000038],[104.12689209000018,12.695129395000038],[104.129882812,12.694519043000128],[104.1339111330002,12.695922852000024],[104.13732910200008,12.697692871000015],[104.14050293000014,12.69787597700008],[104.1436767580002,12.696899414000029],[104.14550781200018,12.694519043000128],[104.14929199200014,12.692871094000111],[104.152893066,12.695129395000038],[104.15570068400012,12.69189453100006],[104.15472412100007,12.68750000000017],[104.15429687500006,12.684326172000112],[104.15191650400004,12.68188476600011],[104.15087890600017,12.679077148000147],[104.1497192380001,12.676086426000097],[104.15191650400004,12.671081543000184],[104.15429687500006,12.667480469000111],[104.15447998000002,12.66210937500017],[104.15429687500006,12.657714844000054],[104.1497192380001,12.658874512000125],[104.14569091800007,12.657470703000058],[104.14807128900009,12.654479980000133],[104.15008544900013,12.650512695000032],[104.15252685500019,12.648071289000029],[104.15429687500006,12.645690918000128],[104.15649414100017,12.642883301000097],[104.16027831999997,12.640686035000044],[104.1629028320001,12.63867187500017],[104.1671142580002,12.64093017600004],[104.17047119100005,12.64093017600004],[104.17309570300012,12.637695312000119],[104.17407226600017,12.633483887000068],[104.17431640600012,12.630126953000172],[104.17407226600017,12.626892090000126],[104.17590332000015,12.624511719000054],[104.17828369100005,12.621887207000157],[104.17950439500015,12.617919922000112],[104.18029785200014,12.612915039000143],[104.18127441400014,12.610107422000112],[104.1834716800002,12.60827636700003],[104.18591308600008,12.604309082000157],[104.18927002000015,12.602294922000112],[104.19030761700014,12.597717285000158],[104.19091796900017,12.593322754000098],[104.19287109400005,12.589477538999972],[104.19549560500002,12.586120605000076],[104.19769287100013,12.583496094000054],[104.2003173830002,12.580688477000024],[104.20288085900006,12.578674316000047],[104.20532226600017,12.576904297000056],[104.20831298800016,12.57452392600004],[104.21252441400009,12.577270508000083],[104.21630859400005,12.576904297000056],[104.218505859,12.574707031000173],[104.22131347700014,12.573486328000172],[104.22491455100004,12.573303223000039],[104.22869873000008,12.572509766],[104.23291015600017,12.573120117000144],[104.23608398400006,12.57171630900018],[104.23791503900014,12.56951904300007],[104.24151611300016,12.568115234],[104.24548339800009,12.569702148000033],[104.24810791000016,12.568115234],[104.25268554700011,12.564880371000129],[104.256103516,12.561523437000062],[104.25909423800005,12.559082031],[104.26232910200014,12.55792236300016],[104.26690673800005,12.558715819999975],[104.26989746100014,12.558471680000025],[104.27227783200016,12.556518555000025],[104.27551269500003,12.555908203000115],[104.27972412100013,12.557678223000039],[104.282470703,12.559509277000188],[104.28509521500013,12.56072998000002],[104.28668212900016,12.557495116999974],[104.28887939500004,12.554321289000086],[104.29089355500008,12.551513672000056],[104.29370117200011,12.54827880900018],[104.29711914100005,12.554321289000086],[104.2996826170002,12.552307129000098],[104.30212402300009,12.549072266000053],[104.3052978520002,12.546508789000086],[104.30908203100006,12.544311523000033],[104.31188964800009,12.542724609000174],[104.31427002000004,12.54071044900013],[104.31732177700007,12.538330078000115],[104.32049560500013,12.535278320000032],[104.323486328,12.533874512000068],[104.32788085900012,12.534729004000042],[104.33148193400007,12.535705566000047],[104.33270263700007,12.53289794900013],[104.33587646500013,12.53070068400018],[104.3394775390002,12.527893066000047],[104.34490966800013,12.528930664000086],[104.34790039100005,12.526916504000042],[104.3486938480001,12.522705078000115],[104.35168457000009,12.51971435500019],[104.35607910200008,12.5203247070001],[104.35931396500013,12.51788330100004],[104.36267089800015,12.516723633000026],[104.36767578100012,12.516113281000116],[104.37011718700012,12.513488770000151],[104.372314453,12.511291504000042],[104.37548828100006,12.509704590000013],[104.37847900399998,12.508300781000173],[104.3818969730001,12.508728027000132],[104.38671875000017,12.508483887000011],[104.3870849610002,12.503479004000098],[104.38787841800018,12.500671387000011],[104.38891601600005,12.497924805000139],[104.3883056640002,12.494873047000056],[104.38751220699999,12.492126465000183],[104.38647460900012,12.489318848000153],[104.38690185500013,12.485900879000042],[104.38592529300018,12.48211669900013],[104.38330078100006,12.478881836000085],[104.3818969730001,12.475280762000182],[104.38110351600011,12.472106934000124],[104.3806762700001,12.462280273000033],[104.3806762700001,12.4558715820001],[104.38232421900011,12.45172119100016],[104.38348388700012,12.448486328000115],[104.38452148400012,12.445129395000095],[104.38647460900012,12.441284179999968],[104.38909912100002,12.436706543000014],[104.3883056640002,12.432922363000102],[104.38732910200002,12.429504395000095],[104.38812255900007,12.425903320000145],[104.39050293000008,12.423278809000124],[104.3919067380001,12.420288086000028],[104.3884887700001,12.418273925999983],[104.38488769500009,12.417297363000102],[104.38092041000004,12.41711425800014],[104.3762817380001,12.416503906000116],[104.37451171900011,12.413696289000029],[104.37249755900007,12.410522460999971],[104.3696899410001,12.408081055000139],[104.36608886700009,12.406127930000082],[104.36267089800015,12.404113770000095],[104.3599243160001,12.401672363000102],[104.3563232420002,12.399902344000111],[104.35247802700013,12.397888184000124],[104.35028076200012,12.393493652000132],[104.35028076200012,12.38952636700003],[104.3499145510001,12.38549804700017],[104.34008789100005,12.358093262000125],[104.33892822300004,12.355285645000095],[104.3364868160001,12.351074219000111],[104.3342895510001,12.347473145000095],[104.33209228500004,12.345520020000038],[104.32952880900001,12.343078613000102],[104.32812500000011,12.340270996000072],[104.32672119100005,12.337280273000147],[104.32409668000008,12.33508300800014],[104.32110595700016,12.333923340000126],[104.31829834000013,12.332702637000068],[104.3153076170002,12.331726074000017],[104.31469726600005,12.32751464800009],[104.31127929700011,12.326721191000104],[104.3074951170002,12.326477051000154],[104.30352783200016,12.326293945000089],[104.30010986300005,12.323730469000054],[104.29608154300013,12.322082520000038],[104.29248046900011,12.322692871000186],[104.28869628900014,12.322509766000053],[104.28570556600005,12.32287597700008],[104.28289794900019,12.321716309000067],[104.2799072270002,12.318725586000141],[104.27630615200002,12.31530761700003],[104.27252197300004,12.313110352000024],[104.26947021500013,12.309509277000075],[104.2664794920002,12.305480956999986],[104.26550293000003,12.301696777000075],[104.263916016,12.299316406],[104.26110839800003,12.298706055000082],[104.25769043000003,12.296691895000038],[104.25408935500008,12.295104980000076],[104.25030517600004,12.294921875000114],[104.24572753900009,12.295898437000119],[104.24249267600004,12.29431152300009],[104.23767089800009,12.292907715000126],[104.23388671900005,12.292907715000126],[104.2305297850001,12.29187011700003],[104.22711181600005,12.29150390600006],[104.22369384800004,12.291320801000097],[104.22070312500011,12.290710449000187],[104.21807861300005,12.288879395000038],[104.21588134800004,12.28649902300009],[104.21228027300003,12.284301758000083],[104.20971679700006,12.280883788999972],[104.20831298800016,12.277893066000104],[104.20452880900012,12.273681641000053],[104.201721191,12.2703247070001],[104.19989013700001,12.266296387000068],[104.1973266600001,12.264892578000172],[104.19470214800003,12.262512207000157],[104.19091796900017,12.259887695000032],[104.1882934570001,12.255493164000143],[104.18768310500008,12.252075195000032],[104.18511962900004,12.248474121000186],[104.18292236300016,12.244323730000076],[104.1804809570001,12.241516112999989],[104.18011474600007,12.237915039000143],[104.17828369100005,12.233093262000068],[104.17712402299998,12.226928711000085],[104.17651367200006,12.222717285000158],[104.17608642600004,12.219299316000047],[104.17547607400019,12.214904785000158],[104.17407226600017,12.209899902000188],[104.17309570300012,12.205688477000024],[104.17230224600013,12.201293945000032],[104.17309570300012,12.196899414000143],[104.17633056600016,12.194702148000033],[104.1749267580002,12.191894531000173],[104.17272949200009,12.189880371000129],[104.17150878900009,12.187072754000098],[104.17169189500015,12.18292236300016],[104.17108154300007,12.179687500000114],[104.17187500000011,12.17608642600004],[104.17547607400019,12.172912598000153],[104.17932128900009,12.171875000000114],[104.1817016600001,12.169677734],[104.18328857400013,12.16729736300016],[104.18450927700019,12.163696289000086],[104.18450927700019,12.160522461000028],[104.18511962900004,12.156677246000129],[104.18511962900004,12.15228271500007],[104.18511962900004,12.14788818400018],[104.186523437,12.143920897999976],[104.18627929700006,12.14031982400013],[104.18572998000019,12.136291504000042],[104.18627929700006,12.132080078000115],[104.186523437,12.127685547000056],[104.18670654300007,12.123474121000129],[104.18670654300007,12.117919922],[104.18627929700006,12.11352539100011],[104.18670654300007,12.10968017600004],[104.18609619100005,12.105895996000072],[104.19012451200018,12.104492187],[104.19207763700001,12.10211181600016],[104.19427490200019,12.098510742000087],[104.19689941400009,12.095092772999976],[104.19689941400009,12.092102051000154],[104.1973266600001,12.088928223000096],[104.19873046900017,12.084472656000116],[104.20007324200014,12.080505371000072],[104.19927978500016,12.076721191000104],[104.19567871100008,12.074707031000116],[104.19287109400005,12.072875977000137],[104.19049072299998,12.07049560500019],[104.18872070300012,12.06750488299997],[104.18688964800003,12.063293457000043],[104.18511962900004,12.05969238299997],[104.183105469,12.055908203000058],[104.18127441400014,12.051086426000154],[104.18231201200018,12.045898437000176],[104.18292236300016,12.042480469000168],[104.18267822300004,12.03930664100011],[104.18011474600007,12.03771972700008],[104.17608642600004,12.038696289000029],[104.17248535200014,12.040710449000073],[104.17047119100005,12.04370117200017],[104.16790771500001,12.046325684000067],[104.16491699200009,12.048095703000058],[104.16088867200006,12.049682617000087],[104.15612793000014,12.04992675800014],[104.15270996100003,12.05047607400013],[104.14929199200014,12.050720215000126],[104.14672851600011,12.049499512000125],[104.14587402300003,12.046325684000067],[104.143310547,12.04370117200017],[104.13909912100007,12.042724609000118],[104.13452148400012,12.043273926000154],[104.12927246100008,12.045715332000043],[104.12512207000015,12.04772949200003],[104.1140747070001,12.04711914100011],[104.11108398400017,12.045715332000043],[104.10827636700014,12.042907715000126],[104.1052856450001,12.03930664100011],[104.10247802700013,12.03771972700008],[104.09509277300015,12.038696289000029],[104.094482422,12.035095215000183],[104.09588623000019,12.03149414100011],[104.09710693400012,12.026672363000102],[104.09710693400012,12.020690918000184],[104.09588623000019,12.016906738000102],[104.09527587900004,12.01110839800009],[104.09387207000015,12.008117676000097],[104.09271240200013,12.004516602000024],[104.09271240200013,12.00109863300014],[104.09130859400017,11.996520996000186],[104.08807373000019,11.99072265600006],[104.08929443400012,11.986511230000133],[104.08709716800001,11.981689453000058],[104.0811157230001,11.985290527000075],[104.07788085900017,11.984680176000154],[104.07409668000014,11.98132324200003],[104.07629394500015,11.97631835900006],[104.07287597700014,11.968872070000089],[104.06292724600019,11.969909668000128],[104.0579223630001,11.96850585900006],[104.05047607400007,11.955688477000024],[104.0545043950001,11.951477051000097],[104.05609130900012,11.947692871000186],[104.05810546900011,11.94030761700003],[104.06329345700004,11.927307129000098],[104.06207275400004,11.923522949000187],[104.05767822300015,11.920898437000119],[104.05230712900016,11.920288086000141],[104.04852294900007,11.92132568400018],[104.0435180660001,11.921508789000143],[104.04052734400011,11.918273926000097],[104.0374755860002,11.915893555000082],[104.03387451200012,11.914489746000186],[104.02911377000004,11.909729004000098],[104.02569580100015,11.907470703],[104.02209472700008,11.904296875000114],[104.01971435500013,11.901306152000018],[104.01568603500004,11.90087890600006],[104.01171875000017,11.901672363000046],[104.00732421900011,11.902709961000085],[104.0042724610002,11.903076172000112],[104.0012817380001,11.903503418000128],[103.99591064500004,11.902893066000047],[103.99169921900011,11.902893066000047],[103.98889160200008,11.905883788999972],[103.98852539100005,11.908874512000068],[103.98608398400012,11.911682129000098],[103.98449707000009,11.914672852000024],[103.98071289100005,11.92187500000017],[103.9791259770002,11.92749023400006],[103.97851562500017,11.931091309000067],[103.97631835900006,11.933471680000082],[103.9736938480001,11.935913086000141],[103.96392822300004,11.935729980000076],[103.96191406200012,11.937927246000129],[103.95770263700007,11.938476562000119],[103.95208740200007,11.939270020000038],[103.94769287100019,11.943481445000089],[103.94287109400011,11.943725586000085],[103.93908691400014,11.94189453100006],[103.93627929700011,11.93890380900001],[103.9351196290001,11.935729980000076],[103.93188476600005,11.935913086000141],[103.92767334000013,11.933898926000097],[103.92510986300005,11.932312012000068],[103.9207153320001,11.931884766000053],[103.91790771500007,11.930725098000039],[103.91668701200007,11.927673340000126],[103.91711425800008,11.924072266000053],[103.91607665999999,11.920471191000104],[103.91668701200007,11.915527344000054],[103.91650390600017,11.911682129000098],[103.91711425800008,11.908691406],[103.91888427700007,11.906494141000053],[103.92132568400018,11.902893066000047],[103.92132568400018,11.898681641000053],[103.91870117200011,11.897094727000024],[103.91607665999999,11.893920898000033],[103.91387939500004,11.89093017600004],[103.91027832000003,11.890319824000187],[103.9061279300002,11.889526367000144],[103.90130615200019,11.887878418000128],[103.89648437500011,11.886901855000076],[103.89227294900019,11.884887695000032],[103.89007568400001,11.881713867000144],[103.88787841800013,11.877929687000062],[103.88427734400005,11.875915527000188],[103.88208007800017,11.873291016],[103.88012695300012,11.869873047000112],[103.87689209000007,11.867309570000032],[103.87512206999997,11.864074707000157],[103.873291016,11.860717773000033],[103.87548828100017,11.857299805000025],[103.87469482400019,11.84930419900013],[103.8718872070001,11.84991455100004],[103.86828613300008,11.849670410000158],[103.86608886700014,11.84710693400018],[103.86309814500015,11.844299316000047],[103.859924316,11.843322754000042],[103.85687255900018,11.843505859],[103.85467529300013,11.847290039000143],[103.85272216800007,11.849487305000025],[103.85028076200001,11.851318359000174],[103.84692382800012,11.853698730000076],[103.84332275400004,11.854125977000137],[103.84051513700018,11.857482910000158],[103.83831787100007,11.86151123000002],[103.83831787100007,11.866699219000054],[103.83587646500007,11.871093750000114],[103.83331298800016,11.875488281],[103.8308715820001,11.879882812000062],[103.82470703100012,11.886291504000098],[103.8223266600001,11.888305664000143],[103.81909179700006,11.89251709000007],[103.81530761700014,11.895690918000128],[103.81427002000015,11.900512695000032],[103.80767822299998,11.908081055000082],[103.80407714800003,11.90850830100004],[103.80072021500018,11.911682129000098],[103.79827880900018,11.916076660000044],[103.79827880900018,11.920288086000141],[103.79650878900009,11.923706055000025],[103.79370117200006,11.926696777000075],[103.79089355500014,11.929321289000143],[103.78747558600008,11.932128906000173],[103.78332519500015,11.93249511700003],[103.77990722700014,11.931884766000053],[103.77630615200013,11.931701659999987],[103.7725219730001,11.933288574000017],[103.76910400400004,11.931884766000053],[103.76727294900013,11.92907714800009],[103.76489257800012,11.926513672000112],[103.76208496100003,11.925476074000017],[103.75872802700013,11.926086426000097],[103.7556762700001,11.927124023000033],[103.75207519500015,11.930114746000129],[103.74847412100007,11.932312012000068],[103.7457275390002,11.935729980000076],[103.74267578100012,11.939270020000038],[103.73907470700004,11.939086913999972],[103.7354736330002,11.937072754000155],[103.73187255900012,11.93530273400006],[103.728515625,11.933288574000017],[103.72509765600012,11.930114746000129],[103.7224731450001,11.928100586000141],[103.71868896500018,11.927673340000126],[103.71472168000008,11.92907714800009],[103.71148681600016,11.930908203000172],[103.70910644500009,11.935485840000126],[103.70452880900007,11.938110352000024],[103.69989013700012,11.938720703000172],[103.6956787110002,11.941101074000017],[103.69812011700003,11.94470214800009],[103.70031738300014,11.94787597700008],[103.69989013700012,11.95251464800009],[103.6995239260001,11.956726074000187],[103.69848632800006,11.959899902000075],[103.69549560500013,11.964294434000067],[103.69091796900011,11.964904785000044],[103.68792724600019,11.964477539000029],[103.68432617200011,11.964904785000044],[103.68048095700004,11.965270996000015],[103.67651367200011,11.96569824200003],[103.6729125980001,11.96728515600006],[103.66967773400012,11.97009277300009],[103.66668701200012,11.972106934000067],[103.66333007800017,11.973693848000096],[103.65930175800014,11.974670410000044],[103.65527343700018,11.975524902000075],[103.65228271500013,11.978881835999971],[103.64990234400011,11.980529784999987],[103.64990234400011,11.983520508000083],[103.64727783200004,11.984680176000154],[103.64392089800009,11.986083984000118],[103.64111328100006,11.98547363300014],[103.63812255900001,11.985290527000075],[103.63568115200007,11.987915038999972],[103.63348388700012,11.991882324000073],[103.63092040999999,11.993103027000075],[103.62890625000017,11.995483398000147],[103.63269043000008,11.99890136700003],[103.63610839800009,12.002929687000119],[103.63690185500013,12.007324219000111],[103.63507080100015,12.011291504000155],[103.63287353500004,12.01428222700008],[103.62890625000017,12.015930176000097],[103.6253051760001,12.016296387000125],[103.62188720700016,12.017700195000089],[103.61730957000003,12.01892089800009],[103.61248779300013,12.019470215000183],[103.60913085900006,12.021484375],[103.60668945300017,12.023498535000044],[103.60449218700012,12.025695801000154],[103.60229492200011,12.028686523000147],[103.60070800800008,12.033325195000089],[103.59747314500004,12.035522460999971],[103.59527587900016,12.038696289000029],[103.59088134800004,12.041076660000101],[103.58868408200016,12.044311523000147],[103.58709716800013,12.04711914100011],[103.58569335900006,12.050109863000102],[103.58410644500003,12.053100586000028],[103.580322266,12.054077147999976],[103.5764770510001,12.055908203000058],[103.57269287100019,12.05688476600011],[103.57031250000011,12.060302734000118],[103.56927490200007,12.06469726600011],[103.566894531,12.066711426000154],[103.56329345700016,12.066284180000139],[103.56048584000007,12.069702148000147],[103.55767822300004,12.072326660000044],[103.55468750000011,12.073486328000058],[103.55169677700002,12.074523926000154],[103.54888916000016,12.076110840000183],[103.54669189499998,12.078918457000043],[103.54229736299999,12.081481934000124],[103.53851318400018,12.083496094000168],[103.53649902300003,12.085693359000174],[103.53771972700014,12.088317871000072],[103.54028320300017,12.091308594000168],[103.5379028320001,12.094909668000014],[103.53448486300005,12.096496582000043],[103.53027343700006,12.098510742000087],[103.52612304700006,12.09790039100011],[103.52307128900014,12.097717285000101],[103.52069091800013,12.100524902000132],[103.518127441,12.10211181600016],[103.51531982400013,12.103515625000057],[103.5125122070001,12.104919434000124],[103.50872802700019,12.105895996000072],[103.50512695300012,12.105102539000086],[103.50189209000007,12.103881836000028],[103.49749755900018,12.101928711000028],[103.49328613300003,12.100097656000116],[103.48968505900018,12.099670410000101],[103.48791503900009,12.102478027000188],[103.48651123000019,12.106079102000137],[103.48291015600012,12.10852050799997],[103.4805297850001,12.111328125000057],[103.47790527300003,12.113708496000072],[103.47552490200013,12.115722656000116],[103.4714965820001,12.116088867000144],[103.46850585900017,12.114685059000124],[103.46691894500015,12.111328125000057],[103.46411132800012,12.108276367000144],[103.46087646500007,12.10467529300007],[103.45892334000018,12.101501465000183],[103.45550537100007,12.099670410000101],[103.45111084000018,12.09588623000019],[103.4473266600001,12.093872070000145],[103.44348144500015,12.092712402000132],[103.44012451200012,12.091918945000089],[103.4359130860002,12.089111328000058],[103.43249511700009,12.087280272999976],[103.4295043950001,12.089721680000139],[103.4268798830002,12.091125488000102],[103.42248535200014,12.092102051000154],[103.41967773400017,12.095520020000095],[103.41571044900007,12.096496582000043],[103.41369628900009,12.099914551000154],[103.41107177700019,12.102478027000188],[103.40692138700012,12.103271484000174],[103.40332031200018,12.10412597700008],[103.40167236300016,12.107482910000101],[103.39892578100006,12.109130859000118],[103.39532470700004,12.108886719000168],[103.39172363300014,12.107299805000139],[103.38909912100007,12.103271484000174],[103.38208007800006,12.09588623000019],[103.38391113300014,12.09252929700017],[103.38092041000004,12.089111328000058],[103.38232421900011,12.085083008000026],[103.38488769500015,12.081481934000124],[103.38269043000014,12.076293945000145],[103.38647460900017,12.073486328000058],[103.38488769500015,12.07049560500019],[103.38110351600011,12.071105957000043],[103.37792968700012,12.07147216800007],[103.37408447300015,12.069885254000042],[103.37127685500019,12.066284180000139],[103.36669921900011,12.062072754000042],[103.3643188480001,12.05969238299997],[103.36389160200008,12.055725098000096],[103.36187744100016,12.052124023000147],[103.36132812500017,12.04772949200003],[103.36108398400012,12.044311523000147],[103.36132812500017,12.040893555000139],[103.36248779300018,12.036926270000038],[103.36328125000006,12.033508301000154],[103.36267089800015,12.030517578000058],[103.35949707000009,12.028930664000029],[103.35467529300001,12.029113770000038],[103.35052490200007,12.027709960999971],[103.34667968700018,12.027526855000133],[103.34490966800018,12.025085449000073],[103.34130859400011,12.022277832000043],[103.33709716800018,12.019897460999971],[103.33190918000008,12.019104004000155],[103.32891845700016,12.016906738000102],[103.3267211910001,12.014099121000015],[103.3233032230001,12.01110839800009],[103.31951904300013,12.008728027000075],[103.31927490200013,12.005126953],[103.31787109400011,12.001281738000102],[103.31652832000003,11.99670410200008],[103.31610107400007,11.99353027300009],[103.31390380900007,11.989501953],[103.31127929700017,11.985900879000155],[103.30731201200007,11.985290527000075],[103.30267334000013,11.985290527000075],[103.2977294920002,11.985290527000075],[103.29412841800013,11.981689453000058],[103.28930664100005,11.980529784999987],[103.28527832000009,11.983276367000087],[103.28070068400007,11.985290527000075],[103.27648925800014,11.986877441000104],[103.2730712890002,11.988525391000053],[103.26812744100005,11.988525391000053],[103.26330566400014,11.98413085900006],[103.25787353500004,11.98291015600006],[103.257080078,11.978088379000155],[103.25250244100005,11.973876953000058],[103.24652099600013,11.974487305000082],[103.2446899410001,11.976684570000089],[103.2412719730001,11.975524902000075],[103.23529052700007,11.976684570000089],[103.23132324200014,11.975891113000046],[103.22851562500011,11.968872070000089],[103.22949218700012,11.963073730000133],[103.22631835900006,11.958496094000111],[103.22308349600019,11.956909180000082],[103.21929931600005,11.96032714800009],[103.21228027300009,11.961120605000076],[103.20770263700007,11.962707520000038],[103.198730469,11.963500977000024],[103.19427490200007,11.962097168000128],[103.18511962900004,11.95251464800009],[103.17767334000007,11.94970703100006],[103.17431640600017,11.948730469000054],[103.17132568400012,11.94970703100006],[103.16650390600017,11.945678711000141],[103.16229248000008,11.945495605000076],[103.15972900400004,11.944274902000075],[103.1563110350001,11.946899413999972],[103.15252685500019,11.94787597700008],[103.14770507800012,11.94671630900001],[103.14349365200019,11.944885254000155],[103.14007568400018,11.944274902000075],[103.13549804700006,11.944519043000128],[103.13208007800012,11.944885254000155],[103.1284790040001,11.94512939499998],[103.12347412100013,11.945312500000114],[103.11987304700006,11.945678711000141],[103.11572265600012,11.94671630900001],[103.11187744100005,11.94787597700008],[103.10870361300016,11.949096680000082],[103.104492187,11.95092773400006],[103.10131835900017,11.95227050800014],[103.09710693400012,11.954284668000184],[103.09210205099998,11.956909180000082],[103.08691406200018,11.95947265600006],[103.07830810500019,11.96228027300009],[103.07232666000004,11.965087891000053],[103.06567382800012,11.968078613000102],[103.05889892600015,11.97070312500017],[103.04852294900007,11.975280762000125],[103.0374755860002,11.980712891000053],[103.02789306600016,11.984680176000154],[103.0186767580002,11.988708496000186],[103.01007080100015,11.991699219000111],[103.00372314500004,11.994079590000126],[102.99627685500013,11.996887207000043],[102.97271728500004,12.002319336000141],[102.79772949200009,12.013488770000095],[102.77972412100007,12.023071289000029],[102.77807617200006,12.027099609000118],[102.77587890600017,12.029724121000186],[102.77490234400017,12.032470703000058],[102.77410888700018,12.036071777000132],[102.77447509799998,12.04150390600006],[102.77410888700018,12.046325684000067],[102.77410888700018,12.050292969000168],[102.77410888700018,12.054504395000095],[102.7722778320001,12.059509277000132],[102.77008056600005,12.063903809000124],[102.77069091800007,12.069091797],[102.77111816400009,12.072326660000044],[102.76867675800003,12.07531738300014],[102.76470947300015,12.076293945000145],[102.76092529300001,12.079528809000067],[102.75811767600015,12.081115723000096],[102.75628662100013,12.085083008000026],[102.75488281200006,12.089477539000086],[102.75207519499997,12.093872070000145],[102.74792480500014,12.096130371000072],[102.74530029300007,12.098693848000153],[102.74310302700013,12.101074219],[102.74047851600017,12.10412597700008],[102.73712158200004,12.107299805000139],[102.73449707000015,12.110900879000042],[102.73388671900017,12.115112305000139],[102.7337036130001,12.119689941],[102.7324829100001,12.124328613000102],[102.73052978500004,12.12750244100016],[102.72869873000019,12.130676270000151],[102.72552490200013,12.131286621000129],[102.72131347700008,12.134277344],[102.71771240200013,12.139526367000087],[102.7161254880001,12.143676758000026],[102.71350097700008,12.146911621000072],[102.71191406200018,12.149475097999982],[102.70989990200013,12.153076172000056],[102.70910644500015,12.156921387000182],[102.70928955100015,12.160705566],[102.70892334000018,12.166076660000158],[102.70629882800006,12.169677734],[102.70452880900007,12.174316406000116],[102.70532226600011,12.17767334000007],[102.70550537100007,12.180908203000115],[102.70672607400007,12.184082031000173],[102.70812988300014,12.187683105000076],[102.71069335900017,12.19171142600004],[102.71228027299998,12.195922852000137],[102.71069335900017,12.199096680000025],[102.70910644500015,12.202514648000033],[102.70867919900013,12.205505371000129],[102.7100830080002,12.209106445000032],[102.71087646500018,12.211914062000062],[102.71173095700004,12.215087891],[102.7125244140002,12.217895508000083],[102.71411132800006,12.221130371000129],[102.71771240200013,12.221313476999967],[102.71850585900012,12.225524902000188],[102.71850585900012,12.229492187000062],[102.71832275399998,12.232910156000173],[102.71850585900012,12.23809814499998],[102.71850585900012,12.242919922000056],[102.71832275399998,12.247680663999972],[102.71667480500014,12.25170898400006],[102.71527099600007,12.254882812000119],[102.7139282230001,12.25952148400006],[102.71411132800006,12.264282227000024],[102.71569824200009,12.267089844000054],[102.71771240200013,12.27087402300009],[102.71887207000015,12.27429199200003],[102.71948242200006,12.277282715000126],[102.72009277299998,12.280883788999972],[102.72229003900009,12.283874512000068],[102.72308349600007,12.287292480000076],[102.72369384800015,12.290893555000082],[102.72448730500014,12.29431152300009],[102.72552490200013,12.299499512000068],[102.72589111300016,12.305114746000186],[102.72607421900017,12.309875488000102],[102.72589111300016,12.313903809000067],[102.72552490200013,12.318908691000104],[102.72631835900012,12.322326659999987],[102.72631835900012,12.326110840000126],[102.72528076200018,12.330322266000053],[102.72351074200009,12.334106445000089],[102.72430419900013,12.337097168000184],[102.72528076200018,12.340515137000068],[102.72430419900013,12.344299316000104],[102.72412109400017,12.349304199000073],[102.72412109400017,12.353698730000133],[102.72509765600012,12.358703613000102],[102.7257080080002,12.363708496000015],[102.72790527300015,12.366699219000111],[102.73071289100011,12.369323730000133],[102.73309326200018,12.373107910000044],[102.7354736330002,12.375915527000075],[102.73852539100011,12.377929687000119],[102.74047851600017,12.38171386700003],[102.74249267599998,12.386474609000118],[102.74609375000006,12.38891601600011],[102.75030517599998,12.39111328100006],[102.75567627000015,12.392700195000089],[102.76110839799998,12.394104003999985],[102.7656860350001,12.39367675799997],[102.76910400400004,12.394104003999985],[102.77209472700014,12.394104003999985],[102.77551269500015,12.396911621000015],[102.77850341800007,12.399719238000102],[102.7813110350001,12.400329590000126],[102.78491210900017,12.400329590000126],[102.78808593700006,12.396728516000053],[102.79132080099998,12.39227294900013],[102.79449462900004,12.387878418000014],[102.79589843700006,12.384277344000168],[102.79772949200009,12.38110351600011],[102.80108642600004,12.378112793000184],[102.80468750000011,12.375671387000125],[102.80792236300016,12.374328613000046],[102.80950927700019,12.371520996000186],[102.81231689500015,12.372924805000082],[102.81530761700014,12.37609863300014],[102.81890869100005,12.376892090000183],[102.81951904300007,12.381286621000072],[102.81750488300003,12.385681152000132],[102.81890869100005,12.388488770000095],[102.82049560500008,12.392700195000089],[102.82391357400013,12.395690918000014],[102.82629394500003,12.397521973000096],[102.82690429700006,12.400695801000154],[102.82971191400009,12.403503418000184],[102.83209228500016,12.405517578000058],[102.834472656,12.408081055000139],[102.83612060500002,12.411682129000042],[102.84051513700018,12.411499023000147],[102.84387207000003,12.409118652000132],[102.84747314500004,12.409118652000132],[102.851318359,12.407104492000087],[102.8530883790001,12.403686523000147],[102.85687255900001,12.403320312000119],[102.86047363300008,12.401916504000155],[102.86407470700016,12.400695801000154],[102.86669921900005,12.399291992000087],[102.87048339800009,12.397521973000096],[102.87347412100019,12.398315430000082],[102.87371826200001,12.401672363000102],[102.875488281,12.403930664000029],[102.87707519500003,12.407104492000087],[102.88153076200001,12.407897949000073],[102.88311767600004,12.41229248000019],[102.88751220700016,12.413879395000095],[102.88989257800017,12.416870117000087],[102.89172363300008,12.419311523000147],[102.89447021500013,12.420715332000043],[102.89727783200016,12.424072266000167],[102.90112304700011,12.428527832000043],[102.90307617200011,12.43212890600006],[102.90667724600019,12.43328857400013],[102.90948486300005,12.431091309000124],[102.91247558600014,12.428894043000014],[102.91571044900019,12.430908203000058],[102.91870117200011,12.430725098000096],[102.92108154300018,12.432312012000125],[102.92407226600005,12.434509277000132],[102.92810058600014,12.432922363000102],[102.93170166000004,12.432312012000125],[102.93530273400006,12.432678223000153],[102.93872070300017,12.431274414000086],[102.94268798800005,12.431518555000139],[102.94708252000004,12.43328857400013],[102.95068359400011,12.436889647999976],[102.95129394500009,12.440673828000115],[102.95489502000004,12.442871094],[102.95947265600006,12.444091797],[102.96228027300015,12.44592285200008],[102.96551513700007,12.446899414000086],[102.96887207000009,12.448120117000087],[102.97192382800017,12.449523926000154],[102.97467041000004,12.450927734000118],[102.97387695300006,12.454101562000176],[102.9736938480001,12.457702637000182],[102.97607421900011,12.461486816],[102.9788818360002,12.466125488000102],[102.98071289100005,12.468872069999975],[102.98229980500008,12.472290039000086],[102.98547363300014,12.474670410000158],[102.98687744100016,12.477294922000056],[102.98889160200008,12.479492187],[102.99249267600015,12.481506348000153],[102.9957275390002,12.48468017600004],[102.99890136700009,12.48468017600004],[103.00067138700012,12.48211669900013],[103.0025024410001,12.479492187],[103.00628662100007,12.477722168000014],[103.00848388700012,12.474670410000158],[103.00891113300014,12.471130371000072],[103.01092529300018,12.467102050999983],[103.01452636700003,12.462524414000029],[103.01770019500009,12.458496094000168],[103.0198974610002,12.45428466800007],[103.02069091800018,12.45031738299997],[103.0225219730001,12.44750976600011],[103.02728271500018,12.447082520000095],[103.03051757800006,12.445312500000057],[103.03332519500009,12.443725586000028],[103.0374755860002,12.443481445000145],[103.04272460900012,12.442871094],[103.04632568400007,12.442077637000182],[103.0488891600001,12.440673828000115],[103.05352783200004,12.439086914000086],[103.0579223630001,12.438476562],[103.06188964799998,12.438476562],[103.06671142600015,12.4375],[103.07110595700004,12.440124512000125],[103.07171630900012,12.444702147999976],[103.07128906200018,12.45147705100004],[103.07067871100003,12.456298828000115],[103.07232666000004,12.459716797],[103.07647705100004,12.460327148000147],[103.07971191400009,12.462524414000029],[103.08312988300014,12.464477539000086],[103.08728027300003,12.464721680000139],[103.09088134800015,12.464111328000058],[103.09472656200018,12.462707520000095],[103.09912109400017,12.4636840820001],[103.10327148400017,12.4636840820001],[103.10528564500015,12.46807861300016],[103.11431884800015,12.473510742000087],[103.12829589800003,12.482727051000154],[103.1326904300002,12.483276367000144],[103.13592529300007,12.48492431600016],[103.13671875000006,12.488708496000072],[103.14068603500016,12.489501953000115],[103.14447021500007,12.488098145000151],[103.14691162100013,12.486328125000057],[103.14971923800016,12.484497070000145],[103.15252685500019,12.482727051000154],[103.15570068400018,12.481323242000087],[103.15972900400004,12.481323242000087],[103.16271972700014,12.483886719],[103.16491699200014,12.486877441000047],[103.16668701200001,12.48968505900018],[103.16931152300003,12.492919922],[103.1724853520002,12.49530029300007],[103.17590332000003,12.497924805000139],[103.17968750000011,12.502319336000028],[103.18292236300016,12.504882812000062],[103.18670654300007,12.506713867000144],[103.19207763700007,12.508300781000173],[103.19628906200006,12.50909423800016],[103.20031738300003,12.509887694999975],[103.20410156200006,12.510498047000056],[103.20709228500016,12.511291504000042],[103.20947265600006,12.51287841800007],[103.2117309570001,12.51507568400018],[103.2147216800002,12.51812744100016],[103.217285156,12.520507812000062],[103.21990966800013,12.522521973000153],[103.22308349600019,12.524902344],[103.22711181600005,12.526489258000026],[103.23089599600019,12.526489258000026],[103.23449707000003,12.52569580100004],[103.23809814500004,12.524291992000144],[103.24047851600005,12.522094726999967],[103.2437133790001,12.520507812000062],[103.24810791000016,12.51971435500019],[103.25128173800005,12.521728516000167],[103.25329589800009,12.525329590000013],[103.25549316400014,12.52850341800007],[103.25872802700002,12.5300903320001],[103.26171875000011,12.530883789000143],[103.2645263670002,12.531677246000129],[103.26831054700011,12.534118652000188],[103.26989746100014,12.537719727000137],[103.27148437500017,12.540893555000025],[103.2744750980001,12.54290771500007],[103.27807617200017,12.54327392600004],[103.28131103499999,12.54290771500007],[103.2835083010001,12.547485352000024],[103.28588867200011,12.549682616999974],[103.28948974600019,12.549926758000026],[103.29388427700007,12.548889160000158],[103.29748535200008,12.547302246000129],[103.30187988300014,12.546081543000128],[103.30371093700012,12.550292969000054],[103.30291748000008,12.554504395000151],[103.30352783200016,12.558471680000025],[103.30731201200007,12.560302734],[103.31127929700017,12.56072998000002],[103.31451416000004,12.558715819999975],[103.3189086910001,12.560119629000042],[103.32269287100002,12.559326172000056],[103.32769775400016,12.56048584000007],[103.32592773400006,12.562683105000076],[103.32470703100006,12.56671142600004],[103.32788085900012,12.567687988000046],[103.33148193400007,12.566894531000173],[103.33447265600012,12.566284180000025],[103.3375244140002,12.565673828000172],[103.34191894500009,12.564514160000158],[103.34649658200004,12.5632934570001],[103.3521118160001,12.561889648000033],[103.35632324200003,12.561096191000047],[103.36010742200017,12.560302734],[103.36090087900016,12.557128906000173],[103.36187744100016,12.552307129000098],[103.36529541000004,12.551330566],[103.36968994100016,12.550476074000187],[103.37329101600011,12.550903320000032],[103.37750244100016,12.553894043000128],[103.38171386700009,12.557128906000173],[103.38568115200013,12.55792236300016],[103.38891601600011,12.55792236300016],[103.3931274410001,12.559692383000083],[103.39648437500006,12.55889892600004],[103.3997192380001,12.558105469000054],[103.40429687500006,12.556518555000025],[103.40789794900013,12.554321289000086],[103.41131591800018,12.552124023000033],[103.41448974600007,12.550903320000032],[103.41748046900017,12.549682616999974],[103.42248535200014,12.547119141000167],[103.42712402300015,12.5457153320001],[103.43151855500014,12.543884277000018],[103.43609619100016,12.541870116999974],[103.44091796900017,12.539306641000167],[103.44390869100016,12.539489746000129],[103.44671630900012,12.538330078000115],[103.44989013700018,12.5379028320001],[103.45489502000015,12.536926270000151],[103.45867919900013,12.535522461000085],[103.46130371100003,12.533691406000173],[103.46307373000002,12.531127929999968],[103.46551513700018,12.52850341800007],[103.46850585900017,12.526306152000188],[103.47210693400012,12.524902344],[103.47747802700019,12.521728516000167],[103.48327636700014,12.51812744100016],[103.48632812500006,12.514709473000153],[103.48950195300012,12.513671875000114],[103.49212646500018,12.512084961000085],[103.49707031200006,12.510498047000056],[103.50030517600004,12.508728027000132],[103.50311279300007,12.507324219000168],[103.50671386700014,12.505676270000151],[103.50952148400017,12.504882812000062],[103.51391601600017,12.504272461000085],[103.51971435500002,12.504516602000137],[103.52471923800016,12.505310059000124],[103.53930664100017,12.513671875000114],[103.5457153320001,12.514892578000115],[103.56268310500008,12.521118164000086],[103.575927734,12.521911621000129],[103.58190918000003,12.5222778320001],[103.58752441400014,12.523071289000143],[103.59289550800008,12.523071289000143],[103.59771728500016,12.522705078000115],[103.60247802700007,12.52288818400018],[103.60870361300005,12.52471923800016],[103.61132812500011,12.52728271500007],[103.61267089800009,12.53070068400018],[103.61492919900019,12.53350830100004],[103.61450195300017,12.536682129000098],[103.61547851600005,12.540100097999982],[103.61853027300009,12.541687012000011],[103.6196899410001,12.54510498000002],[103.62109375000017,12.549316406000173],[103.62249755900007,12.55291748000002],[103.62329101600005,12.555908203000115],[103.6226806640002,12.560119629000042],[103.62628173800005,12.562500000000114],[103.6304931640002,12.563476562000062],[103.63427734400011,12.56671142600004],[103.63391113300008,12.570312500000114],[103.6373291020002,12.574096680000025],[103.6409301760001,12.575317383000026],[103.64251709000013,12.578125000000114],[103.64111328100006,12.582702637000068],[103.63867187500017,12.587097168000128],[103.63787841800018,12.590270996000186],[103.63427734400011,12.591918945000032],[103.63269043000008,12.595886230000076],[103.63452148400006,12.599304199000187],[103.63647460900012,12.60290527300009],[103.639892578,12.604675293000128],[103.64050293000008,12.608093262000068],[103.63812255900001,12.610900879000098],[103.63568115200007,12.613098145000038],[103.63549804700011,12.616271973000096],[103.63549804700011,12.619506836000141],[103.63629150400016,12.62249755900001],[103.63647460900012,12.625915527000018],[103.63690185500013,12.629516602000024],[103.639892578,12.630493163999972],[103.63867187500017,12.633117676000097],[103.64129638700007,12.635070801000097],[103.64532470700016,12.637329102000024],[103.64849853500004,12.639526366999974],[103.64831543000008,12.64392089800009],[103.64611816400014,12.647888184000067],[103.64569091800018,12.651123047000112],[103.64532470700016,12.655273437000119],[103.64447021500013,12.659301758000083],[103.6450805660001,12.663330078000172],[103.64208984400011,12.66650390600006],[103.6395263670002,12.664489746000186],[103.61932373000008,12.67712402300009],[103.63549804700011,12.699890137000125],[103.63507080100015,12.703918456999986],[103.63452148400006,12.707885742000087],[103.63128662100019,12.71008300800014],[103.63067627000004,12.714904785000044],[103.6265258790001,12.717712402000075],[103.62371826200007,12.721130371000186],[103.62347412100019,12.724487305000139],[103.62432861300005,12.729919434000067],[103.62347412100019,12.734497070000089],[103.62329101600005,12.737487793000014],[103.62109375000017,12.741516113000102],[103.62109375000017,12.745300293000184],[103.61987304700017,12.748107910000044],[103.62109375000017,12.751708984000118],[103.62292480500003,12.755493164000029],[103.62127685500013,12.760070800999983],[103.62011718700012,12.762695312000176],[103.6226806640002,12.76391601600011],[103.61987304700017,12.766296387000125],[103.62231445300017,12.77008056600016],[103.62371826200007,12.774108887000125],[103.62310790999999,12.777709961000028],[103.62567138700012,12.780273437],[103.6295166020002,12.784118652000132],[103.6331176760001,12.786071777000188],[103.63372802700007,12.790527344000111],[103.6353149410001,12.794921875000057],[103.63507080100015,12.799316406000116],[103.63647460900012,12.803283691],[103.63909912100019,12.8054809570001],[103.64147949200003,12.809082031000116],[103.64392089800009,12.81268310500019],[103.64447021500013,12.816284179999968],[103.64251709000013,12.82049560500019],[103.6383056640002,12.821899414000086],[103.63549804700011,12.822875977000137],[103.63232421900005,12.823120117000087],[103.63153076200007,12.825927734000118],[103.6317138670002,12.828918457000043],[103.62988281200012,12.832519531000116],[103.63110351600005,12.83587646500007],[103.63330078100006,12.840698242000144],[103.63330078100006,12.845092773000033],[103.63690185500013,12.848693847999982],[103.639892578,12.852111816],[103.64349365200007,12.854492187000062],[103.64831543000008,12.855895996000129],[103.65270996100014,12.856689453000115],[103.65551757800017,12.859130859000174],[103.66009521500013,12.860900879000042],[103.66430664100005,12.86248779300007],[103.6685180660001,12.863525391000167],[103.67431640600006,12.863281250000114],[103.6796875,12.862304687000062],[103.68310546900011,12.86248779300007],[103.68591308600014,12.864318848000153],[103.68890380900007,12.863281250000114],[103.69152832000009,12.865722656000116],[103.69451904300018,12.869506836000085],[103.69647216800001,12.87469482400013],[103.69732666000004,12.879089355000076],[103.69610595700004,12.883911133000026],[103.69647216800001,12.887329102000137],[103.69769287100007,12.891296387000011],[103.69592285200008,12.895690918000128],[103.69750976600011,12.899291991999974],[103.70092773400012,12.901672363000046],[103.70111084000013,12.904724121000129],[103.70068359400017,12.90850830100004],[103.70208740200013,12.911926270000151],[103.70111084000013,12.914916992000144],[103.70330810500013,12.91687011700003],[103.70550537100002,12.919311523000033],[103.70867919900007,12.920898437000062],[103.71087646500018,12.92327880900001],[103.71228027300015,12.926330566000047],[103.71728515600012,12.92749023400006],[103.72167968700018,12.927917480000076],[103.72448730500014,12.92950439499998],[103.72930908200004,12.92907714800009],[103.73211669900007,12.932678223000039],[103.73291015600012,12.936096191000047],[103.73211669900007,12.940124512000011],[103.73089599600007,12.943908691000047],[103.72930908200004,12.948120116999974],[103.72491455100015,12.94952392600004],[103.72229003900003,12.950683594000054],[103.72052002000004,12.95288085900006],[103.71887207000015,12.957702637000068],[103.7180786130001,12.96270751999998],[103.71887207000015,12.967712402000018],[103.71832275400016,12.970886230000076],[103.71887207000015,12.974121094000054],[103.72229003900003,12.97631835900006],[103.72552490200007,12.978881836000141],[103.72747802700013,12.982116699000187],[103.73052978500004,12.98431396500007],[103.73107910200014,12.987487793000128],[103.73132324200009,12.992309570000032],[103.73211669900007,12.995117187000119],[103.7354736330002,12.997314453000172],[103.73889160200008,12.999511719000054],[103.74011230500014,13.00329589800009],[103.74090576200012,13.007324219000054],[103.74432373000013,13.009704590000126],[103.7481079100001,13.011474609000118],[103.75250244100016,13.010498047000112],[103.75408935500019,13.006896973000096],[103.75708007800012,13.004089355000133],[103.75927734400017,13.00170898400006],[103.76232910200008,12.999694824000017],[103.76470947300015,12.997680664000029],[103.76770019500015,12.99487304700017],[103.77032470700004,12.992309570000032],[103.7722778320001,12.990112305000082],[103.77447509800015,12.988098145000038],[103.78027343700006,12.985900879000098],[103.78411865200013,12.98413085900006],[103.78710937500006,12.981872559000067],[103.78930664100011,12.978515625000114],[103.79089355500014,12.975280762000068],[103.79229736300016,12.97210693400001],[103.79187011700014,12.969116211000085],[103.79351806600016,12.966308594000054],[103.79290771500018,12.962524414000143],[103.79309082000015,12.958496094000054],[103.78851318400012,12.956298828000172],[103.78448486300016,12.95452880900018],[103.78472900399998,12.951477051000097],[103.78491210900017,12.948303223000039],[103.78631591800001,12.945312500000114],[103.78948974600007,12.942871094000111],[103.7910766600001,12.940490723000039],[103.792480469,12.937072754000098],[103.79071044900013,12.933105469000054],[103.7910766600001,12.928100586000085],[103.79150390600012,12.924316406000173],[103.79132080100015,12.920104980000076],[103.79187011700014,12.91687011700003],[103.79388427700019,12.914123535000158],[103.795898437,12.91131591800007],[103.79711914100011,12.908691406000173],[103.80010986300016,12.904907226999967],[103.80352783200004,12.901672363000046],[103.80712890600012,12.90228271500007],[103.811096191,12.902709961000085],[103.81152343700018,12.899291991999974],[103.81469726600017,12.901672363000046],[103.81811523400017,12.90350341800007],[103.82189941400009,12.9050903320001],[103.82507324200014,12.905883789000143],[103.82830810500019,12.907470703000172],[103.83227539100017,12.910888672000112],[103.83551025400004,12.913696289000143],[103.83770752000015,12.910522461000085],[103.83972168000014,12.906127930000025],[103.84191894500015,12.90228271500007],[103.84429931600005,12.899902344000054],[103.84930419900013,12.899475098000039],[103.85327148400006,12.89788818400018],[103.85827636700014,12.897705078000115],[103.86267089800009,12.897094726999967],[103.865478516,12.893310547000056],[103.86608886700014,12.888488770000151],[103.86627197300004,12.885498047000056],[103.86712646500001,12.882690430000025],[103.87030029300007,12.881286621000129],[103.87371826200018,12.883483887000011],[103.87567138700007,12.881103516000167],[103.87768554700011,12.877685547000056],[103.87829589800003,12.873107910000101],[103.87689209000007,12.868713379000042],[103.87707519500003,12.865295410000158],[103.88128662100013,12.865478516],[103.88427734400005,12.865295410000158],[103.88732910200014,12.86468505900018],[103.89172363300003,12.866882324000187],[103.89508056600005,12.865722656000116],[103.89868164100005,12.865722656000116],[103.90228271500007,12.8640747070001],[103.90472412100013,12.860290527000188],[103.90393066400009,12.855529785000101],[103.90252685500002,12.852478027000188],[103.90228271500007,12.847900391000167],[103.90527343700012,12.845520020000095],[103.90948486300005,12.846130371000072],[103.9097290040001,12.842285156000173],[103.91369628900014,12.8386840820001],[103.91748046900005,12.839904785000101],[103.92089843700006,12.843322754000042],[103.92309570300017,12.845703125000057],[103.92651367200011,12.845275879000098],[103.92767334000013,12.841918945000145],[103.9282836910001,12.83807373000002],[103.92932128900014,12.834899902000188],[103.9312744140002,12.832702637000182],[103.93170166000016,12.829711914000086],[103.93048095700016,12.825927734000118],[103.93347168000008,12.822326660000101],[103.9381103520002,12.824096679999968],[103.9417114260001,12.824279785000101],[103.94531250000011,12.827697754000042],[103.94909668000008,12.829895020000151],[103.95050048800005,12.833496094],[103.95068359400011,12.837280273000033],[103.95190429700011,12.840515137000182],[103.95428466800013,12.836730957000043],[103.95428466800013,12.83148193400018],[103.95507812500017,12.82830810500019],[103.95532226600005,12.824523926000154],[103.95532226600005,12.820678711000085],[103.95587158199999,12.815673828000115],[103.95770263700007,12.811889648000033],[103.96173095700016,12.809509277000132],[103.96551513700007,12.807312012000125],[103.96911621100014,12.807495117000087],[103.97192382800017,12.805114746000072],[103.97387695300006,12.80291748000019],[103.97747802700007,12.801696777000132],[103.98187255900007,12.799499512000182],[103.98632812500011,12.799072266000167],[103.98931884800004,12.796691895000095],[103.99291992200011,12.797912598000153],[103.99749755900007,12.801086425999983],[103.9990844730001,12.8054809570001],[104.0003051760001,12.808715820000145]]],[[[104.34588623000013,12.54071044900013],[104.35028076200012,12.539489746000129],[104.35308837900016,12.537292480000076],[104.35668945300006,12.535705566000047],[104.36108398400012,12.536926270000151],[104.36407470700004,12.535278320000032],[104.36810302700007,12.533325195000145],[104.37152099600019,12.531311035000101],[104.3753051760001,12.530883789000143],[104.37988281200018,12.5300903320001],[104.38470459000013,12.52850341800007],[104.38812255900007,12.526489258000026],[104.38891601600005,12.5222778320001],[104.38372802700007,12.521484375000114],[104.3775024410001,12.521911621000129],[104.37292480500008,12.52288818400018],[104.36987304700017,12.523925781000116],[104.36608886700009,12.524902344],[104.36169433600014,12.526672362999989],[104.35748291000004,12.529296875000114],[104.35369873000013,12.533081055000025],[104.35028076200012,12.53631591800007],[104.34771728500004,12.538085937000062],[104.34588623000013,12.54071044900013]]],[[[104.13989257800012,12.720886230000133],[104.14288330100004,12.722290039000029],[104.14611816400009,12.724670410000101],[104.14672851600011,12.720092773000147],[104.14270019500015,12.71789550800014],[104.13989257800012,12.720886230000133]]],[[[104.12469482400013,12.751525879000155],[104.12670898400017,12.755493164000029],[104.12811279300001,12.752075195000145],[104.12469482400013,12.751525879000155]]],[[[104.0025024410001,12.813476562000062],[104.00469970699999,12.816711425999983],[104.0054931640002,12.813476562000062],[104.0025024410001,12.813476562000062]]]]}},{"type":"Feature","properties":{"adm1_name":"Ratanak Kiri","adm1_name1":null,"adm1_name2":null,"adm1_name3":null,"adm1_pcode":"KH16","adm0_name":"Cambodia","adm0_name1":null,"adm0_name2":null,"adm0_name3":null,"adm0_pcode":"KH","valid_on":"2018-10-04","valid_to":null,"area_sqkm":11779.14026941,"version":"v01","lang":"en","lang1":null,"lang2":null,"lang3":null,"adm1_ref_name":"Ratanak Kiri","center_lat":13.93270874,"center_lon":107.03974691},"geometry":{"type":"Polygon","coordinates":[[[107.54211425800014,14.687500000000114],[107.54589843700018,14.686279297000112],[107.55047607400013,14.687072754000155],[107.55548095700004,14.68530273400006],[107.55352783200004,14.681274413999972],[107.55090332000009,14.678710937000062],[107.55072021500013,14.674316406000173],[107.55169677700013,14.670104980000076],[107.55468750000006,14.66687011700003],[107.55468750000006,14.661682129000098],[107.5518798830002,14.658874512000068],[107.54907226600011,14.657897949000187],[107.54968261700009,14.653320312000062],[107.5513305660001,14.650512695000032],[107.55151367200017,14.645690918000128],[107.55291748000013,14.641113281000173],[107.55590820300006,14.637695312000062],[107.55810546900017,14.633728027000188],[107.55828857400013,14.63031005900018],[107.55767822300015,14.626098633000026],[107.55810546900017,14.62249755900018],[107.55371093700018,14.61932373000019],[107.55047607400013,14.617675781000173],[107.54748535200008,14.61749267600004],[107.54467773400017,14.616271973000039],[107.54449462899998,14.61248779300007],[107.54431152300015,14.60870361300016],[107.54272460900012,14.605895996000129],[107.53912353500004,14.60369873000002],[107.53729248000013,14.601074219000054],[107.53387451200012,14.599121094000168],[107.5289306640002,14.597900391000167],[107.52490234400011,14.597290039000086],[107.52349853500004,14.594299316],[107.52288818400012,14.59149169900013],[107.52148437500006,14.587890625000114],[107.51849365200013,14.584716797000056],[107.52087402300015,14.581298828000115],[107.52288818400012,14.577514647999976],[107.52368164100011,14.574096679999968],[107.52331543000008,14.570922852000137],[107.52331543000008,14.566284180000025],[107.52508544900007,14.563476562000062],[107.52612304700017,14.560485840000013],[107.52990722700008,14.558105469000168],[107.53210449200009,14.554077148000033],[107.53070068400007,14.55047607400013],[107.53131103500004,14.54608154300007],[107.52789306600016,14.543701172],[107.5277099610002,14.54071044900013],[107.52807617200017,14.537109375000057],[107.52612304700017,14.534729003999985],[107.5247192380001,14.531311035000101],[107.52270507800006,14.527709961000028],[107.52288818400012,14.523681641000167],[107.52209472700008,14.519897461000028],[107.51928710900012,14.515686035000101],[107.51629638700012,14.512084961000028],[107.51110839800015,14.51031494100016],[107.50830078100006,14.507690430000139],[107.51007080100015,14.503906250000057],[107.51269531200018,14.501892090000183],[107.51391601600005,14.499084473000153],[107.51129150400016,14.49627685500019],[107.5103149410001,14.492675781000116],[107.51007080100015,14.489501953000058],[107.50769043000014,14.48687744100016],[107.50610351600011,14.483276367000087],[107.5056762700001,14.47912597700008],[107.505126953,14.47570800800014],[107.50451660200008,14.472473145000095],[107.50390625000017,14.469299316000104],[107.50189209000013,14.466308594000111],[107.50170898400012,14.462890625],[107.50372314500004,14.460510254000155],[107.505126953,14.456909180000082],[107.50311279300018,14.45367431600016],[107.5025024410001,14.45031738300014],[107.5012817380001,14.447082520000095],[107.5003051760001,14.443908691000104],[107.49847412100007,14.440124512000068],[107.4976806640002,14.43627929700017],[107.49530029300018,14.43469238300014],[107.49169921900011,14.43212890600006],[107.48992919900002,14.427307129000155],[107.49011230500008,14.423278809000067],[107.49072265600006,14.419677734000118],[107.48992919900002,14.415893555000082],[107.48968505900007,14.41149902300009],[107.4893188480001,14.407897949000073],[107.48632812500017,14.405090331999986],[107.4815063480001,14.40368652300009],[107.47827148400012,14.404907227000024],[107.47528076200012,14.407470703000058],[107.47149658199999,14.40710449200003],[107.4680786130001,14.405090331999986],[107.46331787100019,14.405700684000067],[107.45910644500009,14.40930175800014],[107.45831298800005,14.412475585999971],[107.45568847700008,14.414123534999987],[107.45251464800009,14.415710449000017],[107.45007324200003,14.417907715000126],[107.448486328,14.414123534999987],[107.44830322300004,14.411071777000132],[107.44750976600005,14.40710449200003],[107.44610595700016,14.40209960900006],[107.44329834000013,14.39929199200003],[107.44232177700007,14.395874023000147],[107.44128418000008,14.391906738000046],[107.44128418000008,14.388305663999972],[107.43988037100019,14.385498047000112],[107.43969726600005,14.382080078],[107.43572998000008,14.381286621000186],[107.43212890600017,14.379272460999971],[107.4282836910001,14.376281738000046],[107.4246826170002,14.373291016000053],[107.42211914100005,14.370727539000143],[107.41992187500011,14.36767578100006],[107.41748046900011,14.364501953000172],[107.41528320300017,14.36267089800009],[107.41247558600014,14.362121582000157],[107.40930175800008,14.36328125000017],[107.41052246100008,14.35913085900006],[107.41070556600005,14.356079102000024],[107.40930175800008,14.35290527300009],[107.40911865200002,14.348876953],[107.4071044920002,14.345703125000114],[107.40307617200011,14.342895508000083],[107.40112304700006,14.337890625000114],[107.39947509800004,14.333496094000054],[107.39611816400014,14.330322266],[107.39331054700011,14.328491211000141],[107.39129638700007,14.32452392600004],[107.39172363300008,14.320678711000141],[107.39111328100017,14.317321777000188],[107.39251709000007,14.314270020000038],[107.39569091800013,14.312683105000076],[107.39752197300004,14.308715820000032],[107.40008544900019,14.305908203000115],[107.40167236300005,14.303283691000047],[107.40509033200016,14.301513672000056],[107.40692138700007,14.297302246000129],[107.40667724600019,14.29290771500007],[107.4061279300002,14.290100098000039],[107.40667724600019,14.286071777000018],[107.40808105500008,14.281127929999968],[107.40948486300005,14.276489258000083],[107.40948486300005,14.271301270000151],[107.40930175800008,14.267700194999975],[107.40930175800008,14.264282226999967],[107.4085083010001,14.261291504000098],[107.40509033200016,14.258483887000011],[107.40289306600005,14.255493164000086],[107.40130615200002,14.251098633000026],[107.40148925800008,14.246093750000114],[107.40393066400014,14.242919922000056],[107.40667724600019,14.2390747070001],[107.4071044920002,14.234497069999975],[107.40368652300009,14.231323242000087],[107.39990234400005,14.227294922000056],[107.3970947270002,14.222717285000101],[107.39648437500017,14.217712402000132],[107.3950805660001,14.214111328000115],[107.39392089800003,14.210327148000147],[107.39050293000003,14.210327148000147],[107.38848877000004,14.207092285000101],[107.38708496100014,14.202270508000026],[107.38531494100005,14.198486328000115],[107.38330078100017,14.195312500000057],[107.38189697300004,14.190917969000168],[107.38128662100019,14.1875],[107.3795166020002,14.183105469000168],[107.37670898400006,14.17889404300007],[107.37347412100019,14.179321289000029],[107.36987304700011,14.17987060500019],[107.36627197300004,14.177490234000174],[107.36407470700016,14.174072266000167],[107.36071777300003,14.171325684000067],[107.35913085900017,14.168273925999983],[107.36108398400006,14.165893555000139],[107.36267089800009,14.162902832000043],[107.36010742200006,14.158874512000182],[107.35632324200014,14.15649414100011],[107.35351562500011,14.15447998000019],[107.35327148400006,14.149719238000102],[107.35131835900017,14.146484375000057],[107.34851074200014,14.14331054700017],[107.34692382800012,14.140930176000097],[107.34552002000015,14.13732910200008],[107.34289550800008,14.134887695000145],[107.340087891,14.132080078000058],[107.33929443400018,14.128723145000038],[107.33850097700014,14.125305176000154],[107.33831787100013,14.12170410200008],[107.3367309570001,14.11791992200017],[107.33612060500019,14.114318848000096],[107.33532714800003,14.109680176000154],[107.33831787100013,14.106689453000058],[107.34411621100008,14.107116699000073],[107.34667968700006,14.104309081999986],[107.34930419900019,14.100891113000102],[107.35211181600005,14.09851074200003],[107.3560791020002,14.097106934000067],[107.35888671900005,14.09448242200017],[107.36047363300008,14.091491699000073],[107.36370849600013,14.08850097700008],[107.36651611300016,14.08508300800014],[107.3717041020002,14.083679199000073],[107.37109375000011,14.080322266000053],[107.37048339800009,14.076293945000089],[107.3717041020002,14.072326659999987],[107.37109375000011,14.069274902000132],[107.36810302700019,14.066284180000082],[107.3651123050002,14.061706543000128],[107.3660888670002,14.056701660000044],[107.36529541000016,14.053894043000184],[107.3638916020002,14.050476074000073],[107.36431884799998,14.04687500000017],[107.36492919900013,14.043884277000075],[107.36547851600005,14.039123534999987],[107.36547851600005,14.033874512000125],[107.36370849600013,14.031311034999987],[107.36108398400006,14.030090332000157],[107.35852050800003,14.028930664000143],[107.35748291000016,14.025512695000032],[107.35809326200007,14.021728516],[107.35791015600017,14.016906738000046],[107.36108398400006,14.015502930000082],[107.36431884799998,14.014282227000024],[107.36651611300016,14.012084961000141],[107.36932373000002,14.009094238000046],[107.37188720700016,14.005676270000038],[107.37451171900005,14.002075195000089],[107.3875122070001,13.990478516000053],[107.39172363300008,13.990905762000068],[107.39672851600017,13.992492676000097],[107.40032959000007,13.990722656000173],[107.40411376999998,13.990112305000025],[107.40808105500008,13.990722656000173],[107.41070556600005,13.992919922000056],[107.41430664100005,13.994323730000076],[107.41870117200011,13.994689941000047],[107.42248535200002,13.994689941000047],[107.42492675800008,13.996520996000129],[107.42791748000008,13.997924805000025],[107.43048095700016,13.995117187000062],[107.43347168000008,13.994506836000085],[107.43627929700011,13.996276855000076],[107.43988037100019,13.997070312000119],[107.4439086910001,13.996704102000024],[107.44488525400016,13.992309570000032],[107.44628906200012,13.987915039000143],[107.448486328,13.985900879000098],[107.45068359400011,13.983093262000068],[107.45269775400016,13.980895996000129],[107.45568847700008,13.978515625000114],[107.45532226600005,13.974304199000187],[107.45489502000004,13.970703125000114],[107.45532226600005,13.965698241999974],[107.45587158200004,13.961486816000047],[107.45550537100019,13.958496094000054],[107.45489502000004,13.955688477000024],[107.45452880900001,13.952087402000018],[107.45391845700016,13.948730469],[107.45391845700016,13.945129395000151],[107.45391845700016,13.939697266],[107.4536743160001,13.935119629000042],[107.45391845700016,13.930114746000129],[107.45690918000008,13.926879883000083],[107.45812988300008,13.923095703000115],[107.4614868160001,13.921325684000124],[107.46612548800005,13.921508789000086],[107.47027587900016,13.921325684000124],[107.4724731450001,13.91912841800007],[107.4724731450001,13.914489746000129],[107.47113037100019,13.908691406000173],[107.47149658199999,13.904724121000072],[107.47088623000013,13.901916504000042],[107.47088623000013,13.898071289000143],[107.47088623000013,13.893676758000026],[107.4692993160001,13.889282226999967],[107.4658813480001,13.886108398000033],[107.46368408199999,13.88409423800016],[107.46112060500008,13.881896973000153],[107.45812988300008,13.87908935500002],[107.45568847700008,13.875671387000011],[107.45428466800018,13.872070312000062],[107.45587158200004,13.867919922],[107.4592895510001,13.865295410000101],[107.46350097700002,13.862915039000086],[107.46789550800014,13.85968017600004],[107.47210693400007,13.85711669900013],[107.47308349600002,13.852294922000056],[107.47052002000004,13.847106934000124],[107.4680786130001,13.842895508000026],[107.4658813480001,13.839294434000124],[107.46331787100019,13.836303711000028],[107.46051025400016,13.834289550999983],[107.45672607400019,13.830078125000057],[107.45550537100019,13.825500488000102],[107.45727539100011,13.822082520000095],[107.45989990200007,13.819702148000147],[107.4614868160001,13.817077637000182],[107.46130371100014,13.813293457000043],[107.46032714800009,13.809509277000132],[107.4592895510001,13.806274414000086],[107.45690918000008,13.803527832000043],[107.45428466800018,13.800292969000168],[107.45269775400016,13.797302246000072],[107.45190429700011,13.794494628999985],[107.45489502000004,13.791870117000087],[107.45812988300008,13.789672852000137],[107.45971679700011,13.786926270000038],[107.46289062500017,13.783874512000125],[107.46667480500008,13.78149414100011],[107.47070312500017,13.779113770000038],[107.47448730500008,13.777282715000183],[107.47747802700013,13.776306152000132],[107.48071289100005,13.775878906000116],[107.48413085900006,13.775695801000154],[107.48730468700012,13.775329590000126],[107.49072265600006,13.774108887000125],[107.49487304700017,13.771911621000015],[107.49792480500008,13.76831054700017],[107.52227783200004,13.751892090000126],[107.53527832000015,13.742309570000089],[107.55230712899998,13.694519043000128],[107.57067871100003,13.662719727000024],[107.57171630900012,13.629089355000076],[107.57269287100007,13.624694824000187],[107.58752441400003,13.591674805000025],[107.60687255900018,13.547729492000087],[107.61688232400013,13.525878906000173],[107.619689941,13.502075194999975],[107.62329101600017,13.449279785000101],[107.62530517599998,13.413085937000176],[107.62768554700006,13.369506836000141],[107.62750244100016,13.365905762000068],[107.61608886700014,13.33728027300009],[107.60931396500018,13.31689453100006],[107.60290527299998,13.30249023400006],[107.60009765600012,13.301879883000083],[107.5977172850001,13.3035278320001],[107.59527587900004,13.305725098000039],[107.59210205100015,13.306274413999972],[107.5877075200001,13.305908203000172],[107.58447265600012,13.304870605000133],[107.58270263700012,13.302124023000033],[107.58288574200009,13.298522949000187],[107.5811157230001,13.295288086000141],[107.57708740200013,13.294494629000098],[107.5742797850001,13.293518066000047],[107.57189941400009,13.290527344000054],[107.56970214800015,13.286682129000098],[107.56488037100007,13.283874512000068],[107.56072998000013,13.285522461000085],[107.55609130900012,13.287292480000076],[107.55328369100016,13.290710449000187],[107.54968261700009,13.293518066000047],[107.54571533200004,13.29412841800007],[107.54290771500018,13.29467773400006],[107.53991699200009,13.29632568400018],[107.53631591800018,13.298095703000172],[107.53289794900007,13.29968261700003],[107.52850341800018,13.298706055000025],[107.52410888700012,13.297485352000024],[107.52069091800018,13.296691895000038],[107.51672363300014,13.2957153320001],[107.51287841800018,13.298522949000187],[107.51110839800015,13.301696777000075],[107.50732421900011,13.30249023400006],[107.50390625000017,13.299499512000068],[107.50067138700012,13.296691895000038],[107.49688720700004,13.297302246000129],[107.49511718700012,13.301513672000112],[107.49188232400007,13.305114746000129],[107.48889160200008,13.306701659999987],[107.48669433600014,13.309875488000046],[107.48547363300014,13.312500000000114],[107.48309326200012,13.31530761700003],[107.47991943400007,13.318908691000047],[107.4771118160001,13.322509766000053],[107.47467041000004,13.325683594000111],[107.4724731450001,13.328491211000141],[107.47070312500017,13.331481934000067],[107.46728515600006,13.33447265600006],[107.46228027300015,13.33392334000007],[107.45788574200003,13.330871581999986],[107.456298828,13.327697754000098],[107.45568847700008,13.32452392600004],[107.45532226600005,13.319091797000112],[107.45227050800014,13.319091797000112],[107.448486328,13.320922852000024],[107.44451904300013,13.319274902000075],[107.44268798800005,13.314514160000158],[107.43829345700016,13.312072754000155],[107.43530273400006,13.311279297000112],[107.4324951170002,13.310485840000126],[107.4282836910001,13.309692383000083],[107.4246826170002,13.308715820000032],[107.42108154300013,13.307312012000068],[107.4182739260001,13.306274413999972],[107.41528320300017,13.30468750000017],[107.41229248000008,13.302307129000098],[107.40887451200007,13.299072266000053],[107.40588378900014,13.298278809000067],[107.40289306600005,13.297119141],[107.40350341800013,13.293884277000075],[107.40509033200016,13.290527344000054],[107.40527343700012,13.286682129000098],[107.40228271500013,13.285522461000085],[107.39910888700007,13.286926270000151],[107.39569091800013,13.288085937000119],[107.3928833010001,13.286682129000098],[107.3927001950002,13.283081055000082],[107.38952636700014,13.280517578000115],[107.3848876950002,13.281921387000011],[107.38153076200018,13.281921387000011],[107.37872314500015,13.28070068400018],[107.3751220700002,13.279113770000151],[107.37030029300013,13.27709960900006],[107.3660888670002,13.279724121000129],[107.36309814500015,13.283325195000032],[107.36047363300008,13.286926270000151],[107.35913085900017,13.289489746000186],[107.35809326200007,13.293090820000032],[107.35650634800004,13.296691895000038],[107.3530883790001,13.299499512000068],[107.34991455100004,13.301879883000083],[107.34692382800012,13.303894043000128],[107.34429931600005,13.307312012000068],[107.34252929700006,13.310485840000126],[107.34027099600013,13.313476562000119],[107.33850097700014,13.316101074000187],[107.33471679700006,13.316101074000187],[107.32928466800013,13.315673828],[107.32373046900017,13.315917969000054],[107.31829834000007,13.315490723000039],[107.31347656200006,13.31231689499998],[107.30969238300003,13.30908203100006],[107.30511474600007,13.307922362999989],[107.30230712900004,13.307312012000068],[107.29852294900013,13.307922362999989],[107.29370117200006,13.308715820000032],[107.29107666000016,13.310119629000098],[107.28948974600013,13.312927246000129],[107.28808593700006,13.316101074000187],[107.28710937500006,13.318908691000047],[107.2852783200002,13.323486328],[107.2830810550002,13.328674316000104],[107.28088378900009,13.334106445000032],[107.27929687500006,13.339111328000172],[107.27807617200006,13.342102051000097],[107.2764892580002,13.345886230000133],[107.2747192380001,13.349487305000082],[107.27270507800012,13.353271484000118],[107.27111816400009,13.35607910200008],[107.26971435500019,13.358703613000046],[107.26708984400017,13.36071777300009],[107.26367187500011,13.362304687000119],[107.25988769500015,13.362670898000147],[107.25567627000015,13.36389160200008],[107.25207519500015,13.36547851600011],[107.2493286130001,13.366516113000046],[107.24652099600007,13.367309570000089],[107.2432861330002,13.367309570000089],[107.2402954100001,13.36608886700003],[107.23767089800003,13.363098145000038],[107.23608398400017,13.36047363300014],[107.23510742200017,13.357482910000044],[107.23529052700013,13.354309082000157],[107.23651123000019,13.35009765600006],[107.23748779300007,13.345886230000133],[107.23687744100016,13.340881348000096],[107.23468017599998,13.336730957000157],[107.23168945300012,13.334899902000075],[107.22711181600016,13.333496094000111],[107.22290039100011,13.332519531],[107.21972656200018,13.331481934000067],[107.21667480500014,13.329101562000119],[107.21411132800006,13.325500488000046],[107.21350097700008,13.321472168000184],[107.2100830080002,13.318298340000126],[107.20648193400012,13.316528320000032],[107.20288085900017,13.315124512000068],[107.1983032230001,13.312683105000076],[107.19409179700017,13.310119629000098],[107.18969726600011,13.307922362999989],[107.1848754880001,13.307678223000039],[107.17987060500019,13.306884766000053],[107.17687988300014,13.306701659999987],[107.17248535200008,13.306274413999972],[107.1685180660001,13.306518555000025],[107.16571044900007,13.30749511700003],[107.1624755860002,13.30908203100006],[107.15930175800014,13.31188964800009],[107.15869140600006,13.314880371000186],[107.1585083010001,13.319091797000112],[107.15747070300006,13.323730469000054],[107.15350341800018,13.326904297000112],[107.14971923800005,13.328918457000157],[107.14569091800018,13.330871581999986],[107.14147949200009,13.331115723000039],[107.13690185500013,13.330871581999986],[107.13348388700012,13.329895020000038],[107.13128662100002,13.32727050800014],[107.12908935500013,13.324707031],[107.12768554700017,13.322082520000038],[107.12567138700012,13.318908691000047],[107.1239013670002,13.316101074000187],[107.12091064500004,13.314086913999972],[107.11730957000009,13.312500000000114],[107.11468505900007,13.311279297000112],[107.11090087900016,13.309692383000083],[107.10650634800004,13.308471680000082],[107.10247802700007,13.308105469000054],[107.09887695300006,13.308105469000054],[107.0942993160001,13.30908203100006],[107.0906982420002,13.310485840000126],[107.08728027300009,13.312683105000076],[107.08392334000007,13.31530761700003],[107.08209228500004,13.317871094000111],[107.07849121100014,13.321105957000157],[107.07592773400006,13.317321777000018],[107.07849121100014,13.313720703000172],[107.0750732420002,13.311706543000128],[107.07049560500008,13.311096191000047],[107.07031250000011,13.307922362999989],[107.07287597700002,13.305114746000129],[107.0750732420002,13.302307129000098],[107.07128906200012,13.299499512000068],[107.07592773400006,13.297912598000039],[107.0776977540001,13.294494629000098],[107.07452392600004,13.294311523000033],[107.07727050800014,13.290283203000172],[107.08129882800017,13.288085937000119],[107.08068847700002,13.283081055000082],[107.08172607400019,13.279296875000114],[107.0864868160001,13.276489258000083],[107.08911132800017,13.274291991999974],[107.08990478499999,13.2703247070001],[107.08868408200016,13.26593017600004],[107.08911132800017,13.262878418000128],[107.08770752000004,13.259277344000054],[107.09051513700007,13.25531005900018],[107.08728027300009,13.252319336000085],[107.09112548800005,13.248474121000129],[107.09307861300005,13.244506836000085],[107.09307861300005,13.240905762000011],[107.08990478499999,13.238281250000114],[107.08691406200012,13.237304687000062],[107.08911132800017,13.235107422000056],[107.08709716800013,13.232299805000025],[107.08349609400011,13.230102539000086],[107.08489990200007,13.226928711000028],[107.08471679700011,13.223083496000129],[107.082519531,13.218872070000032],[107.0828857420002,13.215515137000182],[107.08392334000007,13.212524414000086],[107.08209228500004,13.209716797000056],[107.08367919900007,13.205322266000167],[107.08111572300004,13.202270508000083],[107.07891845700016,13.199523925999983],[107.07568359400011,13.19891357400013],[107.07489013700007,13.195922852000137],[107.07250976600005,13.194091797000056],[107.06927490200007,13.194885254000042],[107.0667114260001,13.19268798800016],[107.06390380900001,13.190490722999982],[107.06268310500008,13.18768310500002],[107.06030273400006,13.185119629000042],[107.05950927700002,13.182128906000116],[107.0552978520002,13.1804809570001],[107.05187988300008,13.177490234000174],[107.04870605500003,13.173706054999968],[107.04467773400006,13.173095703000115],[107.04089355500003,13.172912598000153],[107.03729248000008,13.174072266000167],[107.03649902300009,13.178100586000028],[107.03491210900006,13.180908203000115],[107.03228759800004,13.182312012000182],[107.03088378900014,13.185119629000042],[107.02770996100008,13.185913086000028],[107.02392578100017,13.18670654300007],[107.01947021500013,13.186096191],[107.01531982400013,13.184509277000132],[107.01232910200014,13.185913086000028],[107.00891113300003,13.187072754000098],[107.00512695300012,13.18768310500002],[107.00152587900004,13.185913086000028],[106.9968872070001,13.184509277000132],[106.99310302700019,13.182312012000182],[106.9901123050002,13.181274414000086],[106.98669433600008,13.180725098000153],[106.98370361300016,13.179321289000086],[106.98028564500015,13.17791748000019],[106.97747802700019,13.179504395000095],[106.97467041000016,13.181518555000139],[106.97113037100007,13.182495117000144],[106.96691894500015,13.182922363000102],[106.96331787100007,13.18389892600004],[106.96032714799998,13.182495117000144],[106.95831298800016,13.180297852000137],[106.9539184570001,13.17791748000019],[106.94787597700014,13.177307129000042],[106.9437255860002,13.176696777000188],[106.94067382800012,13.175292969],[106.93688964800003,13.174316406000116],[106.93389892600004,13.173889160000101],[106.9304809570001,13.17492675799997],[106.92669677700019,13.174499512000182],[106.92352294900013,13.17547607400013],[106.91931152299998,13.176696777000188],[106.91589355500014,13.178527832000043],[106.91168212900004,13.178710937],[106.90667724600013,13.178710937],[106.9027099610002,13.176879883000026],[106.8984985350001,13.17510986300016],[106.89428710900017,13.17547607400013],[106.88952636700009,13.17608642600004],[106.88452148400012,13.175720215000183],[106.88092041000004,13.17510986300016],[106.87670898400012,13.174682617000144],[106.87371826200012,13.174316406000116],[106.86688232400013,13.174682617000144],[106.86352539100011,13.17510986300016],[106.86071777300015,13.175903320000145],[106.84887695300006,13.179687500000057],[106.84368896500018,13.180725098000153],[106.83532714800009,13.182922363000102],[106.83190918000008,13.185302734000174],[106.80407714800015,13.193115234000174],[106.80090332000009,13.194091797000056],[106.79669189500004,13.195312500000057],[106.79248046900011,13.1961059570001],[106.78833007800017,13.196899414000086],[106.78411865200007,13.197692871000129],[106.77929687500017,13.197875976999967],[106.77630615200007,13.199523925999983],[106.74591064500004,13.227478027000018],[106.71850585900006,13.247070312000062],[106.7117309570001,13.25189209000007],[106.665527344,13.28350830100004],[106.63372802700019,13.305480957000157],[106.60809326200018,13.322875977000024],[106.61047363300008,13.32611084000007],[106.60949707000015,13.329284668000128],[106.60931396500001,13.333312988000046],[106.60913085900017,13.337524414000143],[106.60888671900005,13.341125488000046],[106.61248779300007,13.341918945000032],[106.61572265600012,13.342529297000112],[106.61853027299998,13.34350585900006],[106.62207031200006,13.344726562000062],[106.6248779300002,13.346496582000157],[106.62512207000015,13.349914551000097],[106.62628173799999,13.354309082000157],[106.62731933600008,13.35913085900006],[106.62567138700007,13.362915038999972],[106.62512207000015,13.366271973000096],[106.62689209000007,13.37109375000017],[106.62329101600017,13.373474121000015],[106.62091064500015,13.37609863300014],[106.62109375000011,13.380310059000067],[106.62127685500008,13.385070801000154],[106.62207031200006,13.387878418000184],[106.61810302700019,13.389099121000015],[106.61431884800015,13.390319824000017],[106.61169433600008,13.392700195000089],[106.61047363300008,13.396728516000053],[106.6072998050002,13.397277832000043],[106.60528564500015,13.40148925800014],[106.60491943400012,13.405883789000029],[106.60748291000016,13.408081055000139],[106.60931396500001,13.41088867200017],[106.611083984,13.414489746000072],[106.61370849600013,13.418090820000089],[106.6121215820001,13.423095703000058],[106.61248779300007,13.427307129000155],[106.61071777300003,13.430480957000043],[106.60809326200018,13.432678223000153],[106.6055297850001,13.43469238299997],[106.603271484,13.437316895000038],[106.6007080080002,13.438476562000176],[106.60028076200018,13.441528320000089],[106.59808349600013,13.445495605000133],[106.59832763700018,13.449279785000101],[106.5964965820001,13.453918457000043],[106.59448242200006,13.45751953100006],[106.59307861300016,13.460327148000147],[106.59149169900013,13.463684082000043],[106.58911132800012,13.46752929700017],[106.58569335900017,13.47131347700008],[106.58410644500015,13.474487305000139],[106.58251953100012,13.47869873000019],[106.58068847700014,13.48352050799997],[106.57867431600005,13.486877441],[106.57708740200019,13.490295410000101],[106.57489013700018,13.494323730000133],[106.57391357400013,13.498901367000087],[106.57348632800012,13.503112793000014],[106.57409668000014,13.506896973000153],[106.57452392600015,13.512084961000085],[106.57208252000015,13.514892578000115],[106.57031250000006,13.518676758000026],[106.5675048830002,13.522094727000137],[106.56469726600017,13.524719238000102],[106.5623168950001,13.527099609000174],[106.56030273400017,13.529907227000137],[106.55810546900017,13.533508300999983],[106.55651855500014,13.5379028320001],[106.55511474600007,13.541320800999983],[106.55249023400017,13.544921875000057],[106.5488891600001,13.547485351999967],[106.54571533200004,13.549682617000144],[106.54150390600012,13.551879883000026],[106.53808593700018,13.55267334000007],[106.53167724600007,13.553100586000085],[106.530273437,13.575927734000174],[106.52990722700008,13.599670409999987],[106.53070068400012,13.621093750000114],[106.53088378900009,13.670288086000141],[106.53527832000015,13.670715332000157],[106.54028320300012,13.670898437000119],[106.54608154300007,13.67187500000017],[106.5501098630001,13.672912598000039],[106.55468750000006,13.673522949000187],[106.55889892599998,13.67572021500007],[106.5623168950001,13.678100586000141],[106.56671142600015,13.680480956999986],[106.56988525400004,13.682128906],[106.57409668000014,13.682922363000046],[106.57867431600005,13.682922363000046],[106.58227539100017,13.682678223000096],[106.58630371100003,13.683105469000054],[106.58929443400012,13.68688964800009],[106.594299316,13.688293457000157],[106.59887695300012,13.690490723000096],[106.60351562500006,13.692871094000111],[106.60650634800015,13.696899413999972],[106.61071777300003,13.698913574000017],[106.61450195300012,13.70092773400006],[106.61767578100017,13.703125000000114],[106.61987304700006,13.706115723000039],[106.62127685500008,13.709899902000075],[106.62432861300016,13.713073730000133],[106.62670898400017,13.715270996000015],[106.62927246100008,13.71789550800014],[106.63189697299998,13.721496581999986],[106.63287353500016,13.726928711000141],[106.63452148400017,13.732116699000017],[106.63372802700019,13.735900879000155],[106.63507080100004,13.739074707000043],[106.63647460900006,13.741699219000111],[106.6392822270002,13.744689941000104],[106.64331054700006,13.746520996000186],[106.64569091800013,13.749084473000096],[106.64691162100013,13.752929687000119],[106.65332031200006,13.759704590000126],[106.65728759800004,13.764709473000096],[106.65930175800008,13.768493652000132],[106.66192627000015,13.77392578100006],[106.66333007800012,13.779296875],[106.66333007800012,13.782897949000073],[106.66131591800007,13.785095215000183],[106.66088867200011,13.788085937000176],[106.659912109,13.791076660000101],[106.65869140600017,13.794128418000184],[106.65692138700018,13.797302246000072],[106.65527343700006,13.800292969000168],[106.65429687500011,13.80328369100016],[106.65350341800007,13.806274414000086],[106.65350341800007,13.810302734000118],[106.65393066400009,13.814086914000086],[106.65551757800012,13.817687988000102],[106.65667724600013,13.82049560500019],[106.65808105500003,13.823120117000087],[106.66088867200011,13.825073242000144],[106.66387939499998,13.829895020000095],[106.66070556600005,13.834289550999983],[106.65808105500003,13.83807373000019],[106.6550903320001,13.837280273000033],[106.652099609,13.838500977000137],[106.6505126950002,13.842285156000116],[106.64971923800016,13.845092772999976],[106.64892578100017,13.848327637000125],[106.65032959000001,13.851318359000118],[106.64807128900014,13.85467529300007],[106.64489746100008,13.856323242000087],[106.64190673800016,13.85711669900013],[106.64093017600004,13.860107422],[106.63732910200014,13.860900879000042],[106.63409423800016,13.862670898000033],[106.63250732400013,13.867126465000183],[106.63153076200018,13.87127685500002],[106.63287353500016,13.876098633000026],[106.6348876950002,13.880676270000151],[106.63671875000006,13.884887694999975],[106.63732910200014,13.888671875000114],[106.63568115200019,13.89190673800016],[106.63330078100017,13.89471435500019],[106.6309204100001,13.89672851600011],[106.62829589800003,13.898925781000116],[106.62652587900004,13.901672362999989],[106.62512207000015,13.906494141000167],[106.62432861300016,13.91131591800007],[106.62548828100017,13.916503906000173],[106.62652587900004,13.92010498000002],[106.6270751950002,13.922912597999982],[106.62609863300003,13.926696777000188],[106.62530517600004,13.930725098000153],[106.62609863300003,13.934692383000083],[106.62249755900018,13.9382934570001],[106.61950683600008,13.94171142600004],[106.61828613300003,13.944702148000033],[106.61889648400017,13.947875977000024],[106.61828613300003,13.950683594000054],[106.61791992200006,13.9539184570001],[106.61688232400019,13.958679199000187],[106.61627197300004,13.962524414000086],[106.61572265600012,13.965270996000186],[106.61431884800015,13.968078613000046],[106.61291503900009,13.972900391],[106.61248779300007,13.976074219000054],[106.6140747070001,13.9793090820001],[106.61590576200018,13.981872559000067],[106.616699219,13.984680176000097],[106.61767578100017,13.987915039000143],[106.61651611300016,13.992309570000032],[106.62127685500008,13.993286133000083],[106.62567138700007,13.993713379000098],[106.63012695300012,13.994079590000126],[106.63372802700019,13.992309570000032],[106.63769531200006,13.99108886700003],[106.64129638700001,13.990112305000025],[106.64447021500007,13.989501953000172],[106.64807128900014,13.98767089800009],[106.65112304700006,13.986877441000104],[106.6550903320001,13.986694336000141],[106.65887451200007,13.988708496000129],[106.66247558600014,13.99108886700003],[106.66632080100004,13.994689941000047],[106.66888427700002,13.996704102000024],[106.67309570300017,13.995300293000128],[106.67687988300008,13.995727539000143],[106.68212890600017,13.997070312000119],[106.6851196290001,13.998291016000053],[106.68847656200012,13.998474121000186],[106.69232177700019,13.997070312000119],[106.69567871100014,13.995117187000062],[106.69927978499999,13.996276855000076],[106.70330810500008,13.997924805000025],[106.7056884770002,14.00170898400006],[106.70770263700007,14.005126953000172],[106.7105102540001,14.006286621000186],[106.71270751999998,14.00811767600004],[106.71551513700007,14.010681152000075],[106.71948242200011,14.012512207000157],[106.72332763700007,14.01367187500017],[106.72607421900011,14.014526366999974],[106.72808837900016,14.016906738000046],[106.73150634800004,14.01928710900006],[106.73492431600005,14.01928710900006],[106.73828125000017,14.01928710900006],[106.74169921900011,14.020324707000157],[106.74487304700017,14.019897461000141],[106.74932861300005,14.021118164000143],[106.7525024410001,14.023071289000029],[106.75567627000004,14.025695801000097],[106.75830078100006,14.028076172000112],[106.76208496100014,14.03369140600006],[106.76550293000008,14.038330078000172],[106.76770019500009,14.041076660000044],[106.77172851600005,14.046508788999972],[106.7756958010001,14.05212402300009],[106.77832031200012,14.056518555000082],[106.78112793000008,14.060119629000098],[106.7844848630001,14.064880371000015],[106.78668212900016,14.068481445000089],[106.78851318400007,14.072692871000015],[106.78930664100005,14.077697754000155],[106.78912353500004,14.082885742000087],[106.78790283199999,14.086730957000157],[106.78631591800013,14.091491699000073],[106.78369140600006,14.099670410000101],[106.78112793000008,14.106506348000096],[106.77990722700002,14.109680176000154],[106.77368164100011,14.125488281000116],[106.76928710900012,14.136108398000147],[106.764892578,14.146484375000057],[106.76147460900012,14.154724121000015],[106.75970459000013,14.159729004000155],[106.7581176760001,14.162475586000028],[106.75531005900007,14.164916992000087],[106.75329589800009,14.167480469000168],[106.75207519500009,14.17010498000019],[106.7515258790001,14.173706055000139],[106.7515258790001,14.177673340000013],[106.75189209000013,14.180908203000058],[106.75207519500009,14.183898925999983],[106.75231933600014,14.189086914000086],[106.75231933600014,14.192321777000132],[106.75231933600014,14.19592285200008],[106.75268554700011,14.199523926000154],[106.75311279300013,14.202880859000174],[106.75329589800009,14.206298828000115],[106.75311279300013,14.210327148000147],[106.75427246100014,14.213317871000072],[106.75628662100019,14.217285156000173],[106.75750732400002,14.222717285000101],[106.75830078100006,14.226684569999975],[106.75927734400011,14.230895996000129],[106.75952148400006,14.235900879000042],[106.75653076200007,14.240295410000101],[106.75469970700016,14.243530272999976],[106.75390625000017,14.247314453000115],[106.75390625000017,14.250915527000188],[106.75329589800009,14.254882812000062],[106.75268554700011,14.258728027000132],[106.75231933600014,14.2625122070001],[106.75170898400006,14.266296387000011],[106.75109863300008,14.270080566000047],[106.75048828100006,14.273925781000116],[106.7501220700002,14.277709961000085],[106.7501220700002,14.281677246000129],[106.74932861300005,14.288085937000062],[106.7489013670002,14.29187011700003],[106.74847412100019,14.296875000000114],[106.74792480500003,14.304687500000114],[106.74810790999999,14.30792236300016],[106.74810790999999,14.311279297000112],[106.7476806640002,14.314514160000158],[106.74707031200012,14.322082520000038],[106.74688720700016,14.333496094000054],[106.74707031200012,14.346923828000172],[106.7476806640002,14.362304687000119],[106.74951171900005,14.365112305000025],[106.74969482400002,14.370300293000128],[106.75292968700006,14.377929687000062],[106.75531005900007,14.383911133000083],[106.75512695300017,14.386901855000076],[106.75848388700012,14.386291504000155],[106.76171875000017,14.385070801000097],[106.7645263670002,14.383911133000083],[106.76708984400011,14.382507324000017],[106.76971435500008,14.380493163999972],[106.77069091800018,14.377685547000112],[106.77087402300015,14.374328613000046],[106.77209472700008,14.371520996000129],[106.77508544900007,14.369506836000141],[106.77709960900012,14.366516113000046],[106.77728271500013,14.363098145000038],[106.77850341800018,14.360290527000075],[106.7822875980001,14.357482910000044],[106.78491210900006,14.35290527300009],[106.78588867200017,14.348693848000039],[106.78668212900016,14.345703125000114],[106.78710937500017,14.341674805000082],[106.79028320300006,14.34069824200003],[106.79388427700013,14.34069824200003],[106.79467773400012,14.336303711000085],[106.79608154300018,14.331298828000172],[106.7977294920002,14.326904297000112],[106.8013305660001,14.323730469000054],[106.8043212890002,14.320129395000151],[106.80712890600006,14.319091797000112],[106.80969238300014,14.317504883000083],[106.81231689500004,14.315490723000039],[106.81591796900011,14.312072754000098],[106.82031250000017,14.310913086000085],[106.82348632800006,14.311096191000047],[106.82647705100015,14.312500000000114],[106.83129882800006,14.312072754000098],[106.83489990200013,14.309326172000056],[106.83673095699999,14.305114746000129],[106.83691406200012,14.30108642600004],[106.83807373000019,14.29827880900001],[106.8389282230001,14.29412841800007],[106.84289550800014,14.29290771500007],[106.84667968700018,14.293273926000097],[106.85052490200007,14.293884277000018],[106.85028076200012,14.299316406000173],[106.8521118160001,14.303100586000085],[106.85449218700018,14.305480957000157],[106.85687255900012,14.308715820000032],[106.85913085900012,14.311279297000112],[106.86187744100016,14.314086914000143],[106.8652954100001,14.317504883000083],[106.86932373000013,14.318725586000085],[106.87390136700009,14.318481445000032],[106.87969970700004,14.318115234],[106.88311767600015,14.316528319999975],[106.88592529300018,14.31390380900018],[106.88970947300015,14.313720703000115],[106.89288330099998,14.312927246000129],[106.89508056600016,14.314697266],[106.89471435500019,14.317871094000054],[106.89428710900017,14.320922851999967],[106.89508056600016,14.324707031000173],[106.89550781200018,14.328674316000104],[106.8963012700001,14.332702637000068],[106.90167236300016,14.333312987999989],[106.9063110350001,14.332702637000068],[106.90991210900017,14.331298828000172],[106.91290283200004,14.330505371000129],[106.9171142580002,14.32989501999998],[106.92211914100011,14.328491211000141],[106.92712402300015,14.326904297000112],[106.9317016600001,14.324707031000173],[106.93450927700013,14.323913574000187],[106.93768310500002,14.323486328000172],[106.94091796900017,14.320922851999967],[106.94287109400005,14.318725586000085],[106.94549560500019,14.315124512000011],[106.94952392599998,14.314697266],[106.95349121100008,14.314697266],[106.95727539100017,14.315673828000172],[106.96032714799998,14.314880371000186],[106.96411132800012,14.315307616999974],[106.96728515600017,14.314880371000186],[106.96929931600005,14.317321777000188],[106.97113037100007,14.320495605000076],[106.9727172850001,14.323913574000187],[106.97387695300017,14.328125000000114],[106.97607421900005,14.33148193400001],[106.97851562500006,14.33447265600006],[106.97509765600017,14.337524414000143],[106.97167968700006,14.34069824200003],[106.9727172850001,14.343688965000126],[106.97308349600013,14.347717285000158],[106.97332763700018,14.350708008000083],[106.97491455100004,14.353088379000098],[106.97607421900005,14.357482910000044],[106.97827148400006,14.359924316000047],[106.98168945300012,14.359497070000032],[106.98571777300003,14.35913085900006],[106.98992919900013,14.358886719000111],[106.99249267600004,14.35772705100004],[106.99572753900009,14.357116699000187],[106.9979248050002,14.36047363300014],[106.99932861300016,14.365112305000025],[107.00091552700019,14.369079590000126],[107.00231933600008,14.371887207000157],[107.00451660200014,14.375915527000075],[107.00628662100013,14.379272460999971],[107.0076904300002,14.382507324000017],[107.00891113300003,14.385314941000047],[107.0112915040001,14.386901855000076],[107.01409912100013,14.388305663999972],[107.0142822270002,14.392272949000073],[107.01531982400013,14.395507812000119],[107.0177001950002,14.397521973000039],[107.02111816400014,14.399108887000068],[107.0233154300002,14.402893066000104],[107.02752685500002,14.40429687500017],[107.03027343700012,14.406127930000082],[107.03350830100004,14.408874512000125],[107.03692627000015,14.413085937000119],[107.0418701170002,14.415283203000058],[107.0457153320001,14.416076660000044],[107.0454711910001,14.419677734000118],[107.04632568400018,14.424926758000083],[107.04388427700007,14.428283691000104],[107.04107665999999,14.433105469000111],[107.04010009800004,14.439086914000029],[107.0377197270002,14.443115234000118],[107.03747558600014,14.446289062000176],[107.0396728520002,14.448303223000096],[107.042724609,14.448730469000111],[107.0454711910001,14.446472168000014],[107.04827880900007,14.444702148000147],[107.05187988300008,14.440673828000058],[107.05590820300017,14.439086914000029],[107.05987548800005,14.439086914000029],[107.06292724600013,14.438903809000067],[107.06488037100019,14.435485840000126],[107.0667114260001,14.432678223000096],[107.06988525400016,14.429504395000038],[107.0731201170002,14.427307129000155],[107.07727050800014,14.425109863000046],[107.07830810500008,14.422119141000053],[107.07708740200007,14.41931152300009],[107.07550048800005,14.41467285200008],[107.07672119100005,14.411315918000128],[107.07830810500008,14.408508301000097],[107.07910156200012,14.40429687500017],[107.08111572300004,14.400695801000097],[107.08331298800005,14.39648437500017],[107.08691406200012,14.394897461000141],[107.09027099600019,14.395080566000104],[107.09350585900006,14.392272949000073],[107.09710693400007,14.393127441000047],[107.10089111300005,14.39392089800009],[107.10308837900016,14.395690918000184],[107.10729980500008,14.39648437500017],[107.11029052700007,14.393493652000075],[107.11352539100005,14.394470215000126],[107.1174926760001,14.395874023000147],[107.12152099600019,14.397888184000067],[107.12292480500008,14.400512695000032],[107.12371826200007,14.403503418000128],[107.12792968700012,14.405700684000067],[107.13232421900011,14.406127930000082],[107.1331176760001,14.409729004000098],[107.13470459000013,14.413696289000029],[107.13909912100019,14.415100098000096],[107.14208984400011,14.41491699200003],[107.1461181640002,14.41491699200003],[107.14849853500004,14.418518066000104],[107.15008544900007,14.421691895000038],[107.1528930660001,14.422302246000186],[107.15747070300006,14.421508789000029],[107.15911865200007,14.417907715000126],[107.16027832000009,14.41467285200008],[107.163330078,14.41491699200003],[107.1663208010001,14.417297363000046],[107.16949462900016,14.420715332000157],[107.17327880900012,14.42248535200008],[107.17547607400007,14.425903320000089],[107.17572021500013,14.431518555000082],[107.17889404300018,14.433898926000097],[107.18212890600006,14.436523437000119],[107.18652343700012,14.436889648000147],[107.18988037100007,14.438476562000176],[107.19232177700007,14.44250488300014],[107.19451904300018,14.446472168000014],[107.19647216800007,14.449096680000082],[107.19732666000004,14.45190429700017],[107.19689941400003,14.455322266000053],[107.19787597700014,14.459289551000154],[107.19769287100007,14.464904785000044],[107.19952392600015,14.46948242200017],[107.2005004880001,14.472473145000095],[107.20068359400017,14.47570800800014],[107.20367431600016,14.480102539000029],[107.20629882800006,14.48291015600006],[107.20648193400012,14.486511230000133],[107.20989990200013,14.488281250000057],[107.21447753900009,14.48852539100011],[107.21868896500018,14.487304687000176],[107.22009277300015,14.483703613000102],[107.22351074200009,14.483093262000125],[107.22851562500006,14.484924316000104],[107.23168945300012,14.48132324200003],[107.23608398400017,14.479309082000043],[107.24011230500014,14.480102539000029],[107.2432861330002,14.481872559000124],[107.24670410200014,14.482727051000097],[107.24908447300015,14.484497070000089],[107.25170898400017,14.485900878999985],[107.25451660200008,14.487915039000029],[107.25653076200012,14.490905762000125],[107.25830078100012,14.493530273000147],[107.25769043000014,14.496520996000015],[107.25531005900012,14.499877930000139],[107.25567627000015,14.505920410000044],[107.25451660200008,14.509704590000183],[107.2537231450001,14.513488770000095],[107.25390625000006,14.51727294900013],[107.25390625000006,14.52172851600011],[107.25610351600011,14.525512695000145],[107.25671386700009,14.528503418000014],[107.25848388700018,14.531677246000072],[107.25988769500015,14.536499022999976],[107.26110839799998,14.541320801000154],[107.2656860350001,14.543701172],[107.270080566,14.542724609000118],[107.27447509799998,14.541503906000116],[107.27868652300003,14.545471191],[107.2813110350001,14.548278809000124],[107.28210449200014,14.551879883000026],[107.2830810550002,14.555908203000115],[107.28472900400004,14.559692383000026],[107.28247070300012,14.563720703000058],[107.28228759800015,14.567871094000054],[107.2830810550002,14.570678711000085],[107.28668212900004,14.57147216800007],[107.2891235350001,14.574707031000116],[107.28771972700014,14.578125],[107.28930664100017,14.5808715820001],[107.29290771500001,14.582275391000167],[107.29528808600008,14.585693359000174],[107.29888916000016,14.587524414000086],[107.30310058600008,14.587890625000114],[107.30651855500014,14.587890625000114],[107.31072998000019,14.588317871000072],[107.31530761700014,14.588317871000072],[107.318908691,14.587524414000086],[107.3240966800002,14.589721679999968],[107.3289184570001,14.59112548800016],[107.3319091800002,14.589111328000115],[107.335693359,14.587280273000033],[107.33947753900014,14.585083008000026],[107.34167480500003,14.58148193400018],[107.34490966800007,14.578491211000085],[107.349121094,14.577697754000042],[107.35351562500011,14.575317383000026],[107.35668945300017,14.573303223000153],[107.3582763670002,14.569885254000042],[107.36151123000008,14.56768798800016],[107.36407470700016,14.565490723000153],[107.36468505900018,14.561523437000176],[107.36352539100017,14.557312012000182],[107.36450195300017,14.55389404300007],[107.36712646500007,14.550292969000168],[107.36828613300008,14.546691895000095],[107.37127685500008,14.544311522999976],[107.37469482400019,14.542724609000118],[107.37689209000007,14.540283203000115],[107.38171386700014,14.541076660000101],[107.38549804700011,14.54071044900013],[107.38708496100014,14.538085937],[107.39172363300008,14.539916992000087],[107.3950805660001,14.541503906000116],[107.39892578100017,14.541870117000144],[107.4019165040001,14.539916992000087],[107.40447998000008,14.538330078000058],[107.40869140600006,14.536499022999976],[107.41229248000008,14.535522461000028],[107.41589355500008,14.533691406000116],[107.4194946290001,14.531311035000101],[107.42108154300013,14.528930664000029],[107.42510986300005,14.528076172000056],[107.42889404300013,14.527526855000133],[107.43212890600017,14.526306152000132],[107.43530273400006,14.52508544900013],[107.43829345700016,14.524475098000153],[107.4415283200002,14.52667236300016],[107.44531250000017,14.527526855000133],[107.44873046900005,14.528503418000014],[107.4514770510001,14.531127930000139],[107.4536743160001,14.533508301000154],[107.45129394500009,14.536071777000188],[107.44873046900005,14.538879395000151],[107.44769287100019,14.54229736300016],[107.44970703100006,14.54608154300007],[107.44970703100006,14.550292969000168],[107.45330810500008,14.553283691],[107.45532226600005,14.557312012000182],[107.45532226600005,14.56072998000019],[107.45648193400007,14.563476562000062],[107.45568847700008,14.566711425999983],[107.45690918000008,14.570678711000085],[107.45788574200003,14.574523925999983],[107.45812988300008,14.577880859],[107.456298828,14.58172607400013],[107.45349121100014,14.585083008000026],[107.45507812500017,14.5886840820001],[107.45892334000013,14.590270996000129],[107.46508789100005,14.590515137000182],[107.46728515600006,14.594299316],[107.46649169900007,14.598693847999982],[107.46411132800017,14.60272216800007],[107.46173095700016,14.606689453000115],[107.46331787100019,14.609313965000013],[107.46350097700002,14.613098145000151],[107.46551513700007,14.617126465000013],[107.46850585900006,14.619873047000112],[107.47290039100005,14.622314453000115],[107.47631835900006,14.623718262000182],[107.48168945300006,14.624877930000025],[107.48571777300009,14.623901367000144],[107.4893188480001,14.6218872070001],[107.49291992200011,14.623718262000182],[107.49511718700012,14.626525879000042],[107.49847412100007,14.629089355000076],[107.49829101600011,14.633300781000173],[107.50091552700007,14.636718750000114],[107.50488281200018,14.639099121000129],[107.50830078100006,14.641296387000011],[107.51007080100015,14.64447021500007],[107.51409912100002,14.646301270000151],[107.51751709000013,14.648071289000143],[107.52008056600016,14.65209960900006],[107.5211181640002,14.657104491999974],[107.52349853500004,14.66009521500007],[107.5247192380001,14.664672852000024],[107.52392578100006,14.668884277000075],[107.52392578100006,14.672485352000024],[107.52368164100011,14.675476074000017],[107.52532959000013,14.678894043000128],[107.52709960900012,14.682312012000068],[107.53070068400007,14.683715820000032],[107.5322875980001,14.686279297000112],[107.53552246100014,14.689086913999972],[107.53869628900003,14.689270020000038],[107.54211425800014,14.687500000000114]]]}},{"type":"Feature","properties":{"adm1_name":"Siemreap","adm1_name1":null,"adm1_name2":null,"adm1_name3":null,"adm1_pcode":"KH17","adm0_name":"Cambodia","adm0_name1":null,"adm0_name2":null,"adm0_name3":null,"adm0_pcode":"KH","valid_on":"2018-10-04","valid_to":null,"area_sqkm":10548.68136218,"version":"v01","lang":"en","lang1":null,"lang2":null,"lang3":null,"adm1_ref_name":"Siemreap","center_lat":13.37451172,"center_lon":103.99253436},"geometry":{"type":"Polygon","coordinates":[[[103.41949462900004,13.736877441000104],[103.42291259800015,13.739501953000058],[103.42370605500014,13.743713379000155],[103.42071533200004,13.743103027000075],[103.4216918950001,13.746520996000186],[103.42529296900017,13.749694824000073],[103.42871093700018,13.749877930000139],[103.43011474600007,13.753479003999985],[103.42431640600012,13.754699707000043],[103.4238891600001,13.757690430000139],[103.42468261700014,13.760925293000184],[103.4238891600001,13.765686035000044],[103.42108154300007,13.76867675799997],[103.41827392600004,13.770690918000184],[103.41528320300012,13.769714355000133],[103.41168212900004,13.771911621000015],[103.41009521500018,13.77612304700017],[103.41210937500006,13.778320312000119],[103.41412353500004,13.774902344000111],[103.41589355500014,13.778076172],[103.42010498000019,13.778076172],[103.42449951200018,13.779113770000038],[103.42572021500018,13.783081055000139],[103.42449951200018,13.786499023000147],[103.42291259800015,13.789123535000044],[103.42590332000015,13.790527344000111],[103.42791748000019,13.793090820000145],[103.42749023400017,13.79711914100011],[103.42492675800014,13.795104980000133],[103.42211914100011,13.796875],[103.42468261700014,13.79931640600006],[103.42730712900004,13.80047607400013],[103.43090820300006,13.802124023000147],[103.43090820300006,13.807312012000125],[103.43432617200017,13.809509277000132],[103.43768310500019,13.811889647999976],[103.44012451200012,13.815307617000087],[103.44091796900017,13.818298340000183],[103.43670654300007,13.817077637000182],[103.43212890600012,13.817077637000182],[103.42987060500019,13.82049560500019],[103.43188476600017,13.824523926000154],[103.42767334000001,13.825073242000144],[103.42572021500018,13.829895020000095],[103.42327880900012,13.834472656000116],[103.42572021500018,13.83648681600016],[103.4251098630001,13.840270996000129],[103.42407226600017,13.844116211000028],[103.42370605500014,13.848083496000072],[103.4238891600001,13.853088379000042],[103.4216918950001,13.856323242000087],[103.42370605500014,13.859313965000183],[103.42749023400017,13.858276367000144],[103.4268798830002,13.86151123000019],[103.42767334000001,13.865295410000101],[103.4307250980001,13.86688232400013],[103.43011474600007,13.870727539000086],[103.4281005860002,13.874877930000025],[103.42590332000015,13.877319336000028],[103.42889404300007,13.880126953000058],[103.43310546900017,13.879516602000137],[103.43847656200006,13.880310059000124],[103.44067382800012,13.877502441],[103.44409179700006,13.880126953000058],[103.44451904300001,13.883728027000132],[103.44848632800012,13.883300781000116],[103.45111084000018,13.88592529300007],[103.45471191400009,13.887084961000085],[103.45690918000014,13.889709473000153],[103.46051025400004,13.892089844],[103.46508789100017,13.893493652000188],[103.46771240200013,13.89471435500019],[103.47009277300003,13.892272949000187],[103.47351074200014,13.89312744100016],[103.47650146500001,13.895080566000047],[103.47790527300003,13.899291992000144],[103.48071289100017,13.901916504000042],[103.48468017600004,13.900329590000183],[103.48870849600013,13.899902344],[103.49389648400017,13.90008544900013],[103.49749755900018,13.900329590000183],[103.50128173799999,13.899291992000144],[103.50549316400014,13.89971923800016],[103.50970459000007,13.898925781000116],[103.51287841800013,13.90008544900013],[103.51629638700001,13.899902344],[103.51892089800003,13.89672851600011],[103.5233154300002,13.898315429999968],[103.52612304700006,13.897094727000137],[103.5300903320001,13.897705078000115],[103.53192138700018,13.90252685500019],[103.53369140600017,13.898925781000116],[103.53747558600014,13.896484375000114],[103.54028320300017,13.89971923800016],[103.54467773400006,13.901489258000026],[103.54772949200014,13.901672362999989],[103.5487060550002,13.904724121000072],[103.5523071290001,13.905273437000062],[103.55450439500015,13.901916504000042],[103.55627441400014,13.905273437000062],[103.55627441400014,13.90850830100004],[103.559082031,13.906921387000182],[103.56250000000011,13.907714844],[103.56567382800017,13.907470703000172],[103.56811523400006,13.905883789000143],[103.57031250000011,13.909729004000042],[103.56848144500003,13.913330078000115],[103.56872558600008,13.916687012000011],[103.57269287100019,13.915100097999982],[103.57629394500003,13.91827392600004],[103.57989502000004,13.92010498000002],[103.57830810500008,13.922485351999967],[103.5786743160001,13.926513672000056],[103.58251953100017,13.92791748000002],[103.58532714800003,13.929504395000151],[103.58911132800017,13.929504395000151],[103.59271240200002,13.92608642600004],[103.59368896500013,13.929077148000033],[103.59350585900006,13.933288574000187],[103.5963134770002,13.935913086000085],[103.59930419900019,13.937927246000129],[103.60327148400012,13.941528319999975],[103.60528564500004,13.945922852000137],[103.60931396500007,13.94671630900018],[103.61370849600019,13.947509766000167],[103.6160888670002,13.949096680000025],[103.61767578100006,13.951477051000097],[103.61669921900011,13.95489501999998],[103.6196899410001,13.954711914000143],[103.6196899410001,13.958496094000054],[103.6196899410001,13.961914062000062],[103.62451171900005,13.95928955100004],[103.62988281200012,13.9617309570001],[103.62689209000013,13.964111328000115],[103.6295166020002,13.966674805000082],[103.63250732400002,13.96612548800016],[103.63250732400002,13.969482422000112],[103.63549804700011,13.971679687000119],[103.63751220700016,13.969482422000112],[103.64050293000008,13.969116211000085],[103.64312744100005,13.965698241999974],[103.64691162100019,13.963317871000129],[103.64648437500017,13.966491699000187],[103.64910888700007,13.969116211000085],[103.65148925800014,13.970886230000076],[103.65350341800018,13.968322754000098],[103.65747070300006,13.96850585900006],[103.66271972700002,13.96868896500007],[103.66149902300009,13.964904785000158],[103.6651000980001,13.965270996000186],[103.66748046900011,13.963684082000157],[103.67230224600019,13.962097168000128],[103.67712402300009,13.96112060500002],[103.68188476600011,13.960327148000033],[103.688720703,13.964904785000158],[103.74548339799998,13.96612548800016],[103.79327392600004,13.966308594000054],[103.82971191400009,13.966308594000054],[103.84808349600013,13.966491699000187],[103.88830566400014,13.965515137000011],[103.93170166000016,13.967285156],[103.95452880900018,13.966918945000032],[103.99548339800015,13.96710205100004],[104.03851318400007,13.967529297000056],[104.11291503900003,13.966674805000082],[104.11212158200004,13.963500977000024],[104.11090087900004,13.959899902000018],[104.11151123000019,13.95489501999998],[104.1195068360002,13.955688477000024],[104.12628173800016,13.957519531000173],[104.13330078100012,13.958496094000054],[104.13848877000015,13.95892334000007],[104.14349365200019,13.959106445000032],[104.14788818400012,13.959716797000056],[104.152893066,13.958312987999989],[104.1580810550002,13.957519531000173],[104.1629028320001,13.956298828000172],[104.1671142580002,13.955078125000114],[104.17028808600008,13.953674316000047],[104.17468261700014,13.951721191000047],[104.17749023400017,13.948730469],[104.18109130900018,13.946289062000062],[104.18591308600008,13.94171142600004],[104.18731689500015,13.937072754000098],[104.19189453100017,13.934509277000188],[104.19592285200014,13.932495117000144],[104.19970703100017,13.931701660000158],[104.20471191400009,13.93109130900018],[104.20989990200019,13.930908203000115],[104.21252441400009,13.929687500000114],[104.21612548800016,13.928283691000047],[104.21972656200006,13.930725098000153],[104.22167968700006,13.93292236300016],[104.22589111299999,13.934326172000056],[104.22912597700014,13.937683105000076],[104.23431396500007,13.940307617000144],[104.24047851600005,13.942871094000054],[104.242675781,13.945678711000085],[104.24487304700011,13.948303223000039],[104.2479248050002,13.95007324200003],[104.25128173800005,13.952270508000083],[104.2545166020002,13.95489501999998],[104.25732421900005,13.95648193400001],[104.26068115200007,13.957885741999974],[104.26409912100013,13.958312987999989],[104.26690673800005,13.957519531000173],[104.2700805660001,13.955078125000114],[104.27270507800017,13.952697754000098],[104.27508544900019,13.95489501999998],[104.27868652300009,13.957275391000053],[104.282470703,13.95892334000007],[104.28710937500011,13.959106445000032],[104.29089355500008,13.960083008000083],[104.29431152300009,13.95928955100004],[104.29809570300017,13.958312987999989],[104.30151367200011,13.95672607400013],[104.30487060500013,13.955688477000024],[104.30871582000003,13.955688477000024],[104.31207275400016,13.955078125000114],[104.31628418000008,13.956298828000172],[104.31988525400016,13.95672607400013],[104.323486328,13.956909180000025],[104.32708740200007,13.957702637000011],[104.33087158200004,13.958129883000026],[104.33392334000013,13.958129883000026],[104.33691406200012,13.957702637000011],[104.3406982420002,13.956298828000172],[104.34472656200012,13.954284668000128],[104.3486938480001,13.953674316000047],[104.35131835900006,13.95648193400001],[104.35351562500017,13.95928955100004],[104.3563232420002,13.96228027300009],[104.36029052700007,13.964477539000143],[104.3643188480001,13.962707520000151],[104.36889648400012,13.96112060500002],[104.37371826200007,13.96112060500002],[104.3775024410001,13.96087646500007],[104.3804931640002,13.960510254000098],[104.38391113300014,13.961914062000062],[104.38769531200018,13.961303711000085],[104.3909301760001,13.962524414000086],[104.39367675800014,13.96087646500007],[104.39648437500006,13.958679199000187],[104.3997192380001,13.956115722999982],[104.40332031200012,13.9539184570001],[104.40692138700012,13.952697754000098],[104.40850830100015,13.950317383000026],[104.41107177700013,13.94671630900018],[104.41351318400007,13.942077637000068],[104.41467285200014,13.937927246000129],[104.41632080100015,13.934875488000046],[104.41967773400017,13.936096191000047],[104.421875,13.93890380900018],[104.42529296900017,13.938476562000062],[104.4263305660001,13.935302734],[104.42492675800014,13.931701660000158],[104.42370605500014,13.92791748000002],[104.42327880900012,13.924926758000026],[104.42272949200003,13.921875000000114],[104.42089843700018,13.91912841800007],[104.41748046900017,13.916687012000011],[104.41467285200014,13.915100097999982],[104.41149902300015,13.913085937000062],[104.40789794900007,13.908874512000011],[104.40747070300006,13.904724121000072],[104.4107055660001,13.901123047000056],[104.41467285200014,13.89788818400018],[104.41711425800014,13.89569091800007],[104.4172973630001,13.891723633000026],[104.41290283200004,13.890502929999968],[104.40911865200007,13.891296387000182],[104.40307617200017,13.892700194999975],[104.39929199200009,13.891723633000026],[104.3961181640002,13.887084961000085],[104.39471435500013,13.882324219000168],[104.39331054700017,13.879516602000137],[104.39172363300014,13.876098633000026],[104.39068603500004,13.872070312000062],[104.39031982400007,13.868530273000147],[104.39331054700017,13.86688232400013],[104.39569091800018,13.864318848000153],[104.39270019500009,13.861694336000028],[104.39031982400007,13.859130859000118],[104.3897094730001,13.855529785000101],[104.38549804700017,13.853088379000042],[104.38232421900011,13.851501465000183],[104.3818969730001,13.847106934000124],[104.38153076200007,13.84307861300016],[104.38031005900007,13.840270996000129],[104.37829589800015,13.837890625000057],[104.37487793000014,13.837890625000057],[104.36889648400012,13.8386840820001],[104.36791992200011,13.835327148000147],[104.36853027300009,13.832519531000116],[104.36853027300009,13.829101562000176],[104.36749267600015,13.825683594000168],[104.36547851600011,13.822692871000072],[104.36248779300018,13.819702148000147],[104.35949707000009,13.816894531000116],[104.35827636700009,13.813476562],[104.35931396500013,13.810302734000118],[104.36132812500017,13.807922363000102],[104.36450195300006,13.80712890600006],[104.36871337900016,13.807922363000102],[104.37347412100007,13.808715820000089],[104.37768554700017,13.808898926000154],[104.38208007800006,13.80969238299997],[104.38592529300018,13.806701660000101],[104.38769531200018,13.803527832000043],[104.38909912100002,13.799499512000125],[104.39129638700012,13.795104980000133],[104.39208984400011,13.789489746000072],[104.39270019500009,13.785095215000183],[104.39410400400016,13.781677246000072],[104.39569091800018,13.779113770000038],[104.3975219730001,13.776672363000102],[104.39990234400011,13.775085449000073],[104.40252685500013,13.773315430000082],[104.40588378900003,13.771911621000015],[104.40911865200007,13.770874023000147],[104.41290283200004,13.76892089800009],[104.41491699200009,13.765502930000082],[104.41467285200014,13.761474609000118],[104.41271972700008,13.757507324000073],[104.40972900400016,13.754089355000133],[104.40832519500009,13.751281738000102],[104.40930175800014,13.74829101600011],[104.4107055660001,13.744506835999971],[104.41290283200004,13.74047851600011],[104.41650390600012,13.737915039000029],[104.42047119100016,13.735290527000075],[104.42327880900012,13.731689453000058],[104.4238891600001,13.728271484000118],[104.42590332000009,13.72509765600006],[104.42828369100016,13.720886230000133],[104.42852783200004,13.716491699000073],[104.42852783200004,13.711120605000076],[104.42968750000006,13.706481934000067],[104.43029785200008,13.702880859000118],[104.43212890600006,13.70007324200003],[104.43109130900012,13.69512939499998],[104.4293212890002,13.691284180000082],[104.4281005860002,13.687927246000129],[104.42791748000013,13.683288574000017],[104.42871093700018,13.67907714800009],[104.43048095700004,13.676513672000112],[104.43249511700009,13.674316406],[104.43969726600011,13.66967773400006],[104.44030761700009,13.653930664000143],[104.4373168950001,13.651306152000018],[104.43450927700013,13.648498534999987],[104.43267822300015,13.644470215000126],[104.43090820300006,13.640319824000187],[104.42889404300001,13.636718750000114],[104.4263305660001,13.632324219000054],[104.42529296900017,13.629516601999967],[104.42608642600015,13.626281738000046],[104.42572021500013,13.622680664000143],[104.42449951200012,13.619506836000085],[104.4251098630001,13.616271973000039],[104.42327880900012,13.61309814499998],[104.41992187500017,13.610717773000033],[104.4160766600001,13.608703612999989],[104.41192627000004,13.608093262000068],[104.40911865200007,13.60687255900001],[104.40667724600007,13.6043090820001],[104.40527343700018,13.60150146500007],[104.40350341800018,13.598876953000172],[104.40252685500013,13.595703125000114],[104.40252685500013,13.592529297000056],[104.40350341800018,13.588928223000153],[104.40527343700018,13.584106444999975],[104.40631103500004,13.580322266000167],[104.40649414100011,13.57647705100004],[104.40911865200007,13.572509766000167],[104.41107177700013,13.568115234000174],[104.40789794900007,13.564697266000167],[104.40771484400011,13.561279297000056],[104.40930175800014,13.557678223000039],[104.41772460900012,13.555297852000137],[104.42327880900012,13.554870605000076],[104.42889404300001,13.554077148000033],[104.43572998000013,13.553710937],[104.44128418000014,13.55389404300007],[104.44769287100007,13.55389404300007],[104.45330810500019,13.553527832000043],[104.45690918000014,13.552307129000042],[104.46148681600016,13.55291748000019],[104.46728515600012,13.55291748000019],[104.471679687,13.55291748000019],[104.47552490200013,13.55267334000007],[104.48010253900009,13.551879883000026],[104.48370361300016,13.551513672000056],[104.48730468700018,13.55108642600004],[104.49090576200018,13.550720215000013],[104.49707031200006,13.54852294900013],[104.4998779300002,13.549072266],[104.50347900400004,13.548095703000115],[104.50909423800016,13.54608154300007],[104.51489257800012,13.545288086000085],[104.51849365200019,13.546508789000086],[104.52307128900014,13.54608154300007],[104.52709960900017,13.545288086000085],[104.53167724600013,13.544921875000057],[104.53472900400004,13.543090819999975],[104.53771972700014,13.538696289000086],[104.54028320300012,13.535888672000056],[104.54327392600004,13.532714844000168],[104.54669189500015,13.530273437000062],[104.5499267580002,13.527893066],[104.55267334000007,13.525878906000173],[104.55749511700014,13.526306152000132],[104.56170654300007,13.524719238000102],[104.56512451200018,13.522888184000124],[104.56927490200002,13.521911621000072],[104.57312011700014,13.522094727000137],[104.5764770510001,13.5222778320001],[104.5806884770002,13.522705078000115],[104.584472656,13.523071289000086],[104.58752441400009,13.523681641000167],[104.59069824200014,13.524108887000182],[104.59472656200006,13.524108887000182],[104.59832763700018,13.523498535000101],[104.60089111300005,13.52069091800007],[104.60351562500011,13.51727294900013],[104.60791015600017,13.514526367000087],[104.6118774410001,13.512512207000043],[104.61407470700016,13.51031494100016],[104.61590576200007,13.506286621000072],[104.61889648400006,13.505493164000086],[104.6229248050002,13.506530762000125],[104.62628173800005,13.508728027000132],[104.62890625000011,13.51007080100004],[104.63208007800017,13.511474609000174],[104.63592529300013,13.51232910200008],[104.63970947300004,13.513671875000114],[104.6450805660001,13.516113281000116],[104.65008544900002,13.51672363299997],[104.65252685500008,13.518676758000026],[104.6549072270002,13.521301270000095],[104.6585083010001,13.523925781000116],[104.66168212900016,13.526123047],[104.6649169920002,13.527709961000028],[104.6682739260001,13.529724121000072],[104.67230224600019,13.531677246000129],[104.67529296900011,13.53448486300016],[104.67791748000008,13.532714844000168],[104.68029785200002,13.531127930000139],[104.68292236300005,13.52850341800007],[104.68072509800004,13.526306152000132],[104.67871093700012,13.523315430000139],[104.67712402300009,13.520324707000043],[104.67388916000004,13.51812744100016],[104.67150878900014,13.515502929999968],[104.66748046900011,13.513122559000124],[104.66467285200008,13.509277344],[104.66168212900016,13.50610351600011],[104.65789794900002,13.503906250000057],[104.65393066400014,13.500488281000116],[104.65167236300005,13.497680664000086],[104.65008544900002,13.494873047000056],[104.64892578100017,13.491699219000168],[104.6494750980001,13.48852539100011],[104.65008544900002,13.485717773000147],[104.6506958010001,13.482727051000154],[104.65087890600006,13.478881836000028],[104.64971923800005,13.473510742000087],[104.64990234400005,13.470092772999976],[104.64971923800005,13.467102051000154],[104.64770507800017,13.464721680000139],[104.64569091800013,13.461914062000176],[104.64270019500003,13.459472656000116],[104.64093017600004,13.45727539100011],[104.63928222700002,13.454895020000095],[104.6373291020002,13.45190429700017],[104.63592529300013,13.449096680000139],[104.6350708010001,13.446289062000176],[104.63427734400011,13.443481445000145],[104.6317138670002,13.440917969000111],[104.62792968700006,13.438903809000067],[104.62487793000008,13.436889648000147],[104.62207031200012,13.434509277000132],[104.61950683600008,13.432678223000153],[104.61590576200007,13.430114746000015],[104.61151123000008,13.42687988299997],[104.60711669900019,13.423889160000044],[104.60369873000008,13.421691895000095],[104.60089111300005,13.41992187500017],[104.597900391,13.41711425800014],[104.59509277300009,13.414123535000044],[104.59271240200019,13.41088867200017],[104.59130859400005,13.407714844000111],[104.58990478500016,13.40307617200017],[104.5885009770002,13.400329590000126],[104.58691406200006,13.397277832000043],[104.584472656,13.394714355000133],[104.58209228500016,13.392517090000126],[104.57928466800013,13.38928222700008],[104.57708740200002,13.387512206999986],[104.57452392600004,13.384704590000126],[104.57269287100013,13.380310059000067],[104.57147216800013,13.376892090000126],[104.57049560500008,13.373107910000044],[104.56951904300007,13.369506836000141],[104.56811523400017,13.36547851600011],[104.56707763700007,13.361694336000141],[104.56689453100017,13.357727051000097],[104.56689453100017,13.352478027000075],[104.56707763700007,13.347900391000053],[104.56750488300003,13.344482422000112],[104.56811523400017,13.341125488000046],[104.56787109400005,13.337707520000038],[104.56787109400005,13.33392334000007],[104.56787109400005,13.329895020000038],[104.56927490200002,13.326721191000047],[104.57147216800013,13.323303223000039],[104.5723266600001,13.319885254000155],[104.57147216800013,13.316528320000032],[104.56909179700006,13.312072754000155],[104.56707763700007,13.308105469000054],[104.56610107400019,13.304870605000133],[104.56512451200018,13.300476074000017],[104.56488037100013,13.296691895000038],[104.56567382800017,13.292724609],[104.56671142600004,13.289672852000024],[104.56787109400005,13.286071777000075],[104.56909179700006,13.283325195000032],[104.57067871100008,13.278930664000086],[104.57171630900018,13.273681641000053],[104.57092285200014,13.2703247070001],[104.56951904300007,13.266296387000068],[104.56787109400005,13.262695312000062],[104.565917969,13.257080078000172],[104.56549072300004,13.25311279300007],[104.56451416000016,13.249084473000039],[104.56390380900018,13.245117187000062],[104.56188964800003,13.239318847999982],[104.560302734,13.235107422000056],[104.55871581999997,13.229919434000124],[104.55731201200018,13.225708008000026],[104.5554809570001,13.221130371000072],[104.5535278320001,13.21612548800016],[104.55212402300003,13.213073730000076],[104.549072266,13.207092285000158],[104.54510498000002,13.204895020000151],[104.54071044900013,13.203674316000047],[104.53710937500006,13.202880859],[104.53192138700018,13.200927734000174],[104.52868652300003,13.200317383000026],[104.52410888700018,13.198730469000168],[104.51867675800003,13.196899414000086],[104.51428222700014,13.195678711000085],[104.51129150400004,13.194702148000033],[104.50610351600017,13.192321777000132],[104.50170898400017,13.188720703000115],[104.49670410200014,13.18487548800016],[104.49212646500018,13.184082031000173],[104.48767089800003,13.183471680000025],[104.48413085900012,13.181884766000167],[104.48187255900018,13.17987060500002],[104.47930908200004,13.176696777000188],[104.47729492200006,13.17211914100011],[104.47589111300016,13.167907715000183],[104.47430419900013,13.164123535000101],[104.47290039100011,13.160095215000013],[104.47210693400012,13.156921387000125],[104.471679687,13.153930664000029],[104.471679687,13.150512695000145],[104.47332763700012,13.14672851600011],[104.47290039100011,13.142700195000145],[104.4746704100001,13.139526367000087],[104.47369384800015,13.135681152000132],[104.47210693400012,13.131530762000125],[104.47070312500006,13.126708984000118],[104.47088623000019,13.121887207000043],[104.47131347700008,13.118103027000132],[104.471679687,13.114501953000058],[104.47192382800006,13.110900878999985],[104.471679687,13.106079102000137],[104.47088623000019,13.100891113000102],[104.4705200200001,13.097473145000095],[104.47070312500006,13.092712402000132],[104.47070312500006,13.087097168000184],[104.46990966800001,13.082702637000125],[104.4691162110002,13.07812500000017],[104.46832275399998,13.073303223000096],[104.46710205100015,13.068115234000118],[104.46630859400017,13.064086914000029],[104.4661254880001,13.060913085999971],[104.46649169900013,13.05688476600011],[104.46649169900013,13.052490234000118],[104.46551513700012,13.047912598000096],[104.46087646500001,13.049499512000125],[104.4583129880001,13.046508789000029],[104.45471191400003,13.044128418000128],[104.45367431600016,13.040283203000058],[104.45269775400004,13.035705566000104],[104.45330810500019,13.029907227000024],[104.4522705080002,13.02392578100006],[104.4534912110002,13.020507812000119],[104.45629882800006,13.017883301000097],[104.45989990200013,13.015502930000082],[104.46051025400004,13.012084960999971],[104.45867919900013,13.009277344000111],[104.45751953100012,13.006103516000053],[104.4561157230001,13.001525879000098],[104.4522705080002,13.002929687000062],[104.44873046900011,13.00170898400006],[104.44671630900012,12.998107909999987],[104.44567871100003,12.99389648400006],[104.44329834000018,12.989074706999986],[104.44012451200012,12.985900879000098],[104.43670654300018,12.984497070000032],[104.43371582000009,12.985290527000075],[104.4307250980001,12.98547363300014],[104.42749023400012,12.98608398400006],[104.42407226600011,12.986328125000114],[104.42089843700018,12.983886719000111],[104.41827392600015,12.981079102000024],[104.41589355500014,12.978271484000118],[104.41351318400007,12.974670410000044],[104.41107177700013,12.971496582000157],[104.40911865200007,12.968688965000126],[104.40771484400011,12.966125487999989],[104.40588378900003,12.963073730000133],[104.40411377000004,12.960083008000083],[104.40087890600012,12.956909180000025],[104.39691162100002,12.954711914000143],[104.39251709000013,12.955322266],[104.38867187500006,12.951293945000032],[104.38610839800015,12.948303223000039],[104.38250732400007,12.945495605000076],[104.3792724610002,12.940673828000172],[104.37731933600014,12.937316895000151],[104.37432861300005,12.936279297000112],[104.37170410200008,12.933105469000054],[104.3707275390002,12.929321289000143],[104.36853027300009,12.925903320000032],[104.36907959000018,12.922485352000024],[104.37011718700012,12.919494629000098],[104.36871337900016,12.915893555000025],[104.36730957000009,12.913085937000062],[104.36547851600011,12.909484863000046],[104.36328125,12.9050903320001],[104.36071777300009,12.901916504000042],[104.35711669900002,12.900329590000013],[104.3538818360002,12.898498535000158],[104.35107421900011,12.8953247070001],[104.3474731450001,12.897521972999982],[104.3442993160001,12.89788818400018],[104.33972168000008,12.897094726999967],[104.3342895510001,12.8953247070001],[104.32928466800018,12.891479491999974],[104.32531738300008,12.889099121000129],[104.32232666000016,12.888305664000086],[104.31988525400016,12.886291504000098],[104.31707763700012,12.88470459000007],[104.31292724600013,12.884094237999989],[104.30847168000008,12.885314941],[104.30712890600017,12.88250732400013],[104.30389404300013,12.879089355000076],[104.29949951200007,12.878906250000114],[104.29632568400018,12.87689209000007],[104.29290771500007,12.877929687],[104.28930664100005,12.877929687],[104.28509521500013,12.876098633000026],[104.28051757800017,12.87469482400013],[104.28131103500016,12.869689941000047],[104.27832031200006,12.865905762000182],[104.27471923799999,12.86492919900013],[104.27050781200006,12.866882324000187],[104.26708984400005,12.8640747070001],[104.2678833010001,12.861083984],[104.26831054700011,12.85687255900018],[104.26507568400007,12.854125977000137],[104.26171875000011,12.851318359000174],[104.25927734400005,12.848876953000115],[104.256103516,12.846130371000072],[104.2534790040001,12.842895508000026],[104.25109863300008,12.840087891000167],[104.24829101600005,12.83709716800007],[104.24609375000011,12.83428955100004],[104.24450683600008,12.83172607400013],[104.24407959000007,12.828674316000047],[104.24230957000003,12.826110840000183],[104.23931884799998,12.82250976600011],[104.23730468700006,12.819091797000056],[104.23492431600005,12.816711425999983],[104.23248291000016,12.814880371000129],[104.23291015600017,12.81170654300007],[104.2322998050002,12.808715820000145],[104.22912597700014,12.807312012000125],[104.22711181600005,12.804321289000029],[104.22888183600008,12.80133056600016],[104.2280883790001,12.798522949000073],[104.22430419900019,12.799072266000167],[104.22113037100013,12.79992675799997],[104.21948242200011,12.795898437000176],[104.21612548800016,12.794311523000147],[104.21429443400018,12.791870117000144],[104.21270752000015,12.789489746000072],[104.21130371100008,12.785888672],[104.20989990200019,12.782104492000087],[104.20587158200016,12.779724121000072],[104.20330810500002,12.783081054999968],[104.20251464800003,12.786499022999976],[104.20147705100004,12.790283203000115],[104.20068359400005,12.794494629000042],[104.20007324200014,12.798278809000124],[104.19927978500016,12.801696777000132],[104.19812011700014,12.804687500000057],[104.19689941400009,12.807312012000125],[104.19531250000006,12.81170654300007],[104.19329834000007,12.816284179999968],[104.19110107400013,12.820312500000057],[104.1895141600001,12.823486328000115],[104.1882934570001,12.826293945000145],[104.186523437,12.829895020000151],[104.18389892600004,12.833923340000183],[104.18151855500014,12.837890625000057],[104.178710937,12.842285156000173],[104.17651367200006,12.845703125000057],[104.17309570300012,12.850708008000026],[104.17089843700006,12.853881836000085],[104.16851806600016,12.857482910000158],[104.1658935550002,12.861877441000047],[104.16351318400012,12.865905762000182],[104.16088867200006,12.86932373000019],[104.15832519500015,12.872314453000115],[104.15710449200014,12.875488281000173],[104.15710449200014,12.878906250000114],[104.15612793000014,12.881896972999982],[104.15490722700014,12.886108398000033],[104.15393066400009,12.891113281000173],[104.15252685500019,12.895080566000047],[104.15167236300016,12.898071289000143],[104.15209960900017,12.901123047000056],[104.15429687500006,12.904907226999967],[104.15789794900013,12.910888672000112],[104.15869140600017,12.915893555000025],[104.1580810550002,12.919921875000114],[104.15692138700018,12.923095703000172],[104.15551757800012,12.926879883000083],[104.15393066400009,12.930725097999982],[104.152893066,12.93389892600004],[104.15167236300016,12.936706543000128],[104.15069580100004,12.939514160000158],[104.14947509799998,12.942077637000068],[104.14831543000014,12.945129395000151],[104.14611816400009,12.948303223000039],[104.14227294900013,12.94952392600004],[104.13867187500011,12.95007324200003],[104.13568115200019,12.95007324200003],[104.1339111330002,12.952514648000033],[104.13208007800012,12.956298828000172],[104.12890625000006,12.957702637000068],[104.1260986330002,12.961303711000141],[104.12469482400013,12.965087891000053],[104.1243286130001,12.968688965000126],[104.12268066400009,12.971496582000157],[104.1209106450001,12.974914551000097],[104.12072753900003,12.979125977000024],[104.12072753900003,12.983703613000046],[104.11871337900004,12.987487793000128],[104.11669921900017,12.991699219000111],[104.11608886700009,12.995300293000128],[104.1152954100001,12.999694824000017],[104.1140747070001,13.003723145000038],[104.1130981450001,13.006896973000096],[104.11230468700018,13.010498047000112],[104.11151123000019,13.013671875],[104.11029052700013,13.017883301000097],[104.10791015600012,13.023315430000082],[104.10607910200014,13.028686523000147],[104.10510253900009,13.032897949000073],[104.10412597700008,13.035705566000104],[104.10290527300015,13.038879395000095],[104.1019287110002,13.042297363000102],[104.1008911130001,13.04547119100016],[104.0996704100001,13.048278809000067],[104.09869384800015,13.051086426000154],[104.0974731450001,13.054321289000029],[104.09613037100002,13.058288574000073],[104.09527587900004,13.06127929700017],[104.0941162110002,13.064086914000029],[104.09210205100015,13.068298340000126],[104.09069824200009,13.071716309000067],[104.08929443400012,13.074523926000097],[104.08691406200018,13.078918456999986],[104.0850830080002,13.08251953100006],[104.08349609400017,13.086120605000133],[104.08172607400007,13.089294434000124],[104.08007812500006,13.09252929700017],[104.07812500000017,13.095275879000042],[104.07629394500015,13.097473145000095],[104.07452392600015,13.10070800800014],[104.0733032230001,13.105529785000044],[104.07049560500013,13.107910156000116],[104.06811523400012,13.11187744100016],[104.06628418000014,13.114929199000073],[104.06372070300006,13.118896484000118],[104.06048584000018,13.123901367000087],[104.0579223630001,13.127929687000176],[104.05529785200008,13.131713867000087],[104.0531005860002,13.134094238000102],[104.05029296900011,13.13732910200008],[104.0477294920002,13.140686035000101],[104.0452880860002,13.143493652000132],[104.0422973630001,13.146911621000072],[104.0388793950001,13.15112304700017],[104.03607177700013,13.154296875000057],[104.03387451200012,13.156921387000125],[104.03192138700007,13.15948486300016],[104.03009033200004,13.161926270000095],[104.02752685500013,13.165100098000153],[104.02392578100006,13.168090820000145],[104.02069091800018,13.170288086000085],[104.01751709000013,13.173095703000115],[104.01269531200012,13.176513672],[104.00872802700007,13.179077148000033],[104.00512695300017,13.181701660000101],[104.00231933600014,13.18328857400013],[103.9989013670002,13.18572998000019],[103.9946899410001,13.1882934570001],[103.99108886700003,13.190490722999982],[103.9868774410001,13.193115234000174],[103.9827270510001,13.194702148000033],[103.97967529300018,13.195312500000057],[103.97650146500013,13.19549560500002],[103.97308349600019,13.195129395000095],[103.96990966800013,13.194885254000042],[103.96649169900002,13.196289062000062],[103.96368408200016,13.197692871000129],[103.9605102540001,13.199707031000116],[103.95672607400019,13.202514648000033],[103.95190429700011,13.204711914000086],[103.94769287100019,13.206298828000115],[103.94427490200007,13.208496094],[103.94091796900005,13.209716797000056],[103.93792724600013,13.210083008000026],[103.93487548800005,13.21112060500019],[103.9302978520002,13.209106444999975],[103.92590332000003,13.210083008000026],[103.92291259800004,13.211303711000085],[103.92028808600014,13.213073730000076],[103.91729736300005,13.2136840820001],[103.91448974600019,13.212524414000086],[103.91131591800013,13.211303711000085],[103.90710449200014,13.211486816000047],[103.90429687500011,13.213073730000076],[103.90209960900006,13.215087891000167],[103.89910888700001,13.217895508000026],[103.89550781200006,13.21990966800007],[103.89129638700007,13.221130371000072],[103.88708496100008,13.220703125000114],[103.88348388700007,13.219726562],[103.87951660200014,13.221679687000062],[103.87707519500003,13.223510742000144],[103.873291016,13.225524902000188],[103.86968994100005,13.227111816],[103.86712646500001,13.22827148400006],[103.86328125000011,13.230102539000086],[103.85888671900005,13.231323242000144],[103.85528564500015,13.231323242000144],[103.85131835900017,13.230712891000167],[103.84588623000008,13.229492187000062],[103.84228515600017,13.227905273000033],[103.83892822300015,13.228881836000085],[103.83630371100008,13.230529785000101],[103.8331298830002,13.232910156000173],[103.82928466800007,13.235107422000056],[103.82629394499997,13.23608398400006],[103.82171630900012,13.236694336000085],[103.81652832000015,13.236694336000085],[103.8132934570001,13.235900879000098],[103.809326172,13.23608398400006],[103.80590820300012,13.237487793000128],[103.80230712900004,13.240112305000025],[103.79907226600017,13.242675781],[103.79510498000019,13.243103027000188],[103.79187011700014,13.241882324000187],[103.78887939500015,13.242675781],[103.78509521500018,13.242919922000056],[103.78167724600013,13.241699219000054],[103.77789306600016,13.242675781],[103.77490234400017,13.244873047000112],[103.77331543000014,13.247314453000115],[103.76849365200013,13.248291016],[103.76428222700014,13.249084473000039],[103.76007080100004,13.250122069999975],[103.75592041000004,13.25189209000007],[103.75152587900016,13.252685547000112],[103.74829101600011,13.25311279300007],[103.7457275390002,13.255126953000115],[103.74230957000009,13.256713867000144],[103.7379150390002,13.258300781000173],[103.7324829100001,13.260070801000097],[103.7271118160001,13.261901855000076],[103.72387695300006,13.263305664000143],[103.720703125,13.264099121000129],[103.71710205100015,13.263305664000143],[103.71508789100011,13.260314941000047],[103.71667480500014,13.256103516],[103.7139282230001,13.257080078000172],[103.71087646500018,13.26147460900006],[103.70770263700012,13.264282227000024],[103.70648193400012,13.26751709000007],[103.70410156200018,13.27130126999998],[103.70147705100015,13.273498535000158],[103.69848632800006,13.276123047000056],[103.69427490200013,13.27868652300009],[103.6904907230001,13.281494141000053],[103.68707275399998,13.28350830100004],[103.68328857400007,13.286071777000075],[103.67791748000013,13.284729004000098],[103.6782836910001,13.281311035000158],[103.67510986300005,13.278503418000128],[103.67211914100005,13.276306152000018],[103.66949462900016,13.274719237999989],[103.66711425800014,13.276306152000018],[103.66430664100005,13.278930664000086],[103.66168212900016,13.283325195000032],[103.65747070300006,13.28491210900006],[103.65490722700002,13.286315918000128],[103.65307617200017,13.289123535000158],[103.64929199200003,13.290893555000025],[103.64611816400014,13.293273926000097],[103.64312744100005,13.29412841800007],[103.6395263670002,13.29290771500007],[103.63568115200007,13.293273926000097],[103.63208007800006,13.2957153320001],[103.62768554700011,13.297912598000039],[103.6240844730001,13.297912598000039],[103.62048339800009,13.29632568400018],[103.61669921900011,13.2957153320001],[103.61370849600019,13.295288086000141],[103.61047363300014,13.292297363000046],[103.60650634800004,13.293884277000075],[103.60327148400012,13.295471191000104],[103.5999145510001,13.293884277000075],[103.5963134770002,13.293884277000075],[103.59289550800008,13.29412841800007],[103.5897216800002,13.29687500000017],[103.58691406200006,13.300476074000017],[103.58587646500013,13.30407714800009],[103.58410644500003,13.307312012000068],[103.58227539100005,13.310119629000098],[103.58007812500017,13.31390380900001],[103.57470703100017,13.312927246000129],[103.57171630900018,13.313293457000157],[103.56872558600008,13.312927246000129],[103.56652832000003,13.310485840000126],[103.56329345700016,13.31030273400006],[103.56072998000002,13.311523437000062],[103.55828857400019,13.313476562000119],[103.55670166000016,13.316528320000032],[103.5565185550002,13.319885254000155],[103.5565185550002,13.323486328],[103.5535278320001,13.32727050800014],[103.55310058600008,13.331909180000082],[103.5487060550002,13.33447265600006],[103.54290771500007,13.33728027300009],[103.53729248000008,13.338317871000186],[103.53210449200014,13.339294434000067],[103.52850341800007,13.340881348000096],[103.52770996100008,13.344482422000112],[103.52691650400004,13.348083496000186],[103.52307128900014,13.350280762000125],[103.51831054700006,13.350891113000046],[103.51330566400009,13.351684570000089],[103.50952148400017,13.352478027000075],[103.50610351600017,13.352722168000128],[103.50207519500003,13.351074219000111],[103.4981079100001,13.348327637000068],[103.49371337900004,13.344482422000112],[103.48870849600013,13.346130371000129],[103.48468017600004,13.348327637000068],[103.48132324200009,13.35131835900006],[103.47711181600016,13.353698730000133],[103.47369384800015,13.351074219000111],[103.4705200200001,13.34851074200003],[103.46710205100004,13.346313477000024],[103.46307373000002,13.346496582000157],[103.45928955100004,13.348693848000096],[103.4558715820001,13.353271484000118],[103.45129394500015,13.35351562500017],[103.44891357400013,13.35607910200008],[103.44549560500019,13.355895996000186],[103.44311523400017,13.357727051000097],[103.44049072300015,13.360107422000112],[103.4373168950001,13.358520508000083],[103.43487548800016,13.361083984000118],[103.4307250980001,13.362304687000119],[103.42669677700013,13.362670898000147],[103.42492675800014,13.364929199000187],[103.42272949200009,13.367492676000097],[103.41949462900004,13.36828613300014],[103.4160766600001,13.36828613300014],[103.41491699200009,13.371520996000186],[103.4138793950001,13.375915527000075],[103.4119262700001,13.379272461000028],[103.41229248000019,13.38391113300014],[103.41168212900004,13.388122559000067],[103.41009521500018,13.390686035000044],[103.40911865200013,13.393493652000075],[103.40692138700012,13.397888184000067],[103.40307617200006,13.401123047000112],[103.4027099610002,13.405090332000043],[103.40051269500009,13.408508301000097],[103.39727783200004,13.411071777000132],[103.39447021500018,13.413696289000029],[103.39392089800015,13.41870117200017],[103.39410400399998,13.423889160000044],[103.39587402299998,13.427673340000183],[103.39788818400012,13.431518555000082],[103.40069580100015,13.435729980000133],[103.4014892580002,13.440917969000111],[103.40209960900012,13.445678711000028],[103.4027099610002,13.449707031000116],[103.4039306640002,13.453491211000028],[103.40649414100011,13.456726074000073],[103.40911865200013,13.45867919900013],[103.41290283200004,13.461914062000176],[103.4138793950001,13.465698242000087],[103.41107177700019,13.46789550799997],[103.40692138700012,13.470275879000042],[103.40307617200006,13.471496582000043],[103.40032959000013,13.47570800799997],[103.40252685500013,13.479309082000043],[103.40228271500018,13.483703613000102],[103.40130615200013,13.486694336000028],[103.40350341800001,13.489318848000096],[103.40252685500013,13.493530273000147],[103.4039306640002,13.497924805000139],[103.40710449200009,13.494873047000056],[103.40789794900013,13.499084473000153],[103.41210937500006,13.500671387000182],[103.40972900400016,13.503295897999976],[103.41070556600016,13.506713867000087],[103.4093017580002,13.509277344],[103.40692138700012,13.510925293000014],[103.40551757800006,13.513671875000114],[103.40710449200009,13.517089844],[103.41027832000015,13.51812744100016],[103.41290283200004,13.52069091800007],[103.41369628900009,13.524902344000168],[103.41369628900009,13.528930664000086],[103.41772460900012,13.530517578000115],[103.41510009800015,13.533691406000173],[103.41650390600012,13.536682129000042],[103.41528320300012,13.540527344000168],[103.41790771500018,13.543090819999975],[103.41650390600012,13.545898437000062],[103.41412353500004,13.548889160000158],[103.41027832000015,13.551513672000056],[103.4119262700001,13.55609130900018],[103.41430664100011,13.559082031000173],[103.41369628900009,13.561889648000033],[103.4093017580002,13.561523437],[103.40667724600007,13.563476562000062],[103.40850830100015,13.566528320000145],[103.40570068400012,13.567077637000011],[103.40307617200006,13.569274902000018],[103.40588378900009,13.570678711000085],[103.40911865200013,13.570678711000085],[103.41308593700018,13.5711059570001],[103.41528320300012,13.574279785000158],[103.41632080100015,13.579101562000062],[103.4119262700001,13.57647705100004],[103.40808105500014,13.578674316000047],[103.40808105500014,13.582519531000173],[103.41229248000019,13.58331298800016],[103.4105224610002,13.585693359],[103.40771484400017,13.587524414000086],[103.40472412100007,13.588073730000076],[103.40429687500006,13.591491699000187],[103.40850830100015,13.593872070000032],[103.41290283200004,13.594299316000047],[103.41491699200009,13.597290039000143],[103.41412353500004,13.601074219000054],[103.410888672,13.603088379000098],[103.40710449200009,13.604492187000062],[103.40850830100015,13.608703612999989],[103.40710449200009,13.611694336000085],[103.40167236300016,13.6121215820001],[103.39910888700012,13.607910156000173],[103.39532470700004,13.60931396500007],[103.39807128900009,13.6121215820001],[103.39788818400012,13.615295410000158],[103.3948974610002,13.618103027000018],[103.39172363300014,13.619689941000047],[103.39031982400007,13.622314453000115],[103.39392089800015,13.623107910000158],[103.3963012700001,13.625671387000068],[103.39550781200018,13.63031005900018],[103.39727783200004,13.63311767600004],[103.40051269500009,13.633300781],[103.405273437,13.631713866999974],[103.40771484400017,13.633483887000068],[103.40509033200004,13.635681152000075],[103.40472412100007,13.639709473000039],[103.40228271500018,13.641723633000083],[103.39831543000014,13.642272949000017],[103.39648437500006,13.646118164000143],[103.39929199200009,13.64929199200003],[103.40167236300016,13.651489258000083],[103.40087890600012,13.655090332000157],[103.40332031200018,13.657287598000039],[103.40612793000014,13.659301758000083],[103.40649414100011,13.663696288999972],[103.4093017580002,13.665527344000054],[103.41351318400012,13.668090820000032],[103.41351318400012,13.672119141000053],[103.41772460900012,13.672729491999974],[103.42132568400012,13.67468261700003],[103.42327880900012,13.677917480000076],[103.4281005860002,13.679870605000133],[103.4329223630001,13.681884766000053],[103.43511962900004,13.684875488000046],[103.43768310500019,13.68688964800009],[103.43927002000015,13.69030761700003],[103.43792724600007,13.693481445000089],[103.43450927700013,13.694519043000128],[103.43231201200012,13.696472168000184],[103.43011474600007,13.700500488000046],[103.42852783200004,13.70507812500017],[103.42449951200018,13.706481934000067],[103.4216918950001,13.708679199000073],[103.42132568400012,13.712707520000038],[103.42309570300012,13.715881348000096],[103.42211914100011,13.718688965000126],[103.42089843700018,13.722900391000053],[103.42431640600012,13.722900391000053],[103.42767334000001,13.724914551000097],[103.42492675800014,13.727478027000132],[103.4216918950001,13.729492187000119],[103.42248535200014,13.733703613000046],[103.42572021500018,13.733093262000125],[103.42871093700018,13.73632812500017],[103.4251098630001,13.73632812500017],[103.42248535200014,13.733703613000046],[103.41949462900004,13.736877441000104]]]}},{"type":"Feature","properties":{"adm1_name":"Stung Treng","adm1_name1":null,"adm1_name2":null,"adm1_name3":null,"adm1_pcode":"KH19","adm0_name":"Cambodia","adm0_name1":null,"adm0_name2":null,"adm0_name3":null,"adm0_pcode":"KH","valid_on":"2018-10-04","valid_to":null,"area_sqkm":12021.2850163,"version":"v01","lang":"en","lang1":null,"lang2":null,"lang3":null,"adm1_ref_name":"Stung Treng","center_lat":13.85299683,"center_lon":106.08955073},"geometry":{"type":"Polygon","coordinates":[[[106.54290771500018,14.593322754000042],[106.54571533200004,14.59112548800016],[106.54730224600007,14.585083008000026],[106.54827880900012,14.5808715820001],[106.54870605500014,14.577697754000042],[106.54949951200018,14.57391357400013],[106.55328369100016,14.570678711000085],[106.55468750000006,14.567871094000054],[106.55767822300015,14.565490723000153],[106.5584716800002,14.560913086000028],[106.5584716800002,14.556518555000139],[106.5584716800002,14.553527832000043],[106.55889892599998,14.54992675799997],[106.5623168950001,14.547485352000137],[106.56268310500019,14.54229736300016],[106.56152343700018,14.538879395000151],[106.5632934570001,14.535095215000183],[106.56567382800012,14.530700684000124],[106.56890869100016,14.528076172000056],[106.57092285200008,14.524108887000125],[106.5701293950001,14.52008056600016],[106.56768798800016,14.516113281000116],[106.5662841800002,14.512512207000043],[106.56311035200014,14.510925293000184],[106.56268310500019,14.507507324000073],[106.5625,14.504272461000028],[106.56512451200012,14.500915527000132],[106.56848144500015,14.500488281000116],[106.57147216800007,14.500305176000154],[106.5742797850001,14.501892090000183],[106.57690429700006,14.503295898000147],[106.57989502000015,14.505493164000086],[106.58331298800016,14.507080078000115],[106.58630371100003,14.505676270000095],[106.58947753900009,14.508300781000116],[106.59411621100003,14.507507324000073],[106.5964965820001,14.505920410000044],[106.60028076200018,14.506713867000087],[106.60089111300016,14.502319336000028],[106.60247802700019,14.499511719000111],[106.60351562500006,14.495727539000029],[106.60827636700014,14.495727539000029],[106.61267089800003,14.497070312],[106.61309814500015,14.493103027000132],[106.61352539100017,14.489929199000073],[106.6151123050002,14.487304687000176],[106.61590576200018,14.48291015600006],[106.61370849600013,14.479492187000176],[106.61370849600013,14.47570800800014],[106.6151123050002,14.470886230000133],[106.61572265600012,14.46789550800014],[106.61791992200006,14.464477539000029],[106.62072753900009,14.461914062000119],[106.62127685500008,14.458679199000073],[106.62591552700019,14.458496094000111],[106.6284790040001,14.456115723000096],[106.62872314500015,14.452880859000118],[106.62988281200006,14.449279785000044],[106.6309204100001,14.445678711000028],[106.6339111330002,14.445129395000038],[106.63690185500002,14.446716309000067],[106.6405029300002,14.448486328000058],[106.6453247070001,14.447692871000015],[106.65032959000001,14.44812011700003],[106.65472412100013,14.448303223000096],[106.65887451200007,14.449279785000044],[106.66210937500011,14.447692871000015],[106.66052246100008,14.443725586000141],[106.66369628900014,14.439270020000095],[106.6682739260001,14.43811035200008],[106.67150878900014,14.437316895000038],[106.67529296900005,14.436096191000104],[106.67889404300013,14.432922363000046],[106.68292236300016,14.433715820000089],[106.68670654300013,14.431518555000082],[106.69012451200001,14.429077148000147],[106.6948852540001,14.428527832000157],[106.69989013700007,14.429870605000133],[106.70471191400014,14.428527832000157],[106.70690918000003,14.42431640600006],[106.71032714800003,14.423522949000017],[106.71368408200016,14.422912598000096],[106.7169189450002,14.422302246000186],[106.71990966800013,14.423522949000017],[106.72088623000008,14.42712402300009],[106.72271728500016,14.430908203],[106.72570800800008,14.43469238300014],[106.73010253900014,14.434875488000102],[106.73352050800008,14.433105469000111],[106.73632812500011,14.431091309000067],[106.73968505900007,14.429870605000133],[106.74267578100006,14.428100585999971],[106.7437133790001,14.425292969000111],[106.7437133790001,14.421875],[106.74627685500013,14.418701172000112],[106.7489013670002,14.416076660000044],[106.74871826200007,14.411926270000038],[106.7501220700002,14.408508301000097],[106.75268554700011,14.405883789000029],[106.75488281200012,14.40307617200017],[106.75708007800006,14.39929199200003],[106.7567138670002,14.395690918000184],[106.75488281200012,14.393493652000075],[106.75408935500013,14.390502930000082],[106.75512695300017,14.386901855000076],[106.75531005900007,14.383911133000083],[106.75292968700006,14.377929687000062],[106.74969482400002,14.370300293000128],[106.74951171900005,14.365112305000025],[106.7476806640002,14.362304687000119],[106.74707031200012,14.346923828000172],[106.74688720700016,14.333496094000054],[106.74707031200012,14.322082520000038],[106.7476806640002,14.314514160000158],[106.74810790999999,14.311279297000112],[106.74810790999999,14.30792236300016],[106.74792480500003,14.304687500000114],[106.74847412100019,14.296875000000114],[106.7489013670002,14.29187011700003],[106.74932861300005,14.288085937000062],[106.7501220700002,14.281677246000129],[106.7501220700002,14.277709961000085],[106.75048828100006,14.273925781000116],[106.75109863300008,14.270080566000047],[106.75170898400006,14.266296387000011],[106.75231933600014,14.2625122070001],[106.75268554700011,14.258728027000132],[106.75329589800009,14.254882812000062],[106.75390625000017,14.250915527000188],[106.75390625000017,14.247314453000115],[106.75469970700016,14.243530272999976],[106.75653076200007,14.240295410000101],[106.75952148400006,14.235900879000042],[106.75927734400011,14.230895996000129],[106.75830078100006,14.226684569999975],[106.75750732400002,14.222717285000101],[106.75628662100019,14.217285156000173],[106.75427246100014,14.213317871000072],[106.75311279300013,14.210327148000147],[106.75329589800009,14.206298828000115],[106.75311279300013,14.202880859000174],[106.75268554700011,14.199523926000154],[106.75231933600014,14.19592285200008],[106.75231933600014,14.192321777000132],[106.75231933600014,14.189086914000086],[106.75207519500009,14.183898925999983],[106.75189209000013,14.180908203000058],[106.7515258790001,14.177673340000013],[106.7515258790001,14.173706055000139],[106.75207519500009,14.17010498000019],[106.75329589800009,14.167480469000168],[106.75531005900007,14.164916992000087],[106.7581176760001,14.162475586000028],[106.75970459000013,14.159729004000155],[106.76147460900012,14.154724121000015],[106.764892578,14.146484375000057],[106.76928710900012,14.136108398000147],[106.77368164100011,14.125488281000116],[106.77990722700002,14.109680176000154],[106.78112793000008,14.106506348000096],[106.78369140600006,14.099670410000101],[106.78631591800013,14.091491699000073],[106.78790283199999,14.086730957000157],[106.78912353500004,14.082885742000087],[106.78930664100005,14.077697754000155],[106.78851318400007,14.072692871000015],[106.78668212900016,14.068481445000089],[106.7844848630001,14.064880371000015],[106.78112793000008,14.060119629000098],[106.77832031200012,14.056518555000082],[106.7756958010001,14.05212402300009],[106.77172851600005,14.046508788999972],[106.76770019500009,14.041076660000044],[106.76550293000008,14.038330078000172],[106.76208496100014,14.03369140600006],[106.75830078100006,14.028076172000112],[106.75567627000004,14.025695801000097],[106.7525024410001,14.023071289000029],[106.74932861300005,14.021118164000143],[106.74487304700017,14.019897461000141],[106.74169921900011,14.020324707000157],[106.73828125000017,14.01928710900006],[106.73492431600005,14.01928710900006],[106.73150634800004,14.01928710900006],[106.72808837900016,14.016906738000046],[106.72607421900011,14.014526366999974],[106.72332763700007,14.01367187500017],[106.71948242200011,14.012512207000157],[106.71551513700007,14.010681152000075],[106.71270751999998,14.00811767600004],[106.7105102540001,14.006286621000186],[106.70770263700007,14.005126953000172],[106.7056884770002,14.00170898400006],[106.70330810500008,13.997924805000025],[106.69927978499999,13.996276855000076],[106.69567871100014,13.995117187000062],[106.69232177700019,13.997070312000119],[106.68847656200012,13.998474121000186],[106.6851196290001,13.998291016000053],[106.68212890600017,13.997070312000119],[106.67687988300008,13.995727539000143],[106.67309570300017,13.995300293000128],[106.66888427700002,13.996704102000024],[106.66632080100004,13.994689941000047],[106.66247558600014,13.99108886700003],[106.65887451200007,13.988708496000129],[106.6550903320001,13.986694336000141],[106.65112304700006,13.986877441000104],[106.64807128900014,13.98767089800009],[106.64447021500007,13.989501953000172],[106.64129638700001,13.990112305000025],[106.63769531200006,13.99108886700003],[106.63372802700019,13.992309570000032],[106.63012695300012,13.994079590000126],[106.62567138700007,13.993713379000098],[106.62127685500008,13.993286133000083],[106.61651611300016,13.992309570000032],[106.61767578100017,13.987915039000143],[106.616699219,13.984680176000097],[106.61590576200018,13.981872559000067],[106.6140747070001,13.9793090820001],[106.61248779300007,13.976074219000054],[106.61291503900009,13.972900391],[106.61431884800015,13.968078613000046],[106.61572265600012,13.965270996000186],[106.61627197300004,13.962524414000086],[106.61688232400019,13.958679199000187],[106.61791992200006,13.9539184570001],[106.61828613300003,13.950683594000054],[106.61889648400017,13.947875977000024],[106.61828613300003,13.944702148000033],[106.61950683600008,13.94171142600004],[106.62249755900018,13.9382934570001],[106.62609863300003,13.934692383000083],[106.62530517600004,13.930725098000153],[106.62609863300003,13.926696777000188],[106.6270751950002,13.922912597999982],[106.62652587900004,13.92010498000002],[106.62548828100017,13.916503906000173],[106.62432861300016,13.91131591800007],[106.62512207000015,13.906494141000167],[106.62652587900004,13.901672362999989],[106.62829589800003,13.898925781000116],[106.6309204100001,13.89672851600011],[106.63330078100017,13.89471435500019],[106.63568115200019,13.89190673800016],[106.63732910200014,13.888671875000114],[106.63671875000006,13.884887694999975],[106.6348876950002,13.880676270000151],[106.63287353500016,13.876098633000026],[106.63153076200018,13.87127685500002],[106.63250732400013,13.867126465000183],[106.63409423800016,13.862670898000033],[106.63732910200014,13.860900879000042],[106.64093017600004,13.860107422],[106.64190673800016,13.85711669900013],[106.64489746100008,13.856323242000087],[106.64807128900014,13.85467529300007],[106.65032959000001,13.851318359000118],[106.64892578100017,13.848327637000125],[106.64971923800016,13.845092772999976],[106.6505126950002,13.842285156000116],[106.652099609,13.838500977000137],[106.6550903320001,13.837280273000033],[106.65808105500003,13.83807373000019],[106.66070556600005,13.834289550999983],[106.66387939499998,13.829895020000095],[106.66088867200011,13.825073242000144],[106.65808105500003,13.823120117000087],[106.65667724600013,13.82049560500019],[106.65551757800012,13.817687988000102],[106.65393066400009,13.814086914000086],[106.65350341800007,13.810302734000118],[106.65350341800007,13.806274414000086],[106.65429687500011,13.80328369100016],[106.65527343700006,13.800292969000168],[106.65692138700018,13.797302246000072],[106.65869140600017,13.794128418000184],[106.659912109,13.791076660000101],[106.66088867200011,13.788085937000176],[106.66131591800007,13.785095215000183],[106.66333007800012,13.782897949000073],[106.66333007800012,13.779296875],[106.66192627000015,13.77392578100006],[106.65930175800008,13.768493652000132],[106.65728759800004,13.764709473000096],[106.65332031200006,13.759704590000126],[106.64691162100013,13.752929687000119],[106.64569091800013,13.749084473000096],[106.64331054700006,13.746520996000186],[106.6392822270002,13.744689941000104],[106.63647460900006,13.741699219000111],[106.63507080100004,13.739074707000043],[106.63372802700019,13.735900879000155],[106.63452148400017,13.732116699000017],[106.63287353500016,13.726928711000141],[106.63189697299998,13.721496581999986],[106.62927246100008,13.71789550800014],[106.62670898400017,13.715270996000015],[106.62432861300016,13.713073730000133],[106.62127685500008,13.709899902000075],[106.61987304700006,13.706115723000039],[106.61767578100017,13.703125000000114],[106.61450195300012,13.70092773400006],[106.61071777300003,13.698913574000017],[106.60650634800015,13.696899413999972],[106.60351562500006,13.692871094000111],[106.59887695300012,13.690490723000096],[106.594299316,13.688293457000157],[106.58929443400012,13.68688964800009],[106.58630371100003,13.683105469000054],[106.58227539100017,13.682678223000096],[106.57867431600005,13.682922363000046],[106.57409668000014,13.682922363000046],[106.56988525400004,13.682128906],[106.56671142600015,13.680480956999986],[106.5623168950001,13.678100586000141],[106.55889892599998,13.67572021500007],[106.55468750000006,13.673522949000187],[106.5501098630001,13.672912598000039],[106.54608154300007,13.67187500000017],[106.54028320300012,13.670898437000119],[106.53527832000015,13.670715332000157],[106.53088378900009,13.670288086000141],[106.53070068400012,13.621093750000114],[106.52990722700008,13.599670409999987],[106.530273437,13.575927734000174],[106.53167724600007,13.553100586000085],[106.53808593700018,13.55267334000007],[106.54150390600012,13.551879883000026],[106.54571533200004,13.549682617000144],[106.5488891600001,13.547485351999967],[106.55249023400017,13.544921875000057],[106.55511474600007,13.541320800999983],[106.55651855500014,13.5379028320001],[106.55810546900017,13.533508300999983],[106.56030273400017,13.529907227000137],[106.5623168950001,13.527099609000174],[106.56469726600017,13.524719238000102],[106.5675048830002,13.522094727000137],[106.57031250000006,13.518676758000026],[106.57208252000015,13.514892578000115],[106.57452392600015,13.512084961000085],[106.57409668000014,13.506896973000153],[106.57348632800012,13.503112793000014],[106.57391357400013,13.498901367000087],[106.57489013700018,13.494323730000133],[106.57708740200019,13.490295410000101],[106.57867431600005,13.486877441],[106.58068847700014,13.48352050799997],[106.58251953100012,13.47869873000019],[106.58410644500015,13.474487305000139],[106.58569335900017,13.47131347700008],[106.58911132800012,13.46752929700017],[106.59149169900013,13.463684082000043],[106.59307861300016,13.460327148000147],[106.59448242200006,13.45751953100006],[106.5964965820001,13.453918457000043],[106.59832763700018,13.449279785000101],[106.59808349600013,13.445495605000133],[106.60028076200018,13.441528320000089],[106.6007080080002,13.438476562000176],[106.603271484,13.437316895000038],[106.6055297850001,13.43469238299997],[106.60809326200018,13.432678223000153],[106.61071777300003,13.430480957000043],[106.61248779300007,13.427307129000155],[106.6121215820001,13.423095703000058],[106.61370849600013,13.418090820000089],[106.611083984,13.414489746000072],[106.60931396500001,13.41088867200017],[106.60748291000016,13.408081055000139],[106.60491943400012,13.405883789000029],[106.60528564500015,13.40148925800014],[106.6072998050002,13.397277832000043],[106.61047363300008,13.396728516000053],[106.61169433600008,13.392700195000089],[106.61431884800015,13.390319824000017],[106.61810302700019,13.389099121000015],[106.62207031200006,13.387878418000184],[106.62127685500008,13.385070801000154],[106.62109375000011,13.380310059000067],[106.62091064500015,13.37609863300014],[106.62329101600017,13.373474121000015],[106.62689209000007,13.37109375000017],[106.62512207000015,13.366271973000096],[106.62567138700007,13.362915038999972],[106.62731933600008,13.35913085900006],[106.62628173799999,13.354309082000157],[106.62512207000015,13.349914551000097],[106.6248779300002,13.346496582000157],[106.62207031200006,13.344726562000062],[106.61853027299998,13.34350585900006],[106.61572265600012,13.342529297000112],[106.61248779300007,13.341918945000032],[106.60888671900005,13.341125488000046],[106.60913085900017,13.337524414000143],[106.60931396500001,13.333312988000046],[106.60949707000015,13.329284668000128],[106.61047363300008,13.32611084000007],[106.60809326200018,13.322875977000024],[106.60449218700006,13.31970214800009],[106.60089111300016,13.319091797000112],[106.59851074200014,13.320922852000024],[106.59588623000002,13.323120116999974],[106.5928955080002,13.325500488000046],[106.58947753900009,13.32788085900006],[106.58551025400004,13.329895020000038],[106.58190918000014,13.332092285000044],[106.57751464799998,13.333129883000083],[106.57330322300015,13.334716797000112],[106.57067871100008,13.33789062500017],[106.56848144500015,13.339904784999987],[106.56652832000015,13.342102051000097],[106.56372070300006,13.344726562000062],[106.5609130860002,13.347473145000038],[106.55810546900017,13.350524902000075],[106.55328369100016,13.351074219000111],[106.54968261700014,13.350708008000083],[106.54510498000019,13.350708008000083],[106.54168701200018,13.349670410000044],[106.53869628900009,13.348876953000058],[106.53387451200018,13.348083496000186],[106.53051757800006,13.348876953000058],[106.52728271500018,13.349304199000017],[106.52429199200009,13.349304199000017],[106.52008056600016,13.351501465000126],[106.51647949200009,13.353881835999971],[106.5120849610002,13.355285645000038],[106.50988769500015,13.35913085900006],[106.50708007800006,13.362487793000184],[106.50408935500019,13.36608886700003],[106.50189209000018,13.36853027300009],[106.49969482400007,13.371276855000133],[106.49652099600002,13.374877930000082],[106.49353027300009,13.37768554700017],[106.49047851600011,13.380310059000067],[106.48687744100016,13.382690430000082],[106.48413085900012,13.384277344000111],[106.48052978500004,13.38610839800009],[106.47570800800014,13.388122559000067],[106.47131347700008,13.38928222700008],[106.46630859400011,13.390930176000097],[106.46228027300015,13.392700195000089],[106.45788574200009,13.395080566000104],[106.45312500000017,13.397705078000058],[106.4495239260001,13.399719238000046],[106.44671630900007,13.40148925800014],[106.43591308600014,13.408081055000139],[106.42510986300005,13.41467285200008],[106.41992187500017,13.41711425800014],[106.40429687500017,13.41467285200008],[106.39367675800014,13.410095215000126],[106.39007568400007,13.40869140600006],[106.38708496100014,13.407470703000058],[106.38427734400011,13.406677246000072],[106.38049316400014,13.405517578],[106.37731933600008,13.404479980000133],[106.37451171900005,13.403930663999972],[106.37109375000017,13.403320312000119],[106.3660888670002,13.402526855000133],[106.35870361300005,13.401306152000075],[106.350097656,13.400085449000073],[106.33709716800013,13.399475098000096],[106.33312988300003,13.399291992000087],[106.32867431600005,13.399902344000111],[106.32489013700007,13.400329590000126],[106.32128906200006,13.400695801000154],[106.31610107400019,13.402099609000118],[106.31250000000011,13.403686523000147],[106.30908203100017,13.405273437000176],[106.30627441400014,13.40710449200003],[106.30249023400006,13.40649414100011],[106.29931640600017,13.404113770000038],[106.29730224600013,13.400085449000073],[106.29229736300016,13.40148925800014],[106.28930664100017,13.40307617200017],[106.28509521500007,13.402526855000133],[106.28192138700018,13.401916504000155],[106.278320312,13.40307617200017],[106.27392578100012,13.403686523000147],[106.26971435500019,13.403930663999972],[106.26647949200014,13.405517578],[106.26007080100004,13.398071289000029],[106.2537231450001,13.392089844000111],[106.24548339800003,13.393493652000075],[106.24353027300015,13.390930176000097],[106.24108886700014,13.387878418000184],[106.23950195300012,13.38330078100006],[106.2390747070001,13.379272461000028],[106.23931884800015,13.374328613000046],[106.23889160200014,13.369689941000104],[106.23651123000019,13.367919922000112],[106.22552490200013,13.362670898000147],[106.22131347700014,13.360900879000155],[106.21771240200013,13.36047363300014],[106.21331787100007,13.361511230000076],[106.20788574200014,13.362487793000184],[106.20288085900017,13.36047363300014],[106.19989013700018,13.361877441000104],[106.1970825200001,13.363098145000038],[106.19451904300018,13.365112305000082],[106.19171142600015,13.366271973000096],[106.18792724600007,13.367492676000097],[106.18408203100012,13.367309570000089],[106.18048095700004,13.366516113000046],[106.1768798830002,13.367126465000126],[106.17248535200014,13.368103027000075],[106.16809082000015,13.368713379000155],[106.16448974600007,13.369506836000141],[106.16107177700013,13.367919922000112],[106.15747070300012,13.36828613300014],[106.15429687500006,13.365905762000068],[106.15148925800014,13.365112305000082],[106.1475219730001,13.365112305000082],[106.14410400400016,13.36608886700003],[106.14031982400007,13.367126465000126],[106.13592529300018,13.368713379000155],[106.1328735350001,13.369323730000076],[106.13092041000004,13.365905762000068],[106.12689209000018,13.365905762000068],[106.12170410200008,13.367309570000089],[106.11669921900011,13.367309570000089],[106.11328125,13.36608886700003],[106.10931396500013,13.36572265600006],[106.10711669900007,13.36389160200008],[106.10412597700002,13.363525391000053],[106.10009765600006,13.359924316000047],[106.09631347700002,13.358886719000111],[106.09387207000009,13.357116699000017],[106.09112548800005,13.355895996000186],[106.08587646500013,13.353698730000133],[106.08251953100006,13.35131835900006],[106.08288574200003,13.348327637000068],[106.08471679700011,13.345275879000155],[106.08587646500013,13.34228515600006],[106.08630371100014,13.339111328000172],[106.08508300800014,13.33569335900006],[106.081298828,13.33392334000007],[106.07769775400016,13.331298828000172],[106.07629394500009,13.327697754000098],[106.07348632800006,13.323913574000187],[106.07171630900007,13.318725586000085],[106.07012939500004,13.314514160000158],[106.0665283200002,13.31188964800009],[106.06188964800009,13.31030273400006],[106.05932617200011,13.306518555000025],[106.05908203100006,13.302124023000033],[106.05828857400007,13.297912598000039],[106.05590820300017,13.296081543000128],[106.05267334000013,13.296081543000128],[106.04888916000004,13.294311523000033],[106.04711914100005,13.289916991999974],[106.04730224600019,13.285888672000112],[106.04412841800013,13.282104491999974],[106.03930664100005,13.279479980000076],[106.03631591800013,13.27569580100004],[106.03369140600006,13.272705078000172],[106.03271484400005,13.26928710900006],[106.03051757800017,13.265686035000158],[106.02807617200011,13.262695312000062],[106.0255126950002,13.259094237999989],[106.0256958010001,13.255126953000115],[106.02392578100017,13.250915527000188],[106.0255126950002,13.247314453000115],[106.02612304700011,13.243286133000083],[106.0255126950002,13.238891601999967],[106.0256958010001,13.23370361300016],[106.0244750980001,13.230285645000151],[106.02252197300004,13.225891112999989],[106.01831054700011,13.223083496000129],[106.01507568400007,13.221923828000115],[106.01269531200012,13.21990966800007],[106.00970459000007,13.217712402000188],[106.00567627000004,13.215087891000167],[106.00067138700007,13.215881348000039],[105.99731445300017,13.218322754000042],[105.99407959000013,13.220703125000114],[105.98931884800004,13.223876953000172],[105.98632812500011,13.225524902000188],[105.98291015600017,13.227294922000056],[105.97851562500011,13.22869873000002],[105.97308349600013,13.230102539000086],[105.96752929700006,13.231689453000115],[105.96551513700018,13.226318359000174],[105.965087891,13.223083496000129],[105.96447753900014,13.218505859000174],[105.96447753900014,13.213500977000137],[105.96447753900014,13.208496094],[105.96527099600019,13.2039184570001],[105.96551513700018,13.20050048800016],[105.96527099600019,13.196289062000062],[105.9635009770002,13.193115234000174],[105.96148681600005,13.190307617000144],[105.96069335900006,13.18548584000007],[105.95751953100017,13.179504395000095],[105.95410156200006,13.175292969],[105.951721191,13.170898437],[105.94830322299998,13.16851806600016],[105.94689941400014,13.165100098000153],[105.9461059570001,13.161499022999976],[105.94390869100005,13.15948486300016],[105.94427490200002,13.156494141000167],[105.94531250000011,13.152099609000174],[105.94207763700007,13.149902344000168],[105.93811035200014,13.149108887000125],[105.93548584000007,13.1472778320001],[105.93212890600012,13.145874023000033],[105.92950439500015,13.143676758000026],[105.92767334000007,13.141113281000116],[105.9237060550002,13.140319824000073],[105.91992187500006,13.139709473000153],[105.91632080099998,13.138122559000124],[105.9129028320001,13.136108398000147],[105.90911865200013,13.13732910200008],[105.90527343700006,13.13690185500019],[105.90130615200019,13.133300781000116],[105.89770507800012,13.131286621000072],[105.89630127000015,13.128479004000042],[105.89312744100016,13.127319336000028],[105.88989257800012,13.124877929999968],[105.88732910200008,13.12329101600011],[105.88470459000018,13.120910645000095],[105.88067627000015,13.120727539000029],[105.87811279300007,13.118896484000118],[105.87567138700018,13.11688232400013],[105.87207031200006,13.116088867000087],[105.86791992200017,13.117675781000116],[105.86627197300015,13.115112305000139],[105.86352539100011,13.114074707000043],[105.85729980500014,13.114074707000043],[105.85290527300015,13.114929199000073],[105.84991455100015,13.116516113000102],[105.84692382800006,13.117492676000154],[105.84332275399998,13.119079590000183],[105.84069824200009,13.120300293000014],[105.83807373000019,13.121887207000043],[105.83532714800015,13.12329101600011],[105.83190918000014,13.123718262000125],[105.8272705080002,13.125671387000182],[105.82147216800007,13.126708984000118],[105.81787109400017,13.128112793000014],[105.81469726600011,13.128112793000014],[105.8109130860002,13.127929687000176],[105.80712890600006,13.129699707000043],[105.8043212890002,13.131286621000072],[105.80108642600015,13.132324219000111],[105.7979125980001,13.134277344000168],[105.7952880860002,13.136291504000042],[105.7935180660001,13.139282227000137],[105.79187011700009,13.142700195000145],[105.78912353500004,13.145507812000176],[105.7844848630001,13.147521973000096],[105.7711181640002,13.157287598000153],[105.7647094730001,13.161926270000095],[105.76007080100015,13.165100098000153],[105.75750732400007,13.166503906000116],[105.75408935500013,13.169311522999976],[105.75207519500009,13.172729492000087],[105.75170898400012,13.17608642600004],[105.74890136700003,13.178527832000043],[105.74627685500013,13.180297852000137],[105.7424926760001,13.18328857400013],[105.73510742200011,13.185119629000042],[105.7313232420002,13.187072754000098],[105.72772216800013,13.189086914000086],[105.7249145510001,13.190673828000115],[105.72167968700012,13.192504883000026],[105.71911621100014,13.194091797000056],[105.71612548800005,13.195678711000085],[105.71307373000013,13.197326660000101],[105.71032714800009,13.19891357400013],[105.70672607400019,13.200927734000174],[105.70391845700016,13.202514648000033],[105.70068359400011,13.2039184570001],[105.69787597700008,13.205078125000114],[105.69512939499998,13.20648193400018],[105.690673828,13.207519531000116],[105.68627929700011,13.207702637000182],[105.68310546900005,13.207275391],[105.67932128900014,13.207092285000158],[105.67547607400002,13.20648193400018],[105.67230224600019,13.206115723000153],[105.66931152300009,13.205688476999967],[105.66552734400005,13.205505371000129],[105.66247558600014,13.205688476999967],[105.65930175800008,13.20648193400018],[105.65667724600019,13.207702637000182],[105.65350341800013,13.209472656000173],[105.64990234400005,13.211914062],[105.64587402300009,13.213317871000072],[105.64190673799999,13.214721679999968],[105.63891601600017,13.215698242000144],[105.63470459000007,13.21649169900013],[105.63128662100013,13.217285156000173],[105.62792968700006,13.218078612999989],[105.62469482400019,13.21868896500007],[105.62109375000011,13.21990966800007],[105.617675781,13.221130371000072],[105.6151123050002,13.222900391000167],[105.61267089800009,13.225524902000188],[105.6085205080002,13.229125977000137],[105.60211181600005,13.230712891000167],[105.59808349600013,13.230712891000167],[105.59368896500007,13.230712891000167],[105.58929443400018,13.230102539000086],[105.58929443400018,13.23608398400006],[105.58911132800012,13.240905762000011],[105.5886840820001,13.24407959000007],[105.58789062500011,13.247314453000115],[105.58691406200006,13.250671387000068],[105.58111572300015,13.256530762000182],[105.5789184570001,13.259094237999989],[105.57568359400005,13.2625122070001],[105.56872558600003,13.269897461000085],[105.5645141600001,13.271911621000129],[105.56030273400017,13.273498535000158],[105.55187988300003,13.276916504000098],[105.54907226600017,13.278503418000128],[105.54949951200018,13.281494141000053],[105.54870605500014,13.284301758000083],[105.5499267580002,13.287109375000114],[105.5499267580002,13.29132080100004],[105.55090332000015,13.295471191000104],[105.5499267580002,13.300476074000017],[105.55010986300016,13.30468750000017],[105.55090332000015,13.308898926000097],[105.5499267580002,13.313110352000024],[105.5488891600001,13.317077637000068],[105.5499267580002,13.321899413999972],[105.550292969,13.326904297000112],[105.54968261700014,13.330871581999986],[105.54870605500014,13.334106445000032],[105.54711914100011,13.33789062500017],[105.54772949200009,13.341674805000082],[105.55010986300016,13.346679687000119],[105.5499267580002,13.35131835900006],[105.54931640600012,13.354675293000184],[105.54827880900018,13.358520508000083],[105.54687500000011,13.36328125000017],[105.545898437,13.36608886700003],[105.545898437,13.369506836000141],[105.54791259800015,13.374084473000096],[105.54949951200018,13.377929687000119],[105.5499267580002,13.382690430000082],[105.55072021500018,13.386474609000118],[105.55133056600016,13.390502930000082],[105.55047607400013,13.39392089800009],[105.55090332000015,13.397705078000058],[105.55047607400013,13.401306152000075],[105.55090332000015,13.404296875],[105.55151367200006,13.408081055000139],[105.55090332000015,13.411499023000147],[105.54931640600012,13.413879395000095],[105.54730224600007,13.416076660000101],[105.54571533200004,13.420104980000133],[105.54467773400017,13.42492675800014],[105.54449462900004,13.427917480000133],[105.54492187500006,13.431274414000086],[105.545898437,13.434875488000102],[105.545898437,13.438476562000176],[105.54431152299998,13.441284180000139],[105.54168701200018,13.444519043000184],[105.53851318400012,13.4453125],[105.53747558600008,13.448120117000087],[105.54010009800015,13.452270508000026],[105.54290771500018,13.457885742000087],[105.54351806600016,13.462280272999976],[105.54650878900009,13.465698242000087],[105.54931640600012,13.468505859000118],[105.55090332000015,13.47088623000019],[105.55230712900004,13.473876953000115],[105.55487060500008,13.478088379000042],[105.55810546900017,13.480895996000072],[105.56048584000007,13.482482910000101],[105.5632934570001,13.485107422],[105.56549072299998,13.488098145000095],[105.5662841800002,13.492492675999983],[105.56610107400013,13.497314453000058],[105.56549072299998,13.501098633000026],[105.56530761700014,13.505126953000058],[105.56530761700014,13.508728027000132],[105.56567382800012,13.514282227000137],[105.56549072299998,13.51947021500007],[105.56530761700014,13.522705078000115],[105.56488037100013,13.52569580100004],[105.56268310500002,13.54071044900013],[105.56292724600007,13.543884277000188],[105.56530761700014,13.551696777000188],[105.5662841800002,13.555908203000115],[105.5662841800002,13.561279297000056],[105.56671142600004,13.564514160000101],[105.56707763700001,13.567871094000054],[105.56768798800016,13.571899414000086],[105.56829834000007,13.57647705100004],[105.56872558600003,13.580322266000167],[105.56927490200019,13.584472656],[105.57031250000006,13.58929443400018],[105.5711059570001,13.59210205100004],[105.57189941400009,13.595520020000151],[105.5723266600001,13.600524902000188],[105.57250976600017,13.606323242000144],[105.5728759770002,13.611877441000047],[105.57312011700014,13.61749267600004],[105.57312011700014,13.622314453000115],[105.5728759770002,13.625488281],[105.57092285200014,13.632507324000187],[105.57049560500002,13.63592529300007],[105.57128906200006,13.639099121000129],[105.5728759770002,13.641906738000046],[105.57348632800012,13.646911621000129],[105.57690429700006,13.652709961000085],[105.57550048800016,13.660705566000047],[105.5753173830002,13.66931152300009],[105.57348632800012,13.671691895000038],[105.57031250000006,13.679504395000038],[105.57049560500002,13.689880371000186],[105.56488037100013,13.708496094000111],[105.55267334000007,13.72509765600006],[105.55169677700019,13.728088379000155],[105.5488891600001,13.739318848000096],[105.54449462900004,13.742492676000154],[105.54052734400017,13.745117187000119],[105.53668212900004,13.746887207000043],[105.53369140600012,13.749084473000096],[105.53228759800015,13.753479003999985],[105.53167724600013,13.756896973000096],[105.53112793000014,13.760070801000154],[105.52752685500019,13.763122559000067],[105.52490234400017,13.765075684000124],[105.52429199200014,13.768493652000132],[105.52447509800015,13.772888184000124],[105.52270507800012,13.775878906000116],[105.52252197300015,13.778930664000029],[105.5247192380001,13.782287598000096],[105.52789306600016,13.786682129000042],[105.52893066400003,13.790893555000139],[105.52868652300003,13.793884277000132],[105.52569580099998,13.797912598000096],[105.52508544900013,13.802307128999985],[105.52807617200006,13.806274414000086],[105.52587890600017,13.812072754000042],[105.52490234400017,13.816528320000089],[105.52172851600011,13.819519043000184],[105.52111816400009,13.822326660000044],[105.52050781200018,13.825500488000102],[105.52050781200018,13.829895020000095],[105.52191162100007,13.83367919900013],[105.52172851600011,13.836914062000176],[105.52429199200014,13.840515137000125],[105.52630615200013,13.843688965000013],[105.52691650400004,13.846496582000043],[105.52807617200006,13.851074219],[105.53149414100017,13.85467529300007],[105.53570556600016,13.85687255900018],[105.53869628900009,13.860107422],[105.542480469,13.861877441],[105.54528808600008,13.8640747070001],[105.54870605500014,13.865478516000167],[105.55267334000007,13.864929199000073],[105.55511474600007,13.867675781000173],[105.55828857400013,13.871520996000072],[105.5632934570001,13.872680664000086],[105.56591796900017,13.875305175999983],[105.56787109400005,13.877929687000176],[105.57049560500002,13.8796997070001],[105.5740966800002,13.882080078000115],[105.57672119100016,13.884704590000013],[105.57971191400009,13.88690185500019],[105.58471679700006,13.886108398000033],[105.58789062500011,13.883483887000182],[105.59088134800004,13.883728027000132],[105.59448242200006,13.881530762000125],[105.59851074200014,13.880493164000086],[105.60150146500007,13.878479004000042],[105.60351562500011,13.87469482400013],[105.60510253900014,13.871093750000057],[105.60888671900005,13.869873047000056],[105.61132812500006,13.867126465000183],[105.61328125000011,13.8640747070001],[105.61749267600004,13.861694336000028],[105.61932373000002,13.858276367000144],[105.623291016,13.85687255900018],[105.6270751950002,13.857727051000154],[105.62768554700011,13.861083984000174],[105.62927246100014,13.864501953000115],[105.63250732400019,13.866088867000144],[105.6362915040001,13.868530273000147],[105.64172363300003,13.86907959000007],[105.64648437500011,13.869873047000056],[105.64971923799999,13.868713379000042],[105.65368652300009,13.869506836000028],[105.65747070300017,13.872070312000062],[105.6616821290001,13.872680664000086],[105.66552734400005,13.87469482400013],[105.67010498000008,13.872680664000086],[105.67431640600017,13.871093750000057],[105.67572021500007,13.867919922],[105.67791748000008,13.865295410000101],[105.6802978520002,13.863281250000057],[105.6837158200002,13.863891602000137],[105.68707275400016,13.866088867000144],[105.6917114260001,13.866516113000102],[105.69512939499998,13.864318848000153],[105.69732666000016,13.86248779300007],[105.70007324200003,13.865295410000101],[105.70349121100014,13.865722656000116],[105.70709228500004,13.867126465000183],[105.7114868160001,13.867309570000145],[105.71331787100019,13.869689941],[105.71429443400007,13.872924805000139],[105.71429443400007,13.877075194999975],[105.71490478500004,13.880310059000124],[105.71331787100019,13.883728027000132],[105.70947265600006,13.88409423800016],[105.70690918000008,13.885681152000188],[105.70629882800017,13.888671875000114],[105.7036743160001,13.889892578000115],[105.70428466800018,13.893920897999976],[105.70471191400014,13.89788818400018],[105.70208740200007,13.90008544900013],[105.70068359400011,13.904296875000114],[105.7014770510001,13.908691406000173],[105.70452880900018,13.910522461000028],[105.70709228500004,13.91229248000002],[105.70971679700011,13.915283203000115],[105.71228027300009,13.917114258000026],[105.71630859400011,13.917724609000174],[105.72027587900016,13.918884277000188],[105.72387695300006,13.919921875000057],[105.72869873000013,13.920288086000085],[105.73229980500008,13.920471191000047],[105.7368774410001,13.920898437000062],[105.74090576200007,13.921081543000128],[105.74407959000013,13.921325684000124],[105.74810791000004,13.922119141000167],[105.75207519500009,13.922729492000144],[105.7554931640002,13.922912597999982],[105.75891113300014,13.923095703000115],[105.76367187500006,13.922912597999982],[105.76770019500009,13.922119141000167],[105.77172851600005,13.921691895000151],[105.77471923800005,13.921875000000114],[105.77832031200012,13.921875000000114],[105.78350830100015,13.922119141000167],[105.78967285200008,13.922912597999982],[105.79431152300015,13.923095703000115],[105.7988891600001,13.922729492000144],[105.80352783199999,13.922729492000144],[105.80908203100012,13.922485351999967],[105.81549072300015,13.922485351999967],[105.82110595700004,13.922485351999967],[105.82611084000018,13.922912597999982],[105.83007812500006,13.92327880900018],[105.83471679700017,13.923095703000115],[105.83850097700008,13.922912597999982],[105.8428955080002,13.922485351999967],[105.846679687,13.922729492000144],[105.85028076200018,13.922729492000144],[105.85327148400017,13.922119141000167],[105.85650634800015,13.921691895000151],[105.8630981450001,13.921325684000124],[105.8695068360002,13.921691895000151],[105.87292480500014,13.922302246000129],[105.8773193360002,13.92327880900018],[105.88031005900012,13.924499512000011],[105.88348388700018,13.92608642600004],[105.88647460900017,13.92767334000007],[105.8906860350001,13.930114746000129],[105.89489746100008,13.932678223000039],[105.89752197300015,13.935119629000042],[105.90008544900013,13.936889648000033],[105.9041137700001,13.934509277000188],[105.90832519500015,13.931884766],[105.91088867200006,13.9304809570001],[105.91369628900009,13.929870605000076],[105.92150878900009,13.929870605000076],[105.92968750000011,13.931274414000143],[105.93768310500008,13.932495117000144],[105.94647216800013,13.934326172000056],[105.9591064450002,13.93292236300016],[105.96551513700018,13.930297851999967],[105.97332763700018,13.925720215000013],[105.98028564499998,13.924926758000026],[105.98608398400006,13.923706055000025],[105.99029541000016,13.924499512000011],[105.9910888670002,13.927490234],[105.99328613300008,13.929504395000151],[105.99627685500008,13.930725098000153],[106.00030517600004,13.930297851999967],[106.00549316400014,13.929504395000151],[106.00891113300008,13.929321289000086],[106.01287841800013,13.92791748000002],[106.01727294900002,13.927124023000033],[106.02130127000004,13.925476074000187],[106.0244750980001,13.924499512000011],[106.02807617200011,13.923706055000025],[106.03289794900019,13.922302246000129],[106.03747558600014,13.920288086000085],[106.04187011700003,13.91912841800007],[106.04870605500008,13.918884277000188],[106.05688476600005,13.918701172000056],[106.0610961910001,13.91827392600004],[106.06787109400011,13.916870116999974],[106.07427978500004,13.915527344000168],[106.07952880900001,13.914123535000101],[106.08569335900012,13.913085937000062],[106.09191894500009,13.912109375000057],[106.0974731450001,13.910888672000056],[106.10247802700013,13.91009521500007],[106.1063232420002,13.910705566],[106.10687255900012,13.914672852000024],[106.10607910200008,13.91827392600004],[106.1052856450001,13.922485351999967],[106.10449218700012,13.926513672000056],[106.10467529300018,13.931518555000025],[106.10430908199999,13.93548584000007],[106.10467529300018,13.939697266],[106.10668945300006,13.944274902000018],[106.1051025390002,13.948303223000039],[106.10430908199999,13.952514648000033],[106.10467529300018,13.957092285000158],[106.10412597700002,13.960327148000033],[106.10229492200017,13.963928222999982],[106.10412597700002,13.966918945000032],[106.1065063480001,13.969482422000112],[106.10412597700002,13.97210693400018],[106.10290527300009,13.97491455100004],[106.10070800800014,13.978088379000098],[106.0999145510001,13.982299805000025],[106.1008911130001,13.985717773000033],[106.1021118160001,13.990112305000025],[106.10607910200008,13.992919922000056],[106.11108398400012,13.993103027000018],[106.11529541000004,13.993103027000018],[106.1196899410001,13.993713379000098],[106.12249755900007,13.996276855000076],[106.12329101600011,13.999328612999989],[106.12670898400012,13.999694824000187],[106.12847900399998,14.001892090000126],[106.12792968700012,14.005676270000038],[106.1304931640002,14.009887695000032],[106.13488769500009,14.014709473000039],[106.1397094730001,14.016906738000046],[106.1431274410001,14.016113281],[106.14672851600005,14.014709473000039],[106.14990234400011,14.015502930000082],[106.1539306640002,14.016296387000068],[106.15789794900007,14.01751709000007],[106.16131591800018,14.017883301000097],[106.16571044900007,14.01892089800009],[106.16949462900004,14.021301270000038],[106.17272949200009,14.02429199200003],[106.17529296900017,14.026672363000046],[106.17492675800014,14.030517578000172],[106.17791748000013,14.035095215000126],[106.17871093700018,14.038879395000038],[106.17791748000013,14.04187011700003],[106.17852783200004,14.045104980000076],[106.18151855500014,14.048095703],[106.18249511700009,14.052673340000126],[106.18432617200017,14.055480956999986],[106.1859130860002,14.05908203100006],[106.18872070300006,14.062316895000038],[106.18609619100016,14.064086914000029],[106.18212890600006,14.067077637000125],[106.1781005860002,14.069519043000128],[106.17449951200012,14.072326659999987],[106.17132568400007,14.073730469000054],[106.1672973630001,14.075317383000083],[106.16308593700018,14.078308105000133],[106.15808105500014,14.08068847700008],[106.15551757800006,14.081909180000082],[106.1527099610002,14.083312988000046],[106.14990234400011,14.08508300800014],[106.14727783200004,14.087097168000184],[106.14392089800015,14.089294434000067],[106.14270019500009,14.092529297000112],[106.13989257800006,14.09631347700008],[106.13732910200008,14.099487305000139],[106.13452148400012,14.101684570000089],[106.1304931640002,14.10351562500017],[106.12652587900016,14.105285645000095],[106.1240844730001,14.107116699000073],[106.12188720700004,14.109313965000126],[106.1207275390002,14.112304687000119],[106.1207275390002,14.117309570000089],[106.12048339800015,14.122314453000058],[106.11871337900016,14.12609863300014],[106.11712646500013,14.128723145000038],[106.11572265600006,14.131896973000096],[106.1143188480001,14.135314941000104],[106.11267089800015,14.140930176000097],[106.11151123000013,14.145690918000014],[106.1116943360002,14.150512695000089],[106.11230468700012,14.154113770000095],[106.11267089800015,14.158081055000139],[106.11248779300018,14.161315918000184],[106.11267089800015,14.164672852000137],[106.11309814500004,14.168884277000132],[106.11309814500004,14.173278809000124],[106.11248779300018,14.177307129000042],[106.11187744100016,14.181518555000139],[106.11090087900016,14.18487548800016],[106.10791015600006,14.1875],[106.10467529300018,14.188476562],[106.10028076200012,14.188476562],[106.09570312500017,14.188720703000058],[106.0908813480001,14.189270020000151],[106.0864868160001,14.18969726600011],[106.08331298800005,14.190673828000115],[106.07928466800018,14.192321777000132],[106.07531738300008,14.19268798800016],[106.07067871100014,14.194702147999976],[106.06707763700012,14.196105957000043],[106.06329345700016,14.196289062],[106.05932617200011,14.198120117000087],[106.05529785200002,14.20031738299997],[106.0523071290001,14.202270508000026],[106.05133056600005,14.20532226600011],[106.05187988300014,14.209106445000145],[106.05090332000003,14.211914062000176],[106.04907226600005,14.215087891000167],[106.04608154300018,14.218688965000013],[106.04211425800008,14.222106934000124],[106.03869628900014,14.22430419900013],[106.03649902300009,14.22711181600016],[106.03448486300005,14.230895996000129],[106.03448486300005,14.23492431600016],[106.0321044920002,14.238891602000137],[106.03051757800017,14.243530272999976],[106.02752685500008,14.245910645000151],[106.02807617200011,14.248718262000182],[106.0278930660001,14.252502441],[106.02648925800008,14.25811767600004],[106.02728271500013,14.262695312000062],[106.03009033200016,14.26507568400018],[106.0333251950002,14.267272949000187],[106.03491210900006,14.270507812000062],[106.03308105500008,14.273315430000025],[106.032470703,14.27728271500007],[106.02947998000013,14.282287598000039],[106.02832031200006,14.285705566000047],[106.02770996100014,14.289672852000024],[106.02490234400005,14.295104980000076],[106.02349853499999,14.299316406000173],[106.0230712890002,14.302307129000098],[106.02349853499999,14.305480957000157],[106.0256958010001,14.307495116999974],[106.02349853499999,14.311523437000062],[106.01947021500013,14.314514160000158],[106.01507568400007,14.314514160000158],[106.01068115200007,14.311706543000128],[106.00732421900005,14.310913086000085],[106.00311279300013,14.312683105000076],[106.00250244100005,14.317687988000046],[105.99969482400019,14.3211059570001],[105.99688720700016,14.324890137000068],[105.99652099600013,14.32989501999998],[105.99707031200012,14.335083008000083],[105.99847412100019,14.338928223000039],[106.00067138700007,14.343078613000046],[105.99810791000016,14.346130371000129],[105.99530029300013,14.349121094000054],[105.99627685500008,14.35327148400006],[105.99810791000016,14.357116699000187],[105.9989013670002,14.361511230000076],[106.00067138700007,14.364929199000187],[106.00067138700007,14.368103027000075],[106.00128173800005,14.371276855000133],[106.00427246100014,14.369873047000112],[106.008300781,14.366882324000017],[106.01031494100005,14.363891602000024],[106.01269531200012,14.361511230000076],[106.01611328100017,14.35827636700003],[106.01892089800003,14.353881836000141],[106.02331543000003,14.350097656],[106.02612304700011,14.347473145000038],[106.02850341800013,14.34552001999998],[106.03192138700007,14.344299316000047],[106.03747558600014,14.344909668000128],[106.04290771500013,14.343872070000089],[106.04589843700012,14.346130371000129],[106.05029296900011,14.348083496000186],[106.05407714800009,14.345886230000076],[106.05828857400007,14.344909668000128],[106.06030273400006,14.349304199000187],[106.06372070300017,14.350097656],[106.06628418000008,14.351684570000032],[106.06927490200007,14.350280762000068],[106.07287597700008,14.346313477000024],[106.07629394500009,14.341674805000082],[106.0797119140002,14.338073730000076],[106.08251953100006,14.339904785000158],[106.08331298800005,14.344299316000047],[106.08471679700011,14.347900391000053],[106.08489990200007,14.35290527300009],[106.08367919900007,14.35827636700003],[106.08288574200003,14.363525391],[106.08630371100014,14.365722656],[106.08807373000013,14.367919922000112],[106.09027099600007,14.37109375000017],[106.09490966800018,14.372070312000119],[106.10070800800014,14.370910645000038],[106.10308837900016,14.374511719000054],[106.10491943400007,14.370910645000038],[106.10607910200008,14.36767578100006],[106.10931396500013,14.366271973000096],[106.11248779300018,14.363708496000186],[106.11608886700009,14.36108398400006],[106.12030029300018,14.358703613000046],[106.12390136700009,14.360107422000112],[106.12768554700017,14.361694336000141],[106.13110351600011,14.364501953000172],[106.13372802700007,14.366699219000054],[106.13690185500013,14.368286133000083],[106.1397094730001,14.369873047000112],[106.14410400400016,14.371887207000157],[106.14868164100011,14.37048339800009],[106.15148925800014,14.368530273000033],[106.1541137700001,14.364685059000067],[106.15527343700018,14.36108398400006],[106.15747070300012,14.35772705100004],[106.1594848630001,14.354309082000157],[106.16308593700018,14.35290527300009],[106.16589355500014,14.351928711000085],[106.16967773400017,14.350891113000046],[106.17272949200009,14.350280762000068],[106.17712402300015,14.350524902000018],[106.18249511700009,14.350708008000083],[106.18652343700018,14.35131835900006],[106.18927002000015,14.35327148400006],[106.19207763700018,14.356079102000024],[106.19451904300018,14.359497070000032],[106.19689941400009,14.362915039000143],[106.19891357400007,14.365295409999987],[106.2005004880001,14.36889648400006],[106.20471191400009,14.371704102000024],[106.20788574200014,14.37048339800009],[106.21032714800015,14.368103027000075],[106.21508789100017,14.365478516000053],[106.21887207000015,14.36712646500007],[106.22247314500015,14.370910645000038],[106.22509765600012,14.374084473000096],[106.22589111300016,14.378112793000128],[106.22509765600012,14.381896973000039],[106.22668457000015,14.38452148400006],[106.22827148400017,14.387695312000119],[106.23010253900009,14.390075684000067],[106.23150634800015,14.39392089800009],[106.233886719,14.396301270000038],[106.23712158200004,14.398498535000044],[106.23712158200004,14.403503418000128],[106.23712158200004,14.40710449200003],[106.23632812500006,14.410095215000126],[106.23852539100011,14.414123534999987],[106.23748779300007,14.419128418000128],[106.23767089800003,14.42431640600006],[106.23791503900009,14.427917480000133],[106.24169921900017,14.429504395000038],[106.24432373000019,14.43212890600006],[106.24432373000019,14.435913086000141],[106.24731445300012,14.438293457000043],[106.25067138700001,14.43969726600011],[106.25231933600003,14.443481445000089],[106.25091552700013,14.446716309000067],[106.2493286130001,14.450500488000102],[106.24530029300007,14.453308105000133],[106.24371337900004,14.456726074000073],[106.24249267600004,14.460876465000183],[106.24230957000015,14.464721680000082],[106.24548339800003,14.467529297000112],[106.24829101600017,14.470703125],[106.2493286130001,14.473693848000096],[106.2498779300002,14.47729492200017],[106.25091552700013,14.482299805000139],[106.25189209000007,14.485900878999985],[106.25488281200006,14.487487793000014],[106.25909423800016,14.48632812500017],[106.26208496100008,14.481506348000096],[106.26428222700014,14.477722168000184],[106.26593017599998,14.474487305000139],[106.26867675800008,14.477905273000147],[106.27349853500016,14.477905273000147],[106.27709960900017,14.474914551000154],[106.27972412100007,14.471496582000043],[106.2830810550002,14.472106934000067],[106.2879028320001,14.472290039000029],[106.2908935550002,14.469299316000104],[106.29388427700019,14.467712402000075],[106.29547119100005,14.46307373000019],[106.29492187500006,14.46008300799997],[106.29528808600008,14.456909180000082],[106.2974853520002,14.454101562000119],[106.2999267580002,14.452087402000132],[106.30468750000011,14.45251464800009],[106.30889892600004,14.451293945000089],[106.31109619100005,14.447509766000053],[106.31292724600013,14.443298340000126],[106.31530761700014,14.441528320000089],[106.31829834000007,14.441101074000073],[106.32147216800013,14.441711426000097],[106.3250732420002,14.441528320000089],[106.32971191400014,14.439880371000072],[106.33367919900019,14.441711426000097],[106.33691406200006,14.443298340000126],[106.33947753900014,14.444702148000147],[106.34252929700006,14.446105956999986],[106.3463134770002,14.447082520000095],[106.34948730500008,14.447692871000015],[106.35327148400006,14.44812011700003],[106.35687255900007,14.44970703100006],[106.35992431600005,14.450683594000111],[106.36291503900014,14.451721191000104],[106.3662719730001,14.45312500000017],[106.37072753900014,14.454284668000184],[106.37567138700007,14.454284668000184],[106.37988281200012,14.452880859000118],[106.38348388700007,14.451721191000104],[106.38671875000011,14.451477051000154],[106.39129638700007,14.450683594000111],[106.3950805660001,14.450073242000087],[106.39849853500004,14.450500488000102],[106.40148925800014,14.450683594000111],[106.40472412100019,14.450683594000111],[106.4085083010001,14.45092773400006],[106.41210937500017,14.452087402000132],[106.41552734400005,14.454895020000095],[106.4185180660001,14.458496094000111],[106.42187500000017,14.462707520000038],[106.4227294920002,14.466674805000139],[106.42211914100005,14.46948242200017],[106.42230224600019,14.473083496000072],[106.42492675800008,14.476074219000168],[106.42767334000013,14.477722168000184],[106.43048095700004,14.478881836000028],[106.43310546900011,14.480102539000029],[106.43591308600014,14.482116699000073],[106.43890380900007,14.485290527000132],[106.44091796900011,14.489501953000058],[106.44067382800006,14.492675781000116],[106.43811035200002,14.495910645000095],[106.43450927700007,14.498718262000125],[106.4326782230001,14.501892090000183],[106.4312744140002,14.505676270000095],[106.43048095700004,14.511108398000147],[106.43048095700004,14.516296387000125],[106.43292236300005,14.520324707000043],[106.43688964800015,14.524108887000125],[106.44012451200007,14.525329590000183],[106.4439086910001,14.524291992000087],[106.44732666000004,14.522888184000124],[106.45092773400006,14.521301270000095],[106.45452880900007,14.519287109000174],[106.45770263700012,14.517883300999983],[106.46051025400016,14.51672363300014],[106.46307373000013,14.515319824000073],[106.46667480500014,14.51391601600011],[106.47113037100019,14.512512207000043],[106.4758911130001,14.51287841800007],[106.47827148400012,14.515075684000124],[106.47949218700018,14.517883300999983],[106.47772216800018,14.521484375000057],[106.47570800800014,14.523925781000116],[106.47290039100011,14.52667236300016],[106.47027587899998,14.529296875000057],[106.4680786130001,14.53149414100011],[106.46569824200009,14.533874512000182],[106.4625244140002,14.537475586000085],[106.45947265600012,14.541870117000144],[106.45831298800005,14.54711914100011],[106.45989990200007,14.550903320000145],[106.46130371100014,14.553527832000043],[106.46429443400007,14.555908203000115],[106.46771240200007,14.557922363000102],[106.47088623000013,14.558715820000145],[106.47448730500014,14.560485840000013],[106.47827148400012,14.5625],[106.48132324200003,14.564697266000167],[106.48529052700013,14.567504883000026],[106.48852539100005,14.569885254000042],[106.49090576200012,14.572326660000101],[106.49389648400012,14.57391357400013],[106.49707031200018,14.575683594],[106.4993286130001,14.579895020000151],[106.50152587900016,14.582702637000182],[106.5042724610002,14.585327147999976],[106.50732421900011,14.586914062],[106.51129150400004,14.589111328000115],[106.5147094730001,14.590515137000182],[106.51849365200013,14.591918945000145],[106.52331543000014,14.592895508000026],[106.52667236300016,14.592529297],[106.52990722700008,14.592285156000173],[106.53472900400016,14.592285156000173],[106.53967285200014,14.592529297],[106.54290771500018,14.593322754000042]]]}},{"type":"Feature","properties":{"adm1_name":"Svay Rieng","adm1_name1":null,"adm1_name2":null,"adm1_name3":null,"adm1_pcode":"KH20","adm0_name":"Cambodia","adm0_name1":null,"adm0_name2":null,"adm0_name3":null,"adm0_pcode":"KH","valid_on":"2018-10-04","valid_to":null,"area_sqkm":2869.28289566,"version":"v01","lang":"en","lang1":null,"lang2":null,"lang3":null,"adm1_ref_name":"Svay Rieng","center_lat":11.19470215,"center_lon":105.79612292},"geometry":{"type":"Polygon","coordinates":[[[105.81170654300018,11.589111328000172],[105.81390380900012,11.584899902000075],[105.81707763700018,11.581726074000187],[105.81689453100012,11.578491211000141],[105.81591796900011,11.575317383000083],[105.81787109400017,11.571899414000143],[105.81988525400004,11.568481445000032],[105.82232666000004,11.570495605000076],[105.82531738300014,11.56811523400006],[105.8267211910001,11.565490723000039],[105.82952880900007,11.564880371000186],[105.83367919900013,11.565124512000011],[105.83789062500006,11.56390380900001],[105.84088134800015,11.563476562000119],[105.8441162110002,11.56390380900001],[105.84613037100007,11.561706543000128],[105.84832763700012,11.563720703000172],[105.85168457000015,11.562683105000076],[105.85711669900007,11.564880371000186],[105.86151123000019,11.565917969000054],[105.86352539100011,11.56231689499998],[105.8665161130001,11.561096191000047],[105.86889648400017,11.556884766000053],[105.87249755900012,11.553710937000062],[105.87628173800016,11.550292969000054],[105.87811279300007,11.547119141],[105.88067627000015,11.54412841800007],[105.8826904300002,11.539672852000024],[105.88409423800016,11.537109375000114],[105.88311767600015,11.534301758000083],[105.88568115200019,11.532104491999974],[105.88549804700006,11.528076172000112],[105.88488769500015,11.52288818400018],[105.8839111330002,11.517089844000054],[105.88287353500016,11.512329102000137],[105.87988281200006,11.50811767600004],[105.88012695300006,11.502502441000047],[105.88031005900012,11.499511719],[105.88153076200012,11.496093750000114],[105.884277344,11.492919922000056],[105.88452148400017,11.488708496000129],[105.88470459000018,11.485290527000188],[105.88189697300015,11.483093262000011],[105.8796997070001,11.480712891000167],[105.87829589800003,11.477478027000188],[105.8787231450001,11.472900391000167],[105.87750244100016,11.469116211000028],[105.87628173800016,11.465881347999982],[105.87548828100012,11.461486816000047],[105.87890625000006,11.460693359000174],[105.87988281200006,11.457275391000167],[105.88171386700009,11.454895020000151],[105.88549804700006,11.454101562],[105.88787841800007,11.450927734000174],[105.89251709000018,11.45172119100016],[105.89691162100007,11.450683594],[105.90032959000018,11.451293944999975],[105.901123047,11.448120117000087],[105.90350341800007,11.445312500000057],[105.90393066400009,11.442077637000182],[105.90350341800007,11.4382934570001],[105.90191650400004,11.434509277000132],[105.90167236300016,11.430114746000072],[105.89868164100017,11.427490234000174],[105.89489746100008,11.42633056600016],[105.8917236330002,11.425292969000168],[105.89007568400018,11.422729492000087],[105.88952636700009,11.419128418000014],[105.88671875000006,11.41571044900013],[105.88531494100016,11.411926270000095],[105.88232421900017,11.409301758000026],[105.87847900400004,11.407104492000087],[105.87408447300015,11.40490722700008],[105.87512207000015,11.40008544900013],[105.87707519500015,11.395507812000176],[105.87847900400004,11.390319824000073],[105.87567138700018,11.385681152000132],[105.8731079100001,11.382690430000139],[105.87152099600007,11.379699707000043],[105.87127685500019,11.376708984000118],[105.87207031200006,11.37329101600011],[105.87548828100012,11.37170410200008],[105.87829589800003,11.370727539000029],[105.8809204100001,11.369506836000028],[105.88348388700018,11.367675781000116],[105.88488769500015,11.364685059000124],[105.88452148400017,11.36010742200017],[105.88189697300015,11.35571289100011],[105.87951660200014,11.35229492200017],[105.87811279300007,11.347290039000029],[105.87829589800003,11.342712402000075],[105.8787231450001,11.337890625],[105.87811279300007,11.33251953100006],[105.87548828100012,11.328918456999986],[105.87268066400009,11.326110840000126],[105.87011718700018,11.32287597700008],[105.86853027300015,11.318298340000126],[105.86889648400017,11.31250000000017],[105.87109375000006,11.30908203100006],[105.87170410200014,11.305725098000039],[105.87170410200014,11.302307129000155],[105.87030029300007,11.297912598000096],[105.86791992200017,11.294677734000118],[105.86492919900007,11.291687012000125],[105.86468505900012,11.287902831999986],[105.8652954100001,11.285095215000126],[105.86767578100017,11.282714844000111],[105.87072753900003,11.28369140600006],[105.87347412100013,11.286071777000132],[105.87750244100016,11.288085937000119],[105.8809204100001,11.287902831999986],[105.8839111330002,11.287902831999986],[105.88690185500019,11.287902831999986],[105.8906860350001,11.288696289000029],[105.89410400400004,11.290100098000096],[105.89770507800012,11.28967285200008],[105.90069580100004,11.287292480000133],[105.9041137700001,11.284729004000098],[105.90789794900013,11.286682129000155],[105.90887451200001,11.283508301000097],[105.90789794900013,11.279113770000038],[105.90850830100004,11.274719238000046],[105.91131591800007,11.270690918000184],[105.91229248000002,11.266723633000083],[105.91088867200006,11.262329102000024],[105.90887451200001,11.258483887000068],[105.90771484400017,11.25531005900001],[105.9080810550002,11.25170898400006],[105.9093017580002,11.247680664000029],[105.910705566,11.24389648400006],[105.9116821290001,11.239501953000172],[105.9141235350001,11.23571777300009],[105.91571044900013,11.23327636700003],[105.91729736300016,11.230895996000186],[105.91931152300003,11.228088379000098],[105.92132568400012,11.225280762000068],[105.92431640600012,11.221313477000024],[105.92810058600008,11.21728515600006],[105.93170166000016,11.21569824200003],[105.93371582000015,11.21228027300009],[105.93609619100005,11.21069335900006],[105.93847656200006,11.208129883000026],[105.94268798799999,11.205688477000024],[105.94708252000015,11.203674316000104],[105.95111084000007,11.201904297000112],[105.95611572299998,11.199279784999987],[105.96112060500002,11.197326660000158],[105.96612548800016,11.195922851999967],[105.97070312500011,11.197326660000158],[105.97570800800008,11.198730469000054],[105.97888183600014,11.197326660000158],[105.98272705100004,11.195129395000151],[105.9859008790001,11.194274902000075],[105.98870849600013,11.193725586000085],[105.99188232400019,11.192871094000054],[105.99487304700011,11.191894531],[106.01110839800009,11.190124512000011],[106.013916016,11.186096191000047],[106.0142822270002,11.181884766000053],[106.01452636700014,11.1785278320001],[106.01507568400007,11.174682616999974],[106.01550293000003,11.170288086000085],[106.01611328100017,11.164916992000144],[106.01672363300008,11.159729004000042],[106.01727294900002,11.154296875000114],[106.01831054700011,11.14971923800016],[106.01947021500013,11.146484375000114],[106.02111816400014,11.143676758000083],[106.0230712890002,11.140686035000158],[106.0256958010001,11.138671875000114],[106.02832031200006,11.137084961000085],[106.0321044920002,11.134887695000032],[106.03509521500013,11.133483887000011],[106.03833007800017,11.132324219000168],[106.04248046900011,11.130493164000086],[106.04711914100005,11.127685547000056],[106.04949951200007,11.126098633000026],[106.05352783200016,11.123107910000101],[106.0574951170002,11.119873047000056],[106.0598754880001,11.118103027000188],[106.06268310500013,11.115905762000182],[106.06591796900005,11.112670898000033],[106.06872558600014,11.109130859000174],[106.0709228520002,11.104919434000124],[106.0731201170002,11.100280762000182],[106.07849121100014,11.098510742000087],[106.08227539100011,11.100280762000182],[106.08587646500013,11.100524902000132],[106.089111328,11.100524902000132],[106.09191894500009,11.095703125000057],[106.09448242200017,11.092102050999983],[106.0972900390002,11.089294434000124],[106.10009765600006,11.085693359000174],[106.09887695300006,11.080688477000137],[106.09887695300006,11.077514647999976],[106.1008911130001,11.074523926000154],[106.10369873000013,11.072692871000072],[106.10711669900007,11.071289062],[106.11010742200017,11.074707031000116],[106.1116943360002,11.07830810500019],[106.11450195300006,11.081298828000115],[106.11853027300009,11.084472656000173],[106.12091064500004,11.088317871000072],[106.12451171900011,11.089721680000139],[106.12829589800015,11.090881347999982],[106.13092041000004,11.092285156000173],[106.13488769500009,11.094482422000056],[106.1383056640002,11.0964965820001],[106.14129638700012,11.09930419900013],[106.1448974610002,11.101318359000174],[106.1497192380001,11.102294922000056],[106.15368652300015,11.101501465000013],[106.15667724600007,11.099121094000168],[106.15850830100015,11.096923828000058],[106.1605224610002,11.093688965000013],[106.1624755860002,11.090881347999982],[106.16491699200009,11.08709716800007],[106.16668701200012,11.084106445000145],[106.1685180660001,11.081481934000124],[106.1702880860002,11.078674316],[106.17272949200009,11.074707031000116],[106.17492675800014,11.071289062],[106.17712402300015,11.067871094],[106.1795043950001,11.064270020000151],[106.18212890600006,11.060302734000174],[106.18450927700013,11.056091309000124],[106.1873168950001,11.052307129000042],[106.18792724600007,11.048706055000139],[106.18811035200008,11.045288086000028],[106.188476562,11.04211425799997],[106.18927002000015,11.03729248000019],[106.1895141600001,11.032470703000115],[106.19012451200012,11.028930664000029],[106.19030761700009,11.02392578100006],[106.19049072300015,11.019470215000183],[106.19128418000014,11.015930176000097],[106.19287109400017,11.010925293000184],[106.194091797,11.00610351600011],[106.194091797,11.001892090000183],[106.1951293950001,10.99829101600011],[106.19628906200018,10.99468994100016],[106.19787597700014,10.991699219000111],[106.20031738300014,10.988525391000053],[106.20330810500019,10.983703613000102],[106.20507812500006,10.979675293000014],[106.20568847700014,10.976501465000126],[106.20208740200013,10.974121094000111],[106.19812011700009,10.973083496000072],[106.19427490200019,10.972473145000095],[106.19030761700009,10.972106934000067],[106.18652343700018,10.973083496000072],[106.18328857400013,10.97351074200003],[106.17987060500019,10.974121094000111],[106.1768798830002,10.975280762000125],[106.17407226600017,10.976684570000089],[106.17071533200004,10.978088378999985],[106.16668701200012,10.978271484000118],[106.16229248000019,10.978698730000133],[106.15789794900007,10.979675293000014],[106.15490722700008,10.981872559000124],[106.1516723630001,10.98107910200008],[106.14892578100006,10.979125977000024],[106.14569091800018,10.978698730000133],[106.14349365200013,10.976501465000126],[106.14392089800015,10.971679687000176],[106.1448974610002,10.967529297000112],[106.14550781200018,10.963684082000043],[106.14550781200018,10.96032714800009],[106.14471435500013,10.95727539100011],[106.14508056600016,10.954101562000119],[106.14532470699999,10.950500488000046],[106.14831543000008,10.946716309000067],[106.15069580100015,10.942321777000075],[106.15008544900007,10.938110352000024],[106.14831543000008,10.93408203100006],[106.14648437500006,10.931518555000082],[106.14471435500013,10.929077148000147],[106.14288330100015,10.926086426000097],[106.14111328100006,10.92272949200003],[106.13867187500006,10.91772460900006],[106.14208984400017,10.910522461000141],[106.1448974610002,10.905883789000029],[106.14831543000008,10.903320312000062],[106.15087890600012,10.90032959000007],[106.15332031200012,10.897277831999986],[106.15551757800006,10.895080566000104],[106.15832519500009,10.892089844000111],[106.16149902300015,10.888488770000038],[106.16351318400007,10.885925293000128],[106.16528320300006,10.883300781],[106.16711425800014,10.879272461000141],[106.16888427700013,10.876098633000083],[106.17010498000013,10.873474121000186],[106.1716918950001,10.870117187000062],[106.17352294900007,10.867492676000097],[106.17468261700009,10.86468505900001],[106.17608642600015,10.861877441000104],[106.17749023400017,10.859130859],[106.1793212890002,10.855285645000038],[106.18188476600011,10.850708008000083],[106.18432617200017,10.846130371000129],[106.18627929700006,10.842895508000083],[106.18811035200008,10.838928222999982],[106.18872070300006,10.834716797000056],[106.18872070300006,10.830871582000157],[106.18890380900012,10.815490723000039],[106.18927002000015,10.804870605000076],[106.1895141600001,10.79071044900013],[106.16491699200009,10.81170654300007],[106.16168212900004,10.811279297000112],[106.15850830100015,10.811096191000047],[106.15551757800006,10.810913086000085],[106.15228271500018,10.81048584000007],[106.14868164100011,10.810119629000042],[106.14532470699999,10.809692383000083],[106.1419067380001,10.809509277000188],[106.13751220700004,10.809326172000056],[106.13110351600011,10.809082031000173],[106.1275024410001,10.80889892600004],[106.12432861300005,10.80889892600004],[106.12127685500013,10.808715819999975],[106.11688232400007,10.808471680000025],[106.11352539100005,10.809692383000083],[106.11071777300009,10.808471680000025],[106.1063232420002,10.808471680000025],[106.10028076200012,10.808105469000054],[106.09490966800018,10.808105469000054],[106.08990478500004,10.808471680000025],[106.08532714800009,10.80889892600004],[106.08050537100019,10.809875488000046],[106.07629394500009,10.810302734],[106.07348632800006,10.810913086000085],[106.03631591800013,10.834716797000056],[106.03369140600006,10.836303711000085],[106.03070068400001,10.838928222999982],[106.02709960900006,10.841918945000032],[106.02368164100005,10.844116211000085],[106.01989746100014,10.846923828000115],[106.01629638700007,10.849670409999987],[106.0123291020002,10.853088379000098],[106.00848388700007,10.856506348000039],[106.00567627000004,10.859130859],[106.00329589800009,10.861694336000141],[106.00109863300008,10.863891602000024],[105.99871826200001,10.866882324000017],[105.99749755900018,10.869873047000112],[105.99291992200006,10.874084473000039],[105.98767089800009,10.879089355000076],[105.98248291000016,10.88452148400006],[105.97692871100008,10.889892578000172],[105.97271728500016,10.89367675800014],[105.96630859400005,10.898681641000053],[105.95989990200019,10.903930664000143],[105.95330810500002,10.909484863000046],[105.94812011700014,10.913879395000038],[105.94531250000011,10.918701172000112],[105.94427490200002,10.912475585999971],[105.94531250000011,10.908325195000032],[105.94708252000015,10.905273437000119],[105.94873046900017,10.901916504000098],[105.95050048800016,10.899475098000096],[105.95208740200019,10.897094727000024],[105.95208740200019,10.892700195000032],[105.95147705100004,10.889099121000186],[105.95489502000015,10.88647460900006],[105.95489502000015,10.882507324000187],[105.9512939450002,10.880126953000172],[105.94927978500016,10.87670898400006],[105.94531250000011,10.873718262000068],[105.94012451200018,10.871093750000114],[105.93750000000011,10.86889648400006],[105.93389892600004,10.866516112999989],[105.9304809570001,10.863891602000024],[105.92968750000011,10.859680176000097],[105.93072509800015,10.85491943400018],[105.93170166000016,10.850280762000068],[105.93432617200006,10.847717285000158],[105.93670654300007,10.845275879000098],[105.93609619100005,10.840698241999974],[105.93212890600012,10.83929443400018],[105.92889404300007,10.839477539000143],[105.92388916000016,10.840087891000053],[105.91870117200006,10.840698241999974],[105.91333007800012,10.841674805000082],[105.90728759799998,10.842712402000188],[105.90270996100003,10.843322754000098],[105.89910888700018,10.844116211000085],[105.89532470700004,10.845520020000151],[105.89251709000018,10.846496582000157],[105.88909912100007,10.847717285000158],[105.88330078100012,10.849670409999987],[105.87591552700013,10.85272216800007],[105.87048339800003,10.854492187000062],[105.86511230500014,10.856689453000172],[105.86090087900004,10.85827636700003],[105.85650634800015,10.859924316000047],[105.8519287110002,10.861877441000104],[105.84912109400017,10.865295409999987],[105.8507080080002,10.86889648400006],[105.8519287110002,10.873474121000186],[105.86431884800015,10.899475098000096],[105.85888671900017,10.906494141000053],[105.85668945300012,10.910888672000112],[105.85168457000015,10.918090820000089],[105.84790039100011,10.923278809000067],[105.84588623000019,10.929077148000147],[105.83972168000014,10.934875488000102],[105.83569335900017,10.939270020000095],[105.83251953100012,10.943298340000126],[105.8298950200001,10.946289062000119],[105.82647705099998,10.950500488000046],[105.82287597700014,10.954528809000067],[105.82110595700004,10.956909180000082],[105.81848144500015,10.96008300800014],[105.81549072300015,10.963684082000043],[105.81292724600002,10.966674805000139],[105.8098754880001,10.970275878999985],[105.80767822300015,10.97290039100011],[105.80548095700004,10.976928711000141],[105.80407714800015,10.979675293000014],[105.80169677700013,10.983703613000102],[105.79949951200012,10.987915039000029],[105.79827880900012,10.99047851600011],[105.79748535200008,10.993713379000155],[105.7910766600001,11.002502441000104],[105.78210449200009,11.024291992000087],[105.77868652300015,11.031677246000072],[105.7744750980001,11.032287598000153],[105.77008056600016,11.031311035000044],[105.76672363300014,11.030517578000058],[105.7633056640002,11.029724121000015],[105.75927734400011,11.028503418000014],[105.75592041000004,11.027099609000118],[105.75329589800015,11.025878906000116],[105.7503051760001,11.02667236300016],[105.74670410200008,11.02667236300016],[105.74291992200011,11.027099609000118],[105.73852539100005,11.027099609000118],[105.73547363300014,11.02648925799997],[105.7313232420002,11.025878906000116],[105.72631835900006,11.024719238000102],[105.72247314500004,11.022888184000124],[105.7180786130001,11.021118164000029],[105.7144775390002,11.018920898000147],[105.71173095700016,11.017089844000168],[105.70892334000007,11.015075684000124],[105.70550537100019,11.012512207000043],[105.70227050800014,11.009887695000145],[105.69927978500004,11.006530762000125],[105.69647216800018,11.003112793000184],[105.69207763700007,11.000305176000154],[105.68927002000004,10.998474121000072],[105.68469238300008,10.996520996000015],[105.68011474600013,10.994506835999971],[105.67669677700007,10.992675781000116],[105.67388915999999,10.991271973000153],[105.67108154300013,10.989501953000058],[105.66729736300005,10.987487793000184],[105.66351318400018,10.986083984000118],[105.65789794900019,10.984497070000089],[105.65429687500011,10.983703613000102],[105.65032959000007,10.983093262000125],[105.64630126999998,10.982299805000082],[105.63989257800017,10.98107910200008],[105.63549804700011,10.979675293000014],[105.63232421900005,10.978881836000028],[105.62768554700011,10.977478027000132],[105.62408447300004,10.976501465000126],[105.62030029300013,10.975524902000075],[105.61669921900005,10.974670410000101],[105.61187744100005,10.973693848000096],[105.61029052700019,10.977111816000104],[105.60870361300016,10.981689453000058],[105.6109008790001,10.98510742200017],[105.61071777300003,10.989074707000043],[105.61047363300008,10.993103027000132],[105.6072998050002,10.995910645000038],[105.60247802700002,10.997070312000176],[105.5994873050002,10.997314453000058],[105.594726562,10.997314453000058],[105.59051513700018,10.999877930000139],[105.58630371100008,11.000671387000125],[105.58392334000001,11.003723145000038],[105.58068847700014,11.006713867000087],[105.58032226600017,11.010314941000104],[105.58349609400005,11.014099121000072],[105.58612060500019,11.018493652000132],[105.58532714800003,11.022705078000058],[105.5886840820001,11.023498535000101],[105.59051513700018,11.026916503999985],[105.59271240200019,11.02947998000019],[105.5952758790001,11.030700684000124],[105.59570312500011,11.034912109000118],[105.59710693400018,11.040283203000115],[105.60009765600017,11.045471191],[105.60229492200006,11.04992675800014],[105.60327148400006,11.054077148000033],[105.60351562500011,11.058105469000168],[105.60211181600005,11.06109619100016],[105.60211181600005,11.064270020000151],[105.60327148400006,11.067321777000132],[105.60229492200006,11.070129395000095],[105.60229492200006,11.074096679999968],[105.60412597700014,11.077880859000174],[105.60290527300003,11.082702637000182],[105.60650634799998,11.08587646500007],[105.60711669900013,11.090515137000182],[105.60968017600004,11.094116211000028],[105.61267089800009,11.097106934000124],[105.61468505900018,11.101074219000054],[105.6187133790001,11.104125977000137],[105.62268066400014,11.10687255900018],[105.62652587900004,11.110290527000188],[105.62908935500008,11.1140747070001],[105.63269043000003,11.117126465000183],[105.63531494100005,11.121276855000076],[105.63330078100017,11.123901367000144],[105.63049316400014,11.126281737999989],[105.6284790040001,11.128723145000095],[105.62567138700007,11.130493164000086],[105.6229248050002,11.133300781000173],[105.61907959000007,11.13647460900006],[105.61712646500007,11.141296387000011],[105.61572265600017,11.1453247070001],[105.61407470700016,11.14971923800016],[105.61328125000011,11.154296875000114],[105.6138916020002,11.158874512000068],[105.61328125000011,11.162719727000137],[105.6138916020002,11.166076660000158],[105.6138916020002,11.169311523000033],[105.61328125000011,11.172119141000167],[105.61267089800009,11.177124023000033],[105.61169433600008,11.180908203000115],[105.61029052700019,11.184509277000188],[105.60913085900017,11.188110351999967],[105.60809326200001,11.191528319999975],[105.60791015600017,11.195129395000151],[105.60772705100004,11.19952392600004],[105.60809326200001,11.204284668000128],[105.61010742200006,11.206726074000187],[105.61071777300003,11.209899902000018],[105.6121215820001,11.212890625000114],[105.61352539100017,11.21569824200003],[105.61468505900018,11.219116211000085],[105.61627197300004,11.223510741999974],[105.61853027300003,11.227478027000075],[105.62030029300013,11.230712891000053],[105.62268066400014,11.23413085900006],[105.62469482400019,11.23767089800009],[105.6251220700002,11.24212646500007],[105.62451171900005,11.246704102000024],[105.62451171900005,11.249694824000017],[105.6270751950002,11.25170898400006],[105.63153076200018,11.25329589800009],[105.63470459000007,11.257507324000017],[105.6362915040001,11.26312255900001],[105.63372802700019,11.26611328100006],[105.63568115200007,11.268493652000075],[105.63732910200014,11.271301270000038],[105.64031982400019,11.272888184000067],[105.6453247070001,11.271911621000186],[105.64807128900014,11.268310547000112],[105.65008544900019,11.265686035000044],[105.65307617200011,11.264709473000039],[105.65808105500008,11.265075684000067],[105.66308593700012,11.264892578],[105.66790771500007,11.264709473000039],[105.66888427700007,11.269470215000126],[105.66967773400006,11.27429199200003],[105.66809082000003,11.278930664000143],[105.66528320300017,11.284118652000075],[105.66333007800012,11.288330078000172],[105.66192627000015,11.291870117000087],[105.66070556600005,11.29748535200008],[105.66027832000003,11.301513672000112],[105.65930175800008,11.305725098000039],[105.65551757800017,11.30969238300014],[105.65368652300009,11.314086914000029],[105.65332031200006,11.31750488300014],[105.65228271500013,11.320922852000024],[105.65228271500013,11.323913574000073],[105.65228271500013,11.32727050799997],[105.65270996100008,11.330871582000043],[105.65289306600005,11.334289551000154],[105.65350341800013,11.338317871000015],[105.65429687500011,11.343322754000155],[105.65411377000015,11.346923828000058],[105.65332031200006,11.351684570000145],[105.65289306600005,11.356506348000096],[105.65252685500008,11.360473633000026],[105.65228271500013,11.364074707000043],[105.65228271500013,11.368713378999985],[105.65252685500008,11.373107910000044],[105.65289306600005,11.377929687000119],[105.65209960900006,11.382690430000139],[105.65167236300005,11.389099121000072],[105.6519165040001,11.394104004000042],[105.6519165040001,11.397521973000096],[105.6519165040001,11.400695800999983],[105.65228271500013,11.403930664000029],[105.65332031200006,11.408691406000116],[105.6549072270002,11.41271972700008],[105.65570068400018,11.415527344000168],[105.6561279300002,11.419677734000174],[105.65588378900014,11.423095703000115],[105.65649414100005,11.427307129000042],[105.6583251950002,11.431884766000167],[105.65930175800008,11.435302734000174],[105.65948486300005,11.438476562000062],[105.66107177700007,11.441284180000025],[105.66412353500016,11.445129395000095],[105.66607666000004,11.448120117000087],[105.66772460900006,11.451110840000013],[105.66912841800013,11.45532226600011],[105.66931152300009,11.45928955100004],[105.66888427700007,11.462707520000151],[105.67010498000008,11.466308594],[105.66748046900011,11.469726562],[105.66607666000004,11.473510742000144],[105.66491699200014,11.477294922000056],[105.66491699200014,11.48187255900018],[105.66552734400005,11.48651123000002],[105.66668701200007,11.4890747070001],[105.66888427700007,11.491882324000187],[105.67169189500004,11.49407959000007],[105.67492675800008,11.495117187000062],[105.67712402300003,11.4968872070001],[105.67968750000017,11.498718262000182],[105.6802978520002,11.50189209000007],[105.68231201200007,11.50567626999998],[105.68572998000008,11.50811767600004],[105.68450927700007,11.511718750000114],[105.68292236300005,11.51531982400013],[105.68072509800004,11.51947021500007],[105.6785278320001,11.524108887000011],[105.67950439500004,11.529296875000114],[105.6773071290001,11.533874512000068],[105.68011474600013,11.536926270000151],[105.6838989260001,11.539489746000129],[105.68792724600013,11.543273926000097],[105.69012451200007,11.54632568400018],[105.690673828,11.549499512000068],[105.69012451200007,11.55249023400006],[105.6890869140002,11.555297852000024],[105.68927002000004,11.559875488000046],[105.69091796900005,11.562927246000129],[105.69348144500009,11.565307616999974],[105.69628906200012,11.565917969000054],[105.69970703100006,11.567321777000018],[105.70391845700016,11.568908691000047],[105.70867919900007,11.570495605000076],[105.71270752000004,11.571472168000128],[105.7180786130001,11.573120116999974],[105.72167968700012,11.574279785000044],[105.72607421900011,11.575500488000046],[105.72967529300018,11.576477051000097],[105.73388671900011,11.577087402000075],[105.7368774410001,11.577087402000075],[105.74011230500008,11.577087402000075],[105.74310302700007,11.57788085900006],[105.7424926760001,11.581909180000025],[105.74371337900016,11.585510254000098],[105.747314453,11.588073730000133],[105.75329589800015,11.5867309570001],[105.75732421900011,11.586303711000141],[105.7603149410001,11.5867309570001],[105.76409912100002,11.587707520000038],[105.76751709000013,11.588500977000024],[105.77069091800018,11.587707520000038],[105.77368164100011,11.587524414000143],[105.77691650400016,11.58789062500017],[105.78051757800006,11.587707520000038],[105.78350830100015,11.58789062500017],[105.78607177700013,11.589111328000172],[105.788330078,11.591125488000046],[105.79071044900007,11.592895508000083],[105.79327392600015,11.595275879000155],[105.7966918950001,11.59710693400001],[105.79992675800014,11.597900391000053],[105.80548095700004,11.59851074200003],[105.80950927700013,11.599487305000082],[105.8109130860002,11.59509277300009],[105.81170654300018,11.589111328000172]]]}},{"type":"Feature","properties":{"adm1_name":"Takeo","adm1_name1":null,"adm1_name2":null,"adm1_name3":null,"adm1_pcode":"KH21","adm0_name":"Cambodia","adm0_name1":null,"adm0_name2":null,"adm0_name3":null,"adm0_pcode":"KH","valid_on":"2018-10-04","valid_to":null,"area_sqkm":3492.28131939,"version":"v01","lang":"en","lang1":null,"lang2":null,"lang3":null,"adm1_ref_name":"Takeo","center_lat":10.93600464,"center_lon":104.78999403},"geometry":{"type":"Polygon","coordinates":[[[104.8013305660001,11.354309082000043],[104.80487060500019,11.352478027000132],[104.80810546900017,11.352722168000184],[104.81207275400004,11.350280762000125],[104.81549072300015,11.348510742000087],[104.81848144500015,11.34790039100011],[104.82171630900012,11.34631347700008],[104.82629394500015,11.345520020000038],[104.83050537100007,11.346923828000058],[104.8320922850001,11.343688965000183],[104.834716797,11.342285156000116],[104.83850097700014,11.342102051000154],[104.84350585900017,11.34289550800014],[104.84851074200009,11.343078613000102],[104.85247802700019,11.341674805000139],[104.85571289100017,11.343505859000118],[104.85791015600012,11.34631347700008],[104.86248779300007,11.349121094000111],[104.8652954100001,11.351928710999971],[104.86907959000007,11.351074219000168],[104.87329101600017,11.351074219000168],[104.87591552700019,11.348083496000072],[104.87988281200006,11.348510742000087],[104.88330078100017,11.348876953000058],[104.88708496100008,11.348327637000125],[104.8905029300002,11.349304199000073],[104.89471435500019,11.349304199000073],[104.89672851600017,11.347106934000067],[104.90051269500015,11.345092773000147],[104.90332031200006,11.342529297000112],[104.90631103500016,11.342285156000116],[104.90948486299999,11.342102051000154],[104.91333007800012,11.34008789100011],[104.91607666000016,11.337097168000184],[104.91888427700002,11.333679199000073],[104.92089843700006,11.329528809000067],[104.92529296900005,11.32727050799997],[104.92987060500008,11.327880859000118],[104.93469238300008,11.330505371000015],[104.9381103520002,11.32812500000017],[104.93927002000004,11.325073242000087],[104.93951416000016,11.321472168000014],[104.939697266,11.31530761700003],[104.93988037100019,11.30712890600006],[104.939697266,11.302307129000155],[104.93951416000016,11.298522949000017],[104.93847656200012,11.29431152300009],[104.9370727540001,11.28991699200003],[104.93609619100005,11.28710937500017],[104.93432617200006,11.28369140600006],[104.93310546900005,11.280883789000029],[104.92907714800009,11.274108887000068],[104.92608642600004,11.27148437500017],[104.9273071290001,11.268310547000112],[104.9285278320001,11.26452636700003],[104.92987060500008,11.26110839800009],[104.93090820300012,11.257324219000054],[104.93328857400019,11.251892090000126],[104.93591308600008,11.247314453000172],[104.93890380900018,11.243713379000098],[104.94171142600004,11.241271973000096],[104.94512939500015,11.239685059000067],[104.94873046900005,11.23828125000017],[104.95208740200007,11.236877441000104],[104.95507812500017,11.23547363300014],[104.95831298799999,11.233886719000111],[104.96270751999998,11.232299805000082],[104.96630859400005,11.229309082000157],[104.96990966800013,11.227294922000112],[104.97412109400005,11.225097656],[104.97711181600005,11.223327637000011],[104.98052978500016,11.22052001999998],[104.98132324200014,11.215881348000039],[104.98248291000004,11.21228027300009],[104.9832763670002,11.20947265600006],[104.98449707000003,11.205871582000157],[104.98529052700007,11.203125000000114],[104.98449707000003,11.199096680000025],[104.98388671900011,11.196289062000062],[104.9832763670002,11.19329834000007],[104.98229980500008,11.189514160000158],[104.98028564500004,11.183105469000054],[104.98229980500008,11.179504395000151],[104.98431396500007,11.176879883000083],[104.98632812500011,11.174072266000053],[104.98907470700016,11.17327880900001],[104.9923095700002,11.172912597999982],[104.99530029300013,11.172729492000144],[104.99932861300005,11.172912597999982],[105.00390625000017,11.172912597999982],[105.01928710900012,11.17352294900013],[105.01892089800009,11.16912841800007],[105.01629638700007,11.165893555000025],[105.01348877000004,11.162109375000114],[105.01727294900007,11.163085937000062],[105.02148437500017,11.16351318400018],[105.02630615200007,11.161926270000151],[105.0256958010001,11.158874512000068],[105.02288818400007,11.157897949000187],[105.0200805660001,11.155883789000143],[105.01989746100014,11.152709961000085],[105.02032470700016,11.148681641],[105.01892089800009,11.14471435500002],[105.01867675800014,11.139892578000115],[105.01672363300008,11.135314941],[105.01849365200007,11.132080078000115],[105.01910400400016,11.126708984000174],[105.01611328100006,11.12432861300016],[105.01690673800005,11.120727539000086],[105.01849365200007,11.116088867000144],[105.01751709000013,11.111694336000085],[105.01708984400011,11.107727050999983],[105.01910400400016,11.104919434000124],[105.0178833010001,11.101684569999975],[105.01672363300008,11.098327637000125],[105.01251220700016,11.095703125000057],[105.01068115200007,11.090087891000167],[105.01068115200007,11.085327148000147],[105.00848388700007,11.081726074000073],[105.0067138670002,11.077697754000042],[105.00628662100019,11.073486328000115],[105.00469970700016,11.069702147999976],[105.00311279300013,11.066711426000154],[105.00268554700011,11.063293457000043],[105.00231933600014,11.060302734000174],[105.0003051760001,11.057312012000125],[104.99627685500013,11.055908203000058],[104.99810790999999,11.052307129000042],[104.99871826200007,11.049316406000116],[104.9967041020002,11.045715332000043],[104.9946899410001,11.04211425799997],[104.99291992200011,11.038513184000124],[104.99310302700007,11.035522461000028],[104.99572753900014,11.032287598000153],[104.99792480500003,11.029296875000057],[104.99731445300017,11.02612304700017],[104.99591064500004,11.022521973000096],[104.99450683600014,11.01831054700017],[104.9937133790001,11.014709473000096],[104.9924926760001,11.011291503999985],[104.99090576200007,11.007690430000139],[104.9912719730001,11.004699707000043],[104.9924926760001,11.001708984000118],[104.9937133790001,10.99829101600011],[104.9989013670002,10.998107910000044],[105.00408935500013,10.995910645000038],[105.00872802700002,10.995117187000119],[105.01171875000011,10.994506835999971],[105.01507568400007,10.99353027300009],[105.01867675800014,10.992675781000116],[105.02331543000008,10.992126465000126],[105.02868652300009,10.991699219000111],[105.03112793000008,10.988708496000015],[105.03149414100005,10.984680176000154],[105.03167724600002,10.980895996000015],[105.0321044920002,10.976318359000118],[105.0321044920002,10.972106934000067],[105.03167724600002,10.967712402000075],[105.03131103500004,10.964721680000082],[105.03149414100005,10.960510254000155],[105.03289794900007,10.956909180000082],[105.03411865200007,10.954284668000184],[105.03588867200017,10.951110840000126],[105.0374755860002,10.94787597700008],[105.03808593700012,10.944519043000128],[105.0386962890002,10.940490723000096],[105.03912353499999,10.935485840000126],[105.04089355500008,10.932128906],[105.04248046900011,10.928100586000141],[105.0413208010001,10.92468261700003],[105.03948974600019,10.921691895000038],[105.0374755860002,10.918273926000097],[105.03552246100014,10.914306641000053],[105.0335083010001,10.910705566000104],[105.03289794900007,10.905700684000067],[105.0347290040001,10.901672363000046],[105.03631591800013,10.897705078000172],[105.03369140600006,10.89428710900006],[105.03051757800017,10.892883301000097],[105.03027343700012,10.888916016000053],[105.0308837890002,10.88610839800009],[105.03271484400011,10.879272461000141],[105.03430175800014,10.873291016000053],[105.03607177700013,10.866882324000017],[105.03808593700012,10.862915039000143],[105.04028320300006,10.858093262000068],[105.04168701200012,10.855529785000158],[105.04309082000009,10.852478027000075],[105.04449462900016,10.849670409999987],[105.04632568400007,10.845520020000151],[105.04827880900007,10.84112548800016],[105.04968261700009,10.837890625000114],[105.05212402300009,10.833129883000026],[105.0532836910001,10.830078125000114],[105.05487060500013,10.826721191000047],[105.05651855500008,10.823303223000039],[105.05828857400007,10.820129395000151],[105.05847168000014,10.814880371000129],[105.05828857400007,10.810119629000042],[105.05749511700003,10.80609130900018],[105.05712890600006,10.801879883000083],[105.06048584000013,10.799682616999974],[105.06207275399998,10.796508789000086],[105.06250000000017,10.793090820000032],[105.06292724600019,10.789916992000144],[105.06329345700004,10.786071777000018],[105.06451416000004,10.782104492000144],[105.06829834000013,10.779479980000076],[105.07110595699999,10.778686523000033],[105.07427978500004,10.77752685500019],[105.07751464800009,10.77508544900013],[105.0798950200001,10.772521973000153],[105.08270263700012,10.769104004000042],[105.08532714800009,10.765686035000158],[105.08728027300015,10.762695312000062],[105.08929443400007,10.759887694999975],[105.09191894500009,10.756530762000125],[105.0930786130001,10.752502441],[105.09710693400007,10.720275879000042],[105.09368896500018,10.71807861300016],[105.0908813480001,10.71649169900013],[105.08831787100019,10.714904785000101],[105.08508300800014,10.713317871000072],[105.08209228500004,10.711730957000043],[105.07891845699999,10.709899902000132],[105.07568359400011,10.707885742000087],[105.07232666000004,10.7058715820001],[105.06872558600014,10.70428466800007],[105.06567382800006,10.702514648000147],[105.06268310500013,10.700927734000118],[105.05908203100006,10.698913574000073],[105.05511474600019,10.69647216800007],[104.9946899410001,10.662292480000133],[104.98870849600019,10.657714844000111],[104.98370361300005,10.654724121000015],[104.97949218700012,10.652282715000183],[104.97491455100004,10.649291992000087],[104.97052002000015,10.646484375000057],[104.96667480500008,10.644287109000118],[104.9635009770002,10.642272949000073],[104.9605102540001,10.640319824000073],[104.95770263700007,10.638488770000095],[104.95428466800013,10.636901855000133],[104.95111084000007,10.63110351600011],[104.94848632800017,10.628295898000147],[104.94549560500008,10.624877930000139],[104.94232177700019,10.620910645000038],[104.939697266,10.617919922000112],[104.93768310500008,10.61547851600011],[104.93530273400006,10.613708496000186],[104.934082031,10.610900879000155],[104.93231201200001,10.607299805000082],[104.92987060500008,10.603271484000118],[104.92791748000002,10.599670410000044],[104.92547607400019,10.595886230000133],[104.92327880900018,10.59228515600006],[104.92047119100005,10.587280273000147],[104.9182739260001,10.583312988000046],[104.91632080100004,10.579895020000038],[104.91369628900014,10.575683594000111],[104.91070556600005,10.570678710999971],[104.90869140600017,10.566711426000097],[104.90447998000008,10.560119629000098],[104.90191650400004,10.555725098000039],[104.89971923800016,10.55212402300009],[104.89752197300015,10.547912598000039],[104.89349365200019,10.543884277000075],[104.88970947300015,10.540527344000054],[104.88690185500002,10.538085937000119],[104.88372802700013,10.535278320000089],[104.88067627000015,10.532287598000039],[104.87689209000007,10.528930664000143],[104.87371826200018,10.526306152000018],[104.87127685500008,10.52429199200003],[104.86907959000007,10.522277832000157],[104.86328125000011,10.521728516],[104.85107421900005,10.52130126999998],[104.83489990200013,10.520690918000128],[104.82751464800015,10.52130126999998],[104.81188964799998,10.519714355000076],[104.80072021500018,10.51928710900006],[104.78808593700018,10.518920898000033],[104.77209472700008,10.518127441000047],[104.76171875000017,10.518310547000112],[104.75372314500004,10.517883301000097],[104.74932861300005,10.519104004000098],[104.74652099600019,10.520080566000104],[104.7144775390002,10.53210449200003],[104.71789550800014,10.534301758000083],[104.71850585900012,10.537292480000076],[104.71649169900007,10.539489746000186],[104.714111328,10.541503906],[104.71331787100019,10.545715332000157],[104.71209716800018,10.550903320000032],[104.71209716800018,10.555480956999986],[104.7114868160001,10.558898926000097],[104.71173095700016,10.563110352000024],[104.71191406200012,10.566528320000032],[104.7125244140002,10.57012939499998],[104.71289062500017,10.575317383000083],[104.7114868160001,10.58068847700008],[104.70727539100011,10.584899902000075],[104.70648193400007,10.589111328],[104.70672607400002,10.592529297000112],[104.70727539100011,10.596496581999986],[104.70947265600012,10.600891113000102],[104.71130371100014,10.604675293000184],[104.71350097700008,10.609497070000089],[104.7114868160001,10.612304687000119],[104.71051025400016,10.616088867000087],[104.70770263700012,10.619079590000183],[104.70489502000004,10.619689941000104],[104.69989013700012,10.61987304700017],[104.6956787110002,10.620300293000184],[104.69232177700007,10.620483398000147],[104.6892700200001,10.620727538999972],[104.68572998000008,10.620910645000038],[104.6812744140002,10.62109375],[104.67730712900016,10.621276855000133],[104.67388916000004,10.621276855000133],[104.67492675800008,10.625122070000089],[104.67547607400007,10.629699707000043],[104.67651367200011,10.633117676000097],[104.67687988300014,10.636108398000147],[104.67633056600005,10.641296387000125],[104.67547607400007,10.645690918000184],[104.67492675800008,10.648498535000044],[104.67370605500008,10.651916504000155],[104.67431640600006,10.655517578000058],[104.67510986300005,10.659729004000155],[104.67468261700003,10.663696289000029],[104.67431640600006,10.667297363000102],[104.67388916000004,10.670898437000176],[104.67431640600006,10.674682617000087],[104.67449951200007,10.678100586000028],[104.67388916000004,10.680908203000058],[104.67449951200007,10.68469238299997],[104.67388916000004,10.688903809000124],[104.67211914100005,10.691101074000073],[104.67108154300018,10.69549560500019],[104.67327880900007,10.700500488000102],[104.67651367200011,10.703674316],[104.68048095699999,10.706298828000058],[104.68310546900011,10.710510254000042],[104.68450927700007,10.715087891000167],[104.68688964800009,10.718322753999985],[104.68768310500013,10.72131347700008],[104.69110107400007,10.724670410000101],[104.69409179700017,10.728271484000174],[104.6959228520002,10.731079102000137],[104.6983032230001,10.734497070000145],[104.6995239260001,10.738708496000072],[104.70208740200007,10.741088867000144],[104.70007324200009,10.74407959000007],[104.69970703100006,10.747070312000062],[104.69989013700012,10.750488281000173],[104.70129394500009,10.755310059000124],[104.70269775400016,10.758911133000026],[104.70269775400016,10.762084961000085],[104.70391845700016,10.764709473000153],[104.70751953100006,10.767517090000013],[104.71112060500013,10.770507812],[104.71429443400007,10.772705078000115],[104.71887207000009,10.77508544900013],[104.72430419900007,10.77728271500007],[104.72912597700002,10.780273437000062],[104.72528076200012,10.782104492000144],[104.72308349600007,10.784301758000026],[104.7222900390002,10.788330078000115],[104.7192993160001,10.791503906000173],[104.71667480500014,10.79327392600004],[104.71508789100011,10.796508789000086],[104.71209716800018,10.799072266],[104.71051025400016,10.801879883000083],[104.70831298800005,10.804504395000151],[104.7061157230001,10.806518555000025],[104.70672607400002,10.809509277000188],[104.705078125,10.8132934570001],[104.70532226600005,10.816528319999975],[104.70532226600005,10.820312500000114],[104.705078125,10.824096680000025],[104.70452880900007,10.828308105000076],[104.70452880900007,10.832092285000158],[104.70672607400002,10.835083008000083],[104.70550537100019,10.839477539000143],[104.70330810500013,10.845275879000098],[104.70208740200007,10.848693848000039],[104.70092773400006,10.851318359],[104.69927978500004,10.8543090820001],[104.6983032230001,10.858703613000046],[104.69708252000004,10.861511230000076],[104.69189453100006,10.872924805000025],[104.68951416000004,10.874511719000054],[104.68688964800009,10.88031005900001],[104.67791748000008,10.89367675800014],[104.67431640600006,10.894104004000098],[104.67431640600006,10.899902344000054],[104.6682739260001,10.901123047000112],[104.65869140600006,10.906127930000025],[104.65472412100013,10.90710449200003],[104.65087890600006,10.90710449200003],[104.64550781200012,10.906494141000053],[104.64190673800005,10.906311034999987],[104.63470459000007,10.905090332000157],[104.63092041000016,10.904479980000133],[104.62451171900005,10.901489258000083],[104.61828613300008,10.902282715000126],[104.597900391,10.892089844000111],[104.58532714800003,10.886291504000098],[104.58032226600017,10.886291504000098],[104.57452392600004,10.886901855000076],[104.56231689500015,10.887512207000157],[104.55932617200006,10.887878418000128],[104.55407714800003,10.887084961000141],[104.5499267580002,10.88647460900006],[104.54650878900009,10.886291504000098],[104.53588867200006,10.887084961000141],[104.52148437500011,10.89392089800009],[104.52728271500007,10.905273437000119],[104.54107666000016,10.930297852000024],[104.5408935550002,10.936523437000119],[104.5396728520002,10.947509766000053],[104.5396728520002,10.952087402000075],[104.54071044900013,10.958496094000111],[104.54132080100004,10.966125488000046],[104.5396728520002,10.969726562000119],[104.5396728520002,10.975280762000125],[104.53887939500015,10.98107910200008],[104.5379028320001,10.987121581999986],[104.53607177700019,10.990295410000044],[104.53448486300016,10.99328613299997],[104.53411865200019,10.99829101600011],[104.53247070300017,11.003295898000147],[104.5300903320001,11.007324219000111],[104.52929687500011,11.010070800999983],[104.52789306600005,11.013305664000029],[104.52569580100004,11.01672363300014],[104.52410888700018,11.019470215000183],[104.52331543000014,11.02368164100011],[104.52148437500011,11.02667236300016],[104.51867675800003,11.030700684000124],[104.51593017600015,11.034912109000118],[104.51367187500011,11.038513184000124],[104.51092529300007,11.042724609000118],[104.50732421900017,11.045715332000043],[104.50427246100008,11.051086425999983],[104.49951171900017,11.05828857400013],[104.49627685500002,11.05932617200017],[104.486877441,11.059692383000026],[104.48767089800003,11.07092285200008],[104.46850585900017,11.056884766000167],[104.46112060500013,11.063720703000058],[104.45507812500006,11.057922363000102],[104.45507812500006,11.06890869100016],[104.45129394500015,11.071289062],[104.44750976600011,11.07250976600011],[104.444091797,11.073120117000087],[104.44128418000014,11.07391357400013],[104.43792724600002,11.075927734000118],[104.43347168000014,11.08032226600011],[104.42889404300001,11.081726074000073],[104.4251098630001,11.082275391000167],[104.4216918950001,11.082275391000167],[104.41748046900017,11.081481934000124],[104.41351318400007,11.079711914000086],[104.41107177700013,11.077880859000174],[104.41027832000015,11.111083984],[104.41052246100014,11.13690185500002],[104.41308593700018,11.134887695000032],[104.4172973630001,11.13250732400013],[104.421875,11.132080078000115],[104.4251098630001,11.130493164000086],[104.42852783200004,11.128479004000098],[104.43231201200012,11.128479004000098],[104.436279297,11.130920410000101],[104.43969726600011,11.131896972999982],[104.44287109400017,11.132873535000158],[104.44567871100003,11.130493164000086],[104.44952392600015,11.128479004000098],[104.45428466800007,11.12689209000007],[104.45812988300014,11.124877930000025],[104.46173095700004,11.124084472999982],[104.46472168000014,11.124877930000025],[104.46728515600012,11.126098633000026],[104.47070312500006,11.124877930000025],[104.47448730500014,11.124511719],[104.47869873000019,11.124511719],[104.48187255900018,11.124084472999982],[104.48529052700019,11.123718262000182],[104.49011230500014,11.124084472999982],[104.49548339800003,11.12469482400013],[104.50048828100017,11.126098633000026],[104.50311279300007,11.127685547000056],[104.5059204100001,11.129882812000062],[104.50927734400005,11.131530762000182],[104.5125122070001,11.131286621000129],[104.5155029300002,11.1296997070001],[104.51647949200014,11.126098633000026],[104.51849365200019,11.123107910000101],[104.52148437500011,11.119873047000056],[104.52447509800004,11.117919922000056],[104.52667236299999,11.115478516000167],[104.52929687500011,11.11248779300007],[104.53387451200001,11.110900879000042],[104.5379028320001,11.107482910000158],[104.54229736300016,11.105285645000151],[104.54608154300013,11.10467529300007],[104.55010986300016,11.10369873000019],[104.55468750000011,11.101684569999975],[104.55828857400019,11.100097656000116],[104.56152343700006,11.100524902000132],[104.56469726600017,11.098876953000115],[104.56811523400017,11.098327637000125],[104.57208251999998,11.097900391000167],[104.57550048799999,11.097290039000086],[104.57867431600005,11.096313477000137],[104.58129882800017,11.095092773000033],[104.58508300800008,11.093505859000174],[104.58868408200016,11.091308594000168],[104.59210205100004,11.089477539000086],[104.59667968700012,11.087890625000057],[104.60290527300003,11.086914062000176],[104.60650634800004,11.085510254000042],[104.61169433600014,11.085693359000174],[104.61572265600017,11.085083008000026],[104.61853027300003,11.08428955100004],[104.62249755900001,11.08428955100004],[104.62731933600008,11.082275391000167],[104.6295166020002,11.079895020000095],[104.63269043000008,11.078674316],[104.63568115200007,11.078125],[104.63928222700002,11.07928466800007],[104.64129638700007,11.082702637000182],[104.64447021500013,11.084716797],[104.6480712890002,11.083312988000102],[104.65112304700011,11.08367919900013],[104.65393066400014,11.08312988299997],[104.65771484400005,11.084472656000173],[104.66351318400001,11.085510254000042],[104.6682739260001,11.08612060500019],[104.67132568400001,11.087280273000033],[104.67468261700003,11.090270996000129],[104.6782836910001,11.09149169900013],[104.68231201200007,11.090698242000144],[104.68627929700017,11.087524414000086],[104.68548584000013,11.096923828000058],[104.6860961910001,11.107727050999983],[104.68670654300013,11.115722656000116],[104.68792724600019,11.123474121000129],[104.68731689500004,11.127685547000056],[104.68688964800009,11.131286621000129],[104.68548584000013,11.142517090000013],[104.68432617200011,11.155883789000143],[104.68469238300014,11.159912109],[104.68530273400006,11.166076660000158],[104.68591308600014,11.170898437000062],[104.68951416000004,11.180725097999982],[104.69012451200007,11.183715820000032],[104.68969726600005,11.188476562000119],[104.69128418000008,11.197326660000158],[104.6926879880001,11.206909180000025],[104.69409179700017,11.214477538999972],[104.6956787110002,11.222473145000038],[104.6968994140002,11.22827148400006],[104.69628906200012,11.232910156],[104.69848632800006,11.236511230000076],[104.70147705100015,11.241271973000096],[104.70129394500009,11.250671387000125],[104.70227050800014,11.25671386700003],[104.70727539100011,11.28369140600006],[104.70690918000008,11.289306641000053],[104.70672607400002,11.297912598000096],[104.70867919900007,11.30688476600011],[104.71087646500018,11.321289062000176],[104.7125244140002,11.324523926000097],[104.71508789100011,11.327697754000155],[104.71752929700011,11.33068847700008],[104.71948242200017,11.333679199000073],[104.7236938480001,11.339111328000058],[104.72668457000009,11.343078613000102],[104.72949218700018,11.346679687000176],[104.73248291000004,11.349914551000154],[104.7457275390002,11.342285156000116],[104.74969482400007,11.34008789100011],[104.7525024410001,11.33850097700008],[104.75512695300006,11.336914062000119],[104.75891113300014,11.337524414000029],[104.76232910200008,11.339721680000082],[104.7659301760001,11.342102051000154],[104.76971435500013,11.344299316000104],[104.77270507800006,11.346130371000186],[104.7764892580002,11.345886230000133],[104.77947998000019,11.346923828000058],[104.78369140600012,11.348510742000087],[104.78948974600007,11.349670410000101],[104.79388427700013,11.350891113000102],[104.79711914100011,11.353698730000133],[104.8013305660001,11.354309082000043]]]}},{"type":"Feature","properties":{"adm1_name":"Tboung Khmum","adm1_name1":null,"adm1_name2":null,"adm1_name3":null,"adm1_pcode":"KH25","adm0_name":"Cambodia","adm0_name1":null,"adm0_name2":null,"adm0_name3":null,"adm0_pcode":"KH","valid_on":"2018-10-04","valid_to":null,"area_sqkm":4932.48344152,"version":"v01","lang":"en","lang1":null,"lang2":null,"lang3":null,"adm1_ref_name":"Tboung Khmum","center_lat":11.95059204,"center_lon":105.91120207},"geometry":{"type":"Polygon","coordinates":[[[105.64172363300003,12.288696288999972],[105.64910888700007,12.286315918000128],[105.6812744140002,12.28649902300009],[105.68530273400006,12.285278320000089],[105.698486328,12.281921387000068],[105.70410156200012,12.279907227000024],[105.72113037100019,12.277526855000076],[105.72113037100019,12.274475098000096],[105.72467041000004,12.269470215000126],[105.73052978499999,12.266113281],[105.73547363300014,12.263305664000143],[105.73992919900019,12.260498047000112],[105.74548339800015,12.258911133000083],[105.75231933600014,12.258483887000068],[105.75653076200007,12.257873535000044],[105.76007080100015,12.257690430000082],[105.76489257800006,12.257873535000044],[105.7711181640002,12.259887695000032],[105.77508544900007,12.25970459000007],[105.7778930660001,12.259094238000046],[105.78192138700012,12.258728027000188],[105.78710937500017,12.258728027000188],[105.79168701200012,12.258728027000188],[105.79608154300001,12.259094238000046],[105.80108642600015,12.25970459000007],[105.8057250980001,12.259887695000032],[105.80889892600015,12.259887695000032],[105.8123168950001,12.259887695000032],[105.81689453100012,12.259887695000032],[105.82110595700004,12.258911133000083],[105.82470703100012,12.258483887000068],[105.8284912110002,12.25811767600004],[105.8311157230001,12.256896973000039],[105.8311157230001,12.252075195000032],[105.83068847700014,12.24749755900001],[105.83007812500006,12.243530273000033],[105.83129882800006,12.23968505900001],[105.83410644500015,12.236877441000047],[105.83471679700017,12.232910156000173],[105.83728027299998,12.231079102000024],[105.83807373000019,12.227905273000033],[105.8377075200001,12.22491455100004],[105.83691406200018,12.220703125000114],[105.83831787100007,12.216918944999975],[105.8411254880001,12.212524414000086],[105.84228515600012,12.20831298800016],[105.84252929700017,12.204895020000151],[105.8477172850001,12.204711914000086],[105.8519287110002,12.20330810500002],[105.85388183600003,12.205871582000157],[105.85510253900009,12.20892334000007],[105.85931396500018,12.213073730000076],[105.86071777300015,12.219299316000047],[105.86468505900012,12.221923828000115],[105.86730957000015,12.219726562000062],[105.8695068360002,12.217529297000056],[105.8731079100001,12.215698241999974],[105.87707519500015,12.217895508000083],[105.88031005900012,12.215881348000039],[105.88311767600015,12.213073730000076],[105.88610839799998,12.213500976999967],[105.88970947300015,12.212524414000086],[105.89349365200019,12.21087646500007],[105.8972778320001,12.212097168000128],[105.901123047,12.213317871000129],[105.90551757800012,12.214721680000025],[105.90911865200013,12.214477539000143],[105.91009521500007,12.21868896500007],[105.9141235350001,12.216491699000187],[105.9158935550002,12.21429443400018],[105.91870117200006,12.215515137000011],[105.92248535200014,12.215881348000039],[105.92633056600016,12.217529297000056],[105.92987060500008,12.220275879000098],[105.9315185550002,12.216491699000187],[105.93328857400019,12.213073730000076],[105.93670654300007,12.214111328000115],[105.94049072300004,12.212524414000086],[105.94207763700007,12.209472656],[105.94512939500015,12.207092285000158],[105.94427490200002,12.204101562000062],[105.94427490200002,12.199890137000011],[105.94750976600017,12.197875977000024],[105.951721191,12.199096680000025],[105.95489502000015,12.200927734000174],[105.95727539100005,12.197692871000129],[105.96069335900006,12.196289062000062],[105.96612548800016,12.19671630900018],[105.97192382800012,12.19671630900018],[105.97369384800004,12.201293945000032],[105.9793090820001,12.204711914000086],[105.9832763670002,12.203674316000047],[105.9844970700002,12.200073241999974],[105.98669433600008,12.202697754000098],[105.9901123050002,12.202697754000098],[105.99310302700002,12.201904297000056],[105.99468994100005,12.19952392600004],[105.99310302700002,12.19708251999998],[105.99328613300008,12.193908691000047],[105.99353027300003,12.190673828000172],[105.99047851600005,12.190490723000039],[105.98907470700016,12.193725586000085],[105.98529052700002,12.191284180000025],[105.98651123000008,12.188110352000137],[105.99072265600017,12.186523437],[105.99310302700002,12.183288574000187],[105.99591064500015,12.185302734],[106.0001220700002,12.184509277000188],[106.00427246100014,12.184082031000173],[106.00891113300008,12.182678223000039],[106.01068115200007,12.17889404300007],[106.00732421900005,12.17608642600004],[106.00952148400006,12.172912598000153],[106.01348877000004,12.168884277000188],[106.01312255900018,12.16571044900013],[106.01593017600004,12.163696289000086],[106.01892089800003,12.161682129000098],[106.01831054700011,12.158874512000011],[106.01831054700011,12.1550903320001],[106.01629638700007,12.15008544900013],[106.01751709000007,12.1472778320001],[106.02148437500017,12.149108887000182],[106.0244750980001,12.1472778320001],[106.02728271500013,12.148315429999968],[106.03009033200016,12.147521973000153],[106.03491210900006,12.14971923800016],[106.03967285200008,12.151306152000188],[106.0413208010001,12.154907227000137],[106.04467773400012,12.156311035000101],[106.04510498000008,12.153076172000056],[106.04492187500011,12.14971923800016],[106.04388427700007,12.146118164000086],[106.04809570300017,12.144897461000085],[106.04992675800008,12.139892578000115],[106.05133056600005,12.135681152000188],[106.05548095699999,12.13409423800016],[106.05908203100006,12.131896973000153],[106.0598754880001,12.127929687000176],[106.05950927700007,12.124328613000102],[106.05590820300017,12.123718262000125],[106.05572509800004,12.120483398000033],[106.05969238300014,12.117126465000183],[106.05932617200011,12.112670898000033],[106.057128906,12.110107422],[106.05352783200016,12.108093262000182],[106.0496826170002,12.106689453000115],[106.04888916000004,12.101928711000028],[106.04669189500004,12.099670410000101],[106.04351806600005,12.100280762000182],[106.04168701200007,12.096679687],[106.04351806600005,12.092895508000026],[106.04632568400018,12.091674804999968],[106.04949951200007,12.089477539000086],[106.04687500000017,12.085876465000013],[106.04492187500011,12.082519531000116],[106.04852294900019,12.081115723000096],[106.05133056600005,12.081909180000139],[106.05310058600014,12.085083008000026],[106.057128906,12.08648681600016],[106.05969238300014,12.085327148000147],[106.05908203100006,12.082519531000116],[106.06329345700016,12.081481934000124],[106.0689086910001,12.080078125000057],[106.07171630900007,12.082092285000101],[106.07592773400006,12.081481934000124],[106.07489013700012,12.077087402000132],[106.07391357400002,12.07250976600011],[106.07727050800014,12.070129395000038],[106.08032226600005,12.069519043000184],[106.08392334000013,12.069702148000147],[106.08630371100014,12.071289062000176],[106.08673095700016,12.074523926000154],[106.09069824200003,12.073486328000058],[106.0942993160001,12.074890137000125],[106.09588623000013,12.072082520000095],[106.10028076200012,12.074890137000125],[106.10467529300018,12.074890137000125],[106.1077270510001,12.073486328000058],[106.11132812500017,12.07531738300014],[106.11309814500004,12.072875977000137],[106.11547851600011,12.07049560500019],[106.11791992200011,12.067871094000168],[106.11712646500013,12.065124512000125],[106.11810302700007,12.062316895000095],[106.12152099600019,12.060729980000133],[106.12011718700012,12.05712890600006],[106.12292480500008,12.05529785200008],[106.12670898400012,12.05688476600011],[106.12872314500004,12.054321289000029],[106.13110351600011,12.055908203000058],[106.1328735350001,12.052917480000133],[106.13269043000014,12.04992675800014],[106.13330078100006,12.046081543000014],[106.13629150399998,12.048278809000124],[106.13671875000017,12.05187988299997],[106.13989257800006,12.04907226600011],[106.14331054700017,12.052124023000147],[106.14672851600005,12.054321289000029],[106.14831543000008,12.051696777000132],[106.15032959000013,12.048706055000139],[106.1541137700001,12.048278809000124],[106.15588378900009,12.04492187500017],[106.15771484400011,12.040710449000073],[106.1624755860002,12.04211425800014],[106.16571044900007,12.038085937000176],[106.16967773400017,12.036926270000038],[106.17272949200009,12.034912109000118],[106.17230224600007,12.030517578000058],[106.17608642600015,12.027526855000133],[106.17907714799998,12.02392578100006],[106.17968750000006,12.019287109000118],[106.17669677700013,12.016906738000102],[106.17987060500019,12.015319824000073],[106.18109130900012,12.010314941000104],[106.17968750000006,12.005493164000029],[106.17590332000015,12.002929687000119],[106.1751098630001,11.99829101600011],[106.17150878900003,11.99670410200008],[106.17089843700018,11.992492676000097],[106.17071533200004,11.989074707000043],[106.17089843700018,11.986083984000118],[106.17150878900003,11.981689453000058],[106.17407226600017,11.978698730000133],[106.17449951200012,11.975524902000075],[106.17407226600017,11.971313477000024],[106.171875,11.969299316000104],[106.16888427700013,11.969726562000119],[106.16711425800014,11.966674805000082],[106.17230224600007,11.96569824200003],[106.17547607400013,11.963684081999986],[106.17370605500014,11.96032714800009],[106.17651367200017,11.956115723000039],[106.17968750000006,11.953125000000114],[106.18310546900017,11.954284668000184],[106.18652343700018,11.956726074000187],[106.188476562,11.961120605000076],[106.19171142600015,11.962524414000143],[106.1951293950001,11.964721680000082],[106.19647216800007,11.967712402000075],[106.1992797850001,11.96850585900006],[106.19970703100012,11.965087891000053],[106.203125,11.96569824200003],[106.20672607400007,11.966125488000046],[106.21112060500019,11.964904785000044],[106.21472168000014,11.963928223000039],[106.21868896500001,11.96228027300009],[106.22113037100007,11.958129883000083],[106.22509765600012,11.957519531],[106.22790527299998,11.958679199000073],[106.23089599600007,11.96032714800009],[106.23327636700014,11.963317871000186],[106.23608398400017,11.965881348000096],[106.24047851600017,11.963500977000024],[106.24230957000015,11.959289551000097],[106.24670410200014,11.958496094000111],[106.2493286130001,11.956481934000067],[106.25311279300007,11.954284668000184],[106.2559204100001,11.953674316000104],[106.2589111330002,11.955688477000024],[106.26391601600017,11.954284668000184],[106.269287109,11.95507812500017],[106.27429199200014,11.954711913999972],[106.27709960900017,11.956298828],[106.28088378900014,11.95507812500017],[106.28247070300017,11.958496094000111],[106.28588867200006,11.960510254000098],[106.28833007800012,11.95788574200003],[106.29168701200001,11.95892334000007],[106.29547119100005,11.95892334000007],[106.2987060550002,11.961486816000104],[106.3035278320001,11.96289062500017],[106.30810546900005,11.963684081999986],[106.3132934570001,11.963928223000039],[106.31787109400005,11.96228027300009],[106.32232666000016,11.96228027300009],[106.32672119100005,11.96069335900006],[106.33007812500011,11.96032714800009],[106.33331298799999,11.959716797000112],[106.33911132800017,11.957702637000068],[106.34271240200019,11.955871581999986],[106.34729003900014,11.954284668000184],[106.35028076200007,11.951904297000112],[106.35351562500011,11.949890137000068],[106.35668945300017,11.952087402000075],[106.36029052700007,11.953491211000141],[106.36291503900014,11.954895020000038],[106.36547851600005,11.953674316000104],[106.36828613300008,11.951293945000089],[106.37207031200012,11.952880859000118],[106.3753051760001,11.95452880900001],[106.37890625000011,11.955322266000053],[106.3817138670002,11.957092285000044],[106.38452148400006,11.959289551000097],[106.38531494100005,11.963684081999986],[106.38830566400014,11.966308594000111],[106.39093017600004,11.96789550800014],[106.39331054700011,11.971130371000186],[106.39788818400007,11.973083496000015],[106.39971923800005,11.977294922000112],[106.40350341800013,11.977294922000112],[106.40771484400005,11.97631835900006],[106.41107177700007,11.97509765600006],[106.41387939500004,11.97351074200003],[106.46551513700012,11.871520996000129],[106.4658813480001,11.86749267600004],[106.46209716800018,11.865905762000011],[106.45788574200009,11.864501953000115],[106.45489502000004,11.865478516000053],[106.45111084000013,11.865478516000053],[106.44787597700008,11.866088866999974],[106.44647216800018,11.862915039000086],[106.44531250000017,11.859924316],[106.44189453100006,11.858520508000026],[106.43969726600005,11.855529785000101],[106.4390869140002,11.852111816000047],[106.4403076170002,11.849121094],[106.44067382800006,11.84490966800007],[106.4392700200001,11.839721679999968],[106.44128418000008,11.835083008000083],[106.44348144500009,11.833129883000026],[106.4456787110002,11.830505371000129],[106.4470825200001,11.826904297000056],[106.44671630900007,11.822692871000129],[106.4439086910001,11.819885254000098],[106.44128418000008,11.818115234000174],[106.44067382800006,11.815124512000182],[106.43829345699999,11.8125],[106.43670654300018,11.809692383000026],[106.43469238300014,11.807495117000144],[106.43347168000014,11.804077148000033],[106.43408203100006,11.800903320000145],[106.4312744140002,11.797485352000137],[106.42907714800015,11.794128418000014],[106.42712402300009,11.791503906000116],[106.4260864260001,11.787475586000085],[106.42370605500008,11.783874512000182],[106.4215087890002,11.782104492000087],[106.41967773400012,11.778686523000033],[106.41729736300005,11.774475097999982],[106.41711425800008,11.76947021500007],[106.4151000980001,11.766296387000182],[106.41711425800008,11.76391601600011],[106.41650390600006,11.76007080100004],[106.41870117200011,11.758300781000116],[106.41967773400012,11.754882812],[106.42010498000013,11.751525878999985],[106.42108154300018,11.74829101600011],[106.42248535200008,11.744873047000056],[106.42291259800004,11.741699219000168],[106.4227294920002,11.738708496000072],[106.42510986300005,11.736083984000174],[106.42749023400012,11.732299805000139],[106.42791748000008,11.728088379000042],[106.42950439500004,11.725524902000132],[106.43212890600006,11.722290039000086],[106.43469238300014,11.718505859000118],[106.4348754880001,11.714477539000086],[106.43750000000017,11.712707520000095],[106.43890380900007,11.709472656000116],[106.43951416000004,11.705078125000057],[106.44329834000013,11.701721191000104],[106.44592285200002,11.698303223000096],[106.44891357400007,11.696899414000029],[106.45129394500009,11.693298340000183],[106.45367431600016,11.689514160000044],[106.4534912110002,11.683288574000073],[106.45288085900012,11.677490234000118],[106.45269775400016,11.673095703000058],[106.4505004880001,11.670715331999986],[106.44732666000004,11.67047119100016],[106.44372558600014,11.670104980000133],[106.44012451200007,11.669494629000155],[106.43548584000013,11.66992187500017],[106.43170166000004,11.671508789000029],[106.42852783200016,11.672912598000096],[106.42687988300014,11.67712402300009],[106.42230224600019,11.677673340000183],[106.41888427700007,11.67828369100016],[106.4151000980001,11.678527831999986],[106.41247558600014,11.680908203000058],[106.4097290040001,11.683898926000154],[106.40667724600019,11.685913085999971],[106.40429687500017,11.6875],[106.40148925800014,11.689880371000072],[106.39788818400007,11.691894531000116],[106.39251709000007,11.692687988000102],[106.38928222700002,11.693908691000104],[106.38671875000011,11.696289062000176],[106.38287353500004,11.696899414000029],[106.37908935500008,11.696105957000043],[106.3753051760001,11.696289062000176],[106.37188720700016,11.696716309000067],[106.36853027300003,11.696716309000067],[106.3638916020002,11.695129395000038],[106.36047363300008,11.693725585999971],[106.35711669900019,11.692321777000075],[106.35272216800013,11.689086914000029],[106.34930419900019,11.68627929700017],[106.3452758790001,11.685302734000118],[106.34112548800016,11.682678223000096],[106.33630371100008,11.681274414000029],[106.3342895510001,11.683715820000089],[106.3341064450002,11.687927246000186],[106.33007812500011,11.686706543000184],[106.3276977540001,11.683105469000111],[106.32427978500016,11.681274414000029],[106.32171630900018,11.680114746000015],[106.31927490200007,11.678100585999971],[106.31732177700019,11.675720215000126],[106.31390380900018,11.674499512000125],[106.30889892600004,11.67407226600011],[106.30371093700006,11.673889160000044],[106.29809570300012,11.673889160000044],[106.2974853520002,11.677917480000133],[106.29772949200014,11.681701660000044],[106.29431152300003,11.685302734000118],[106.29229736300016,11.6875],[106.29028320300017,11.68969726600011],[106.28771972700014,11.692077637000125],[106.2852783200002,11.694274902000132],[106.2830810550002,11.696289062000176],[106.28027343700006,11.698913574000073],[106.27770996100008,11.700927734000118],[106.27252197300015,11.704711914000029],[106.2703247070001,11.706481934000124],[106.27148437500011,11.710327148000147],[106.2722778320001,11.71350097700008],[106.26971435500019,11.714904785000044],[106.26812744100016,11.71789550799997],[106.26629638700018,11.720520020000095],[106.26208496100008,11.723693848000153],[106.25750732400013,11.724670410000101],[106.2534790040001,11.725891113000102],[106.25030517600004,11.727905273000147],[106.24670410200014,11.728088379000042],[106.24407959000007,11.726928710999971],[106.24090576200018,11.727478027000132],[106.23669433600008,11.729309082000043],[106.23229980500014,11.73071289100011],[106.22912597700008,11.731506348000096],[106.22589111300016,11.731506348000096],[106.22167968700006,11.72967529300007],[106.2166748050002,11.728271484000174],[106.21331787100007,11.72869873000019],[106.20947265600017,11.73071289100011],[106.20550537100007,11.733276367000087],[106.20172119100016,11.73687744100016],[106.19769287100007,11.739501953000058],[106.1951293950001,11.742492675999983],[106.19451904300018,11.747924805000139],[106.19268798800016,11.752075195000145],[106.18927002000015,11.753906250000057],[106.1846923830002,11.752075195000145],[106.1817016600001,11.74829101600011],[106.17889404300001,11.747497559000124],[106.17547607400013,11.747924805000139],[106.17047119100016,11.747924805000139],[106.16650390600012,11.746887207000043],[106.16333007800006,11.74468994100016],[106.16088867200017,11.741271973000153],[106.15728759800015,11.73852539100011],[106.153076172,11.737121582000043],[106.14892578100006,11.738281250000057],[106.14550781200018,11.740478516000167],[106.14129638700012,11.74188232400013],[106.1383056640002,11.743896484000174],[106.13452148400012,11.744323730000133],[106.13110351600011,11.745483397999976],[106.1262817380001,11.745300293000014],[106.12231445300006,11.744873047000056],[106.11889648400012,11.743286133000026],[106.11590576200012,11.74291992200017],[106.11248779300018,11.744079590000013],[106.10827636700009,11.745910645000095],[106.10412597700002,11.747924805000139],[106.10229492200017,11.751525878999985],[106.10150146500013,11.754272461000085],[106.0986938480001,11.755920410000101],[106.09472656200012,11.756896973000153],[106.09289550800014,11.762512207000043],[106.09008789100011,11.765502930000139],[106.08709716800018,11.76672363299997],[106.08447265600006,11.76788330100004],[106.08148193400007,11.769897461000028],[106.07812500000017,11.770874023000033],[106.07470703100006,11.772521973000153],[106.07147216800018,11.774291992000144],[106.06811523400006,11.776489258000026],[106.06372070300017,11.776306152000132],[106.05932617200011,11.775695800999983],[106.05487060500013,11.774902344000168],[106.05072021500007,11.774475097999982],[106.04687500000017,11.776123047],[106.04168701200007,11.778076172000056],[106.03747558600014,11.77667236300016],[106.03228759800004,11.775329590000183],[106.02709960900006,11.77508544900013],[106.02410888700007,11.775329590000183],[106.0220947270002,11.773071289000086],[106.01971435500008,11.771118164000086],[106.01708984400005,11.76788330100004],[106.01531982400019,11.765686035000101],[106.01367187500017,11.762084961000028],[106.01287841800013,11.758483887000182],[106.01208496100014,11.755676270000151],[106.01110839800009,11.752929687000176],[106.01068115200007,11.748901367000087],[106.01190185500008,11.745910645000095],[106.01330566400014,11.742675781000116],[106.01470947300004,11.7390747070001],[106.01593017600004,11.734680175999983],[106.01611328100017,11.729492187000176],[106.01470947300004,11.726501465000183],[106.0123291020002,11.724487305000139],[106.0100708010001,11.722717285000044],[106.00811767600004,11.718505859000118],[106.00671386700014,11.714111328000058],[106.00610351600005,11.711303711000028],[106.00488281200012,11.708312988000102],[106.0034790040001,11.704895020000095],[106.00067138700007,11.702697753999985],[105.99688720700016,11.702880859000118],[105.99432373000008,11.701721191000104],[105.99127197300004,11.699279785000101],[105.9888916020002,11.696899414000029],[105.98669433600008,11.694885253999985],[105.98370361299999,11.693298340000183],[105.98150634800004,11.690307617000087],[105.9780883790001,11.686096191000104],[105.98052978500016,11.680908203000058],[105.98187255900001,11.67687988299997],[105.9822998050002,11.673095703000058],[105.98211669900019,11.669128418000128],[105.98028564499998,11.666320801000097],[105.97650146500007,11.664489746000015],[105.97351074200014,11.66210937500017],[105.97210693400018,11.659484863000102],[105.97009277300003,11.656921387000068],[105.96728515600017,11.653930663999972],[105.96429443400018,11.65148925800014],[105.9605102540001,11.647705078],[105.95727539100005,11.64367675800014],[105.95330810500002,11.640686035000044],[105.9490966800002,11.64111328100006],[105.94628906200006,11.641906738000046],[105.9434814450002,11.642517090000126],[105.93988037100013,11.64392089800009],[105.93511962900004,11.645324707000157],[105.93188476600017,11.646728516000053],[105.92907714800003,11.647888184000067],[105.92547607400019,11.64929199200003],[105.92291259800015,11.650695801000097],[105.91992187500006,11.653320312000119],[105.91668701200018,11.655273437000176],[105.91430664100017,11.656921387000068],[105.91088867200006,11.659118652000075],[105.90728759799998,11.661315918000184],[105.90447998000002,11.663513184000067],[105.901123047,11.666320801000097],[105.89752197300015,11.67047119100016],[105.89447021500007,11.673278809000124],[105.89147949200014,11.675903320000089],[105.88787841800007,11.677307129000155],[105.88470459000018,11.67712402300009],[105.88031005900012,11.675109863000102],[105.87652587900004,11.67407226600011],[105.87390136700009,11.671081543000184],[105.86968994100016,11.670715331999986],[105.86608886700014,11.669128418000128],[105.86352539100011,11.667480469000111],[105.86029052700013,11.666687012000125],[105.85589599600007,11.66467285200008],[105.85308837900004,11.662719727000024],[105.84991455100015,11.659729004000155],[105.84710693400012,11.656311035000044],[105.8441162110002,11.651123047000112],[105.8411254880001,11.648315430000082],[105.83728027299998,11.646484375],[105.83691406200018,11.641296387000125],[105.83673095700004,11.637329102000024],[105.8363037110002,11.633911133000083],[105.83471679700017,11.630920409999987],[105.83312988300014,11.62768554700017],[105.83190918000014,11.624694824000073],[105.82910156200018,11.621520996000186],[105.82470703100012,11.619506836000141],[105.82012939500004,11.620117187000119],[105.81652832000009,11.619506836000141],[105.81268310500019,11.619689941000104],[105.81011962900016,11.61828613300014],[105.811279297,11.615112305000082],[105.81188964800015,11.612121582000157],[105.81311035200008,11.60913085900006],[105.81188964800015,11.60607910200008],[105.8109130860002,11.603271484000118],[105.80950927700013,11.599487305000082],[105.80688476600011,11.603271484000118],[105.80407714800015,11.605285645000038],[105.8013305660001,11.605895996000186],[105.79852294900007,11.606506348000039],[105.79571533200004,11.607727051000097],[105.79412841800018,11.610290527000075],[105.79327392600015,11.613891602000024],[105.78991699200003,11.616699219000111],[105.78967285200008,11.620910645000038],[105.78588867200017,11.623718262000068],[105.78308105500014,11.62670898400006],[105.78027343700018,11.627929687000119],[105.7789306640002,11.631286621000015],[105.77508544900007,11.633911133000083],[105.77471923800005,11.637695312000119],[105.77008056600016,11.64111328100006],[105.76788330100015,11.646118163999972],[105.7669067380001,11.650695801000097],[105.7647094730001,11.652893066000104],[105.76708984400011,11.655090332000043],[105.76507568400012,11.65930175800014],[105.76489257800006,11.663879395000095],[105.76251220699999,11.668090820000089],[105.75848388700012,11.669494629000155],[105.75750732400007,11.673522949000073],[105.75592041000004,11.677917480000133],[105.75189209000013,11.67987060500019],[105.7490844730001,11.681701660000044],[105.74591064500004,11.682922363000046],[105.74230957000009,11.685913085999971],[105.73968505900007,11.688476562000176],[105.73651123000013,11.691101074000073],[105.7327270510001,11.693115234000118],[105.73168945300006,11.699096680000139],[105.7313232420002,11.702270508000026],[105.7301025390002,11.704895020000095],[105.72869873000013,11.707885742000087],[105.72729492200011,11.710693359000118],[105.72552490200007,11.71350097700008],[105.72387695300006,11.717285156000116],[105.72167968700012,11.721496582000043],[105.72027587900016,11.725097656000116],[105.71649169900007,11.728271484000174],[105.71368408199999,11.730895996000072],[105.71032714800009,11.734130859000118],[105.70672607400019,11.73748779300007],[105.70452880900018,11.739685059000124],[105.70129394500009,11.742492675999983],[105.6981201170002,11.74291992200017],[105.69470214800009,11.742492675999983],[105.68792724600013,11.741271973000153],[105.68408203100006,11.740722656000116],[105.68072509800004,11.740478516000167],[105.67572021500007,11.740722656000116],[105.67132568400018,11.739685059000124],[105.6682739260001,11.738708496000072],[105.66467285200002,11.739685059000124],[105.66052246100008,11.740722656000116],[105.65631103500016,11.742492675999983],[105.65307617200011,11.74291992200017],[105.6492919920002,11.743530273000147],[105.6441040040001,11.743713378999985],[105.63952636700014,11.743286133000026],[105.63592529300007,11.743286133000026],[105.63171386700014,11.74291992200017],[105.62829589800003,11.74291992200017],[105.62408447300004,11.743103027000132],[105.61987304700011,11.742492675999983],[105.61529541000016,11.743286133000026],[105.61132812500006,11.744323730000133],[105.60791015600017,11.744873047000056],[105.6030883790001,11.745300293000014],[105.59887695300017,11.745300293000014],[105.594726562,11.745300293000014],[105.58911132800012,11.746093750000057],[105.58508300800008,11.747070312],[105.58111572300015,11.74829101600011],[105.577880859,11.749084473000153],[105.57507324200014,11.751098633000026],[105.5684814450002,11.749084473000153],[105.5623168950001,11.749328613000102],[105.55731201200018,11.74969482400013],[105.55230712900004,11.750305176000154],[105.54907226600017,11.750305176000154],[105.54632568400012,11.75128173800016],[105.54327392600004,11.751708984000118],[105.53967285200014,11.751708984000118],[105.53509521500001,11.752319336000028],[105.53112793000014,11.754272461000085],[105.52807617200006,11.755920410000101],[105.52331543000014,11.755920410000101],[105.5186767580002,11.755310059000124],[105.51409912100007,11.75610351600011],[105.510498047,11.757690429999968],[105.50610351600011,11.759887695000145],[105.50170898400012,11.76232910200008],[105.49829101600011,11.763305664000086],[105.49511718700018,11.763671875000057],[105.49072265600012,11.763305664000086],[105.48590087900004,11.763488770000095],[105.48132324200009,11.764099121000072],[105.47827148400017,11.764099121000072],[105.47509765600012,11.764526367000087],[105.47070312500006,11.764709473000153],[105.46691894500009,11.765319824000073],[105.46368408200004,11.765502930000139],[105.46069335900012,11.765075684000124],[105.45751953100006,11.76232910200008],[105.45452880900007,11.759704590000183],[105.45111084000013,11.757080078000115],[105.44732666000004,11.755126953000058],[105.44232177700007,11.755676270000151],[105.43811035200008,11.75909423800016],[105.43389892600015,11.762084961000028],[105.43127441400003,11.763488770000095],[105.42730712900016,11.765930176000154],[105.42449951200012,11.76812744100016],[105.42230224600002,11.770507812000176],[105.41888427700013,11.772521973000153],[105.41870117200017,11.776916504000042],[105.41687011700009,11.779296875000057],[105.4151000980001,11.784118652000132],[105.41448974600002,11.788696289000086],[105.4124755860002,11.792724609000174],[105.40747070300006,11.794128418000014],[105.41052246100014,11.796875000000114],[105.41333007800017,11.80010986300016],[105.41528320300006,11.802307129000042],[105.41528320300006,11.8054809570001],[105.41430664100005,11.809692383000026],[105.41351318400007,11.813476562000062],[105.41271972700002,11.817871094000054],[105.41589355500008,11.821289062000062],[105.41912841800013,11.823486328000115],[105.41870117200017,11.827697754000042],[105.42211914100005,11.828674316000047],[105.42492675800014,11.82928466800007],[105.4281005860002,11.830078125000114],[105.43310546900011,11.831115723000153],[105.43811035200008,11.832092285000158],[105.44152832000009,11.832702637000182],[105.44427490200013,11.833496094000054],[105.4468994140002,11.836303711000085],[105.4470825200001,11.839477539000143],[105.44769287100007,11.843322754000042],[105.4483032230001,11.847717285000101],[105.44909668000014,11.853088379000098],[105.45007324200009,11.86151123000002],[105.44989013700012,11.865295410000158],[105.45111084000013,11.869506836000085],[105.45190429700017,11.872680664000143],[105.4534912110002,11.876281738000046],[105.45367431600016,11.881530762000182],[105.45367431600016,11.88592529300007],[105.4534912110002,11.890319824000187],[105.45587158200004,11.891906737999989],[105.45910644500009,11.893920898000033],[105.46368408200004,11.898071288999972],[105.46691894500009,11.90087890600006],[105.46368408200004,11.904296875000114],[105.4600830080002,11.907897949000187],[105.4570922850001,11.91149902300009],[105.4548950200001,11.913696289000143],[105.45947265600012,11.918884277000075],[105.46368408200004,11.926879883000083],[105.46667480500014,11.935485840000126],[105.46832275400016,11.941284180000082],[105.46929931600016,11.946472168000184],[105.47027587900004,11.952087402000075],[105.47027587900004,11.95788574200003],[105.47027587900004,11.964294434000067],[105.4705200200001,11.971496581999986],[105.4705200200001,11.978881835999971],[105.47113037100002,11.984313965000126],[105.47088623000019,11.989074707000043],[105.47113037100002,11.99328613300014],[105.47131347700008,11.997314453],[105.47149658200004,12.00109863300014],[105.47308349600007,12.003479003999985],[105.47149658200004,12.007690430000082],[105.47229003900009,12.013305664000029],[105.47290039100011,12.017883301000154],[105.4746704100001,12.020874023000147],[105.47631835900012,12.02368164100011],[105.478515625,12.027099609000118],[105.47967529300007,12.029724121000186],[105.48107910200014,12.032287598000096],[105.48309326200012,12.034912109000118],[105.48571777300015,12.038696289000029],[105.48712158200004,12.034912109000118],[105.49072265600012,12.024719238000046],[105.50067138700018,12.030883789000029],[105.5037231450001,12.031921387000125],[105.51849365200013,12.031677246000072],[105.52270507800012,12.030700684000067],[105.52630615200013,12.030883789000029],[105.52947998000019,12.031311035000044],[105.5369262700001,12.033874512000125],[105.54168701200018,12.03991699200003],[105.54449462900004,12.043884277000132],[105.54687500000011,12.050109863000102],[105.54772949200009,12.053100586000028],[105.54827880900018,12.056274414000086],[105.54791259800015,12.05969238299997],[105.54650878900009,12.06268310500019],[105.54449462900004,12.066711426000154],[105.5421142580002,12.070129395000038],[105.54052734400017,12.073486328000058],[105.5391235350001,12.076721191000104],[105.53747558600008,12.07928466800007],[105.53649902300003,12.082092285000101],[105.53509521500001,12.086120605000133],[105.5343017580002,12.089111328000058],[105.53387451200018,12.093322753999985],[105.53228759800015,12.097473145000151],[105.53051757800006,12.101928711000028],[105.5300903320001,12.105895996000072],[105.53051757800006,12.110473633000026],[105.52990722700014,12.115295410000101],[105.53167724600013,12.118286133000026],[105.53228759800015,12.122314453000058],[105.53332519500015,12.12750244100016],[105.53411865200013,12.131286621000129],[105.53411865200013,12.134704590000013],[105.5343017580002,12.139099121000072],[105.53472900400004,12.14288330100004],[105.53527832000015,12.1472778320001],[105.53570556600016,12.15252685500019],[105.53607177700019,12.156127930000139],[105.53649902300003,12.159912109000174],[105.5369262700001,12.164123535000101],[105.53887939500015,12.16912841800007],[105.53967285200014,12.174316406000116],[105.54107666000016,12.178283691000047],[105.53948974600013,12.181701660000158],[105.53887939500015,12.18548584000007],[105.53851318400012,12.18890380900018],[105.53808593700006,12.192321777000188],[105.5369262700001,12.19708251999998],[105.53588867200006,12.201721191],[105.53527832000015,12.206115722999982],[105.5355224610002,12.211303711000085],[105.53649902300003,12.214721680000025],[105.5369262700001,12.218872070000032],[105.5369262700001,12.223693848000039],[105.53771972700014,12.229125976999967],[105.53887939500015,12.23431396500007],[105.53967285200014,12.237915039000143],[105.54071044900013,12.241516112999989],[105.54168701200018,12.246093750000114],[105.54272460900017,12.249511719000054],[105.54388427700019,12.253479004000098],[105.54492187500006,12.256896973000039],[105.54632568400012,12.259887695000032],[105.54772949200009,12.262878418000128],[105.54931640600012,12.26593017600004],[105.55169677700019,12.269714355000076],[105.55468750000011,12.27429199200003],[105.55688476600017,12.27709960900006],[105.55908203100017,12.279907227000024],[105.5620727540001,12.282470703],[105.56567382800012,12.286071777000075],[105.57067871100008,12.28991699200003],[105.57647705100004,12.292480469000111],[105.58007812500011,12.295471191000104],[105.58367919900019,12.297302246000186],[105.58752441400009,12.298889160000044],[105.61071777300003,12.300476074000073],[105.62109375000011,12.298706055000082],[105.63470459000007,12.293273926000097],[105.63732910200014,12.292114258000083],[105.64172363300003,12.288696288999972]]]}}]}